cell,variant,replica,completed,delivered_bytes,fct_us,goodput_bps,retransmits,rto_events,drops,ce_marks,qdelay_p50_us,qdelay_p95_us,qdelay_p99_us
rtt5_loss0_bw10,edgecc,0,true,4194304,3951764,1061375,721,0,721,0,3008,3121,3504
rtt5_loss0_bw10,edgecc,1,true,4194304,3951764,1061375,721,0,721,0,3008,3121,3504
rtt5_loss0_bw10,edgecc,2,true,4194304,3951764,1061375,721,0,721,0,3008,3121,3504
rtt5_loss0_bw10,edgecc_no_prand,0,true,4194304,3951764,1061375,721,0,721,0,3008,3121,3504
rtt5_loss0_bw10,edgecc_no_prand,1,true,4194304,3951764,1061375,721,0,721,0,3008,3121,3504
rtt5_loss0_bw10,edgecc_no_prand,2,true,4194304,3951764,1061375,721,0,721,0,3008,3121,3504
rtt5_loss0_bw10,edgecc_loss_blind,0,true,4194304,3951764,1061375,721,0,721,0,3008,3121,3504
rtt5_loss0_bw10,edgecc_loss_blind,1,true,4194304,3951764,1061375,721,0,721,0,3008,3121,3504
rtt5_loss0_bw10,edgecc_loss_blind,2,true,4194304,3951764,1061375,721,0,721,0,3008,3121,3504
rtt5_loss0_bw10,edgecc_prior,0,true,4194304,4880644,859375,860,1,860,0,2768,3136,3504
rtt5_loss0_bw10,edgecc_prior,1,true,4194304,4880644,859375,860,1,860,0,2768,3136,3504
rtt5_loss0_bw10,edgecc_prior,2,true,4194304,4880644,859375,860,1,860,0,2768,3136,3504
rtt5_loss0_bw10,bbr3ref,0,true,4194304,5806336,722366,1137,11,815,0,3008,3008,3008
rtt5_loss0_bw10,bbr3ref,1,true,4194304,5806336,722366,1137,11,815,0,3008,3008,3008
rtt5_loss0_bw10,bbr3ref,2,true,4194304,5806336,722366,1137,11,815,0,3008,3008,3008
rtt5_loss0_bw10,lossblindref,0,true,4194304,3951764,1061375,721,0,721,0,3008,3121,3504
rtt5_loss0_bw10,lossblindref,1,true,4194304,3951764,1061375,721,0,721,0,3008,3121,3504
rtt5_loss0_bw10,lossblindref,2,true,4194304,3951764,1061375,721,0,721,0,3008,3121,3504
rtt5_loss0_bw10,cubicref,0,true,4194304,5428528,772641,5148,8,2392,0,3008,3008,3008
rtt5_loss0_bw10,cubicref,1,true,4194304,5428528,772641,5148,8,2392,0,3008,3008,3008
rtt5_loss0_bw10,cubicref,2,true,4194304,5428528,772641,5148,8,2392,0,3008,3008,3008
rtt5_loss0_bw10,newrenoref,0,true,4194304,5429476,772506,3824,8,1936,0,3008,3008,3008
rtt5_loss0_bw10,newrenoref,1,true,4194304,5429476,772506,3824,8,1936,0,3008,3008,3008
rtt5_loss0_bw10,newrenoref,2,true,4194304,5429476,772506,3824,8,1936,0,3008,3008,3008
rtt5_loss0_bw100,edgecc,0,true,4194304,1006353,4167825,161,1,147,0,576,3956,3960
rtt5_loss0_bw100,edgecc,1,true,4194304,1006353,4167825,161,1,147,0,576,3956,3960
rtt5_loss0_bw100,edgecc,2,true,4194304,1006353,4167825,161,1,147,0,576,3956,3960
rtt5_loss0_bw100,edgecc_no_prand,0,true,4194304,1006353,4167825,161,1,147,0,576,3956,3960
rtt5_loss0_bw100,edgecc_no_prand,1,true,4194304,1006353,4167825,161,1,147,0,576,3956,3960
rtt5_loss0_bw100,edgecc_no_prand,2,true,4194304,1006353,4167825,161,1,147,0,576,3956,3960
rtt5_loss0_bw100,edgecc_loss_blind,0,true,4194304,1006353,4167825,161,1,147,0,576,3956,3960
rtt5_loss0_bw100,edgecc_loss_blind,1,true,4194304,1006353,4167825,161,1,147,0,576,3956,3960
rtt5_loss0_bw100,edgecc_loss_blind,2,true,4194304,1006353,4167825,161,1,147,0,576,3956,3960
rtt5_loss0_bw100,edgecc_prior,0,true,4194304,1109363,3780821,264,1,238,0,117,3956,3960
rtt5_loss0_bw100,edgecc_prior,1,true,4194304,1109363,3780821,264,1,238,0,117,3956,3960
rtt5_loss0_bw100,edgecc_prior,2,true,4194304,1109363,3780821,264,1,238,0,117,3956,3960
rtt5_loss0_bw100,bbr3ref,0,true,4194304,14611042,287063,33185,35,2169,0,3956,3956,3958
rtt5_loss0_bw100,bbr3ref,1,true,4194304,14611042,287063,33185,35,2169,0,3956,3956,3958
rtt5_loss0_bw100,bbr3ref,2,true,4194304,14611042,287063,33185,35,2169,0,3956,3956,3958
rtt5_loss0_bw100,lossblindref,0,true,4194304,1006353,4167825,161,1,147,0,576,3956,3960
rtt5_loss0_bw100,lossblindref,1,true,4194304,1006353,4167825,161,1,147,0,576,3956,3960
rtt5_loss0_bw100,lossblindref,2,true,4194304,1006353,4167825,161,1,147,0,576,3956,3960
rtt5_loss0_bw100,cubicref,0,true,4194304,2266963,1850186,6934,4,2594,0,3889,3956,3973
rtt5_loss0_bw100,cubicref,1,true,4194304,2266963,1850186,6934,4,2594,0,3889,3956,3973
rtt5_loss0_bw100,cubicref,2,true,4194304,2266963,1850186,6934,4,2594,0,3889,3956,3973
rtt5_loss0_bw100,newrenoref,0,true,4194304,2266569,1850507,6873,4,2582,0,3882,3958,3973
rtt5_loss0_bw100,newrenoref,1,true,4194304,2266569,1850507,6873,4,2582,0,3882,3958,3973
rtt5_loss0_bw100,newrenoref,2,true,4194304,2266569,1850507,6873,4,2582,0,3882,3958,3973
rtt5_loss0_bw1000,edgecc,0,true,4194304,98503,42580469,0,0,0,0,12,12,12
rtt5_loss0_bw1000,edgecc,1,true,4194304,98503,42580469,0,0,0,0,12,12,12
rtt5_loss0_bw1000,edgecc,2,true,4194304,98503,42580469,0,0,0,0,12,12,12
rtt5_loss0_bw1000,edgecc_no_prand,0,true,4194304,98503,42580469,0,0,0,0,12,12,12
rtt5_loss0_bw1000,edgecc_no_prand,1,true,4194304,98503,42580469,0,0,0,0,12,12,12
rtt5_loss0_bw1000,edgecc_no_prand,2,true,4194304,98503,42580469,0,0,0,0,12,12,12
rtt5_loss0_bw1000,edgecc_loss_blind,0,true,4194304,98503,42580469,0,0,0,0,12,12,12
rtt5_loss0_bw1000,edgecc_loss_blind,1,true,4194304,98503,42580469,0,0,0,0,12,12,12
rtt5_loss0_bw1000,edgecc_loss_blind,2,true,4194304,98503,42580469,0,0,0,0,12,12,12
rtt5_loss0_bw1000,edgecc_prior,0,true,4194304,45415,92355036,198,0,198,0,2711,4100,4103
rtt5_loss0_bw1000,edgecc_prior,1,true,4194304,45415,92355036,198,0,198,0,2711,4100,4103
rtt5_loss0_bw1000,edgecc_prior,2,true,4194304,45415,92355036,198,0,198,0,2711,4100,4103
rtt5_loss0_bw1000,bbr3ref,0,true,4194304,2209872,1897985,5236,4,2119,0,4104,4104,4104
rtt5_loss0_bw1000,bbr3ref,1,true,4194304,2209872,1897985,5236,4,2119,0,4104,4104,4104
rtt5_loss0_bw1000,bbr3ref,2,true,4194304,2209872,1897985,5236,4,2119,0,4104,4104,4104
rtt5_loss0_bw1000,lossblindref,0,true,4194304,98503,42580469,0,0,0,0,12,12,12
rtt5_loss0_bw1000,lossblindref,1,true,4194304,98503,42580469,0,0,0,0,12,12,12
rtt5_loss0_bw1000,lossblindref,2,true,4194304,98503,42580469,0,0,0,0,12,12,12
rtt5_loss0_bw1000,cubicref,0,true,4194304,1004012,4177543,670,1,670,0,3524,4100,4100
rtt5_loss0_bw1000,cubicref,1,true,4194304,1004012,4177543,670,1,670,0,3524,4100,4100
rtt5_loss0_bw1000,cubicref,2,true,4194304,1004012,4177543,670,1,670,0,3524,4100,4100
rtt5_loss0_bw1000,newrenoref,0,true,4194304,1004012,4177543,670,1,670,0,3524,4100,4100
rtt5_loss0_bw1000,newrenoref,1,true,4194304,1004012,4177543,670,1,670,0,3524,4100,4100
rtt5_loss0_bw1000,newrenoref,2,true,4194304,1004012,4177543,670,1,670,0,3524,4100,4100
rtt5_loss0.1_bw10,edgecc,0,true,4194304,3970464,1056376,730,0,730,0,3008,3121,3504
rtt5_loss0.1_bw10,edgecc,1,true,4194304,4383250,956893,785,3,782,0,2738,3136,3504
rtt5_loss0.1_bw10,edgecc,2,true,4194304,4146816,1011451,745,1,745,0,3008,3136,3504
rtt5_loss0.1_bw10,edgecc_no_prand,0,true,4194304,3970464,1056376,730,0,730,0,3008,3121,3504
rtt5_loss0.1_bw10,edgecc_no_prand,1,true,4194304,4383250,956893,785,3,782,0,2738,3136,3504
rtt5_loss0.1_bw10,edgecc_no_prand,2,true,4194304,4146816,1011451,745,1,745,0,3008,3136,3504
rtt5_loss0.1_bw10,edgecc_loss_blind,0,true,4194304,3970464,1056376,730,0,730,0,3008,3121,3504
rtt5_loss0.1_bw10,edgecc_loss_blind,1,true,4194304,4383250,956893,785,3,782,0,2738,3136,3504
rtt5_loss0.1_bw10,edgecc_loss_blind,2,true,4194304,4146816,1011451,745,1,745,0,3008,3136,3504
rtt5_loss0.1_bw10,edgecc_prior,0,true,4194304,5520355,759788,873,3,871,0,2768,3136,3504
rtt5_loss0.1_bw10,edgecc_prior,1,true,4194304,5003114,838338,803,3,797,0,2688,3136,3504
rtt5_loss0.1_bw10,edgecc_prior,2,true,4194304,5170792,811153,799,4,793,0,2688,3136,3504
rtt5_loss0.1_bw10,bbr3ref,0,true,4194304,5806336,722366,1081,11,756,0,3008,3008,3008
rtt5_loss0.1_bw10,bbr3ref,1,true,4194304,5806336,722366,1111,11,787,0,3008,3008,3008
rtt5_loss0.1_bw10,bbr3ref,2,true,4194304,5806336,722366,1127,11,804,0,3008,3008,3008
rtt5_loss0.1_bw10,lossblindref,0,true,4194304,3970464,1056376,730,0,730,0,3008,3121,3504
rtt5_loss0.1_bw10,lossblindref,1,true,4194304,4383250,956893,785,3,782,0,2738,3136,3504
rtt5_loss0.1_bw10,lossblindref,2,true,4194304,4146816,1011451,745,1,745,0,3008,3136,3504
rtt5_loss0.1_bw10,cubicref,0,true,4194304,5429476,772506,5149,8,2384,0,3008,3008,3008
rtt5_loss0.1_bw10,cubicref,1,true,4194304,5428528,772641,5148,8,2392,0,3008,3008,3008
rtt5_loss0.1_bw10,cubicref,2,true,4194304,5428386,772661,5149,8,2396,0,3008,3008,3008
rtt5_loss0.1_bw10,newrenoref,0,true,4194304,5429476,772506,3820,8,1931,0,3008,3008,3008
rtt5_loss0.1_bw10,newrenoref,1,true,4194304,5435536,771644,4095,8,2075,0,3008,3008,3008
rtt5_loss0.1_bw10,newrenoref,2,true,4194304,5429476,772506,3796,8,1920,0,3008,3008,3008
rtt5_loss0.1_bw100,edgecc,0,true,4194304,1005031,4173308,243,1,235,0,3840,3956,3966
rtt5_loss0.1_bw100,edgecc,1,true,4194304,431388,9722811,199,0,199,0,3706,3956,3960
rtt5_loss0.1_bw100,edgecc,2,true,4194304,1005683,4170602,110,1,100,0,117,3956,3956
rtt5_loss0.1_bw100,edgecc_no_prand,0,true,4194304,1005031,4173308,243,1,235,0,3840,3956,3966
rtt5_loss0.1_bw100,edgecc_no_prand,1,true,4194304,431388,9722811,199,0,199,0,3706,3956,3960
rtt5_loss0.1_bw100,edgecc_no_prand,2,true,4194304,1005683,4170602,110,1,100,0,117,3956,3956
rtt5_loss0.1_bw100,edgecc_loss_blind,0,true,4194304,1005031,4173308,243,1,235,0,3840,3956,3966
rtt5_loss0.1_bw100,edgecc_loss_blind,1,true,4194304,431388,9722811,199,0,199,0,3706,3956,3960
rtt5_loss0.1_bw100,edgecc_loss_blind,2,true,4194304,1005683,4170602,110,1,100,0,117,3956,3956
rtt5_loss0.1_bw100,edgecc_prior,0,true,4194304,1110168,3778080,267,1,242,0,117,3956,3960
rtt5_loss0.1_bw100,edgecc_prior,1,true,4194304,1109518,3780293,264,1,240,0,117,3956,3960
rtt5_loss0.1_bw100,edgecc_prior,2,true,4194304,1404117,2987147,203,2,176,0,117,3956,3956
rtt5_loss0.1_bw100,bbr3ref,0,true,4194304,14611042,287063,33185,35,2169,0,3956,3956,3958
rtt5_loss0.1_bw100,bbr3ref,1,true,4194304,14611042,287063,33196,35,2159,0,3956,3956,3958
rtt5_loss0.1_bw100,bbr3ref,2,true,4194304,14611042,287063,33208,35,2166,0,3956,3956,3958
rtt5_loss0.1_bw100,lossblindref,0,true,4194304,1005031,4173308,243,1,235,0,3840,3956,3966
rtt5_loss0.1_bw100,lossblindref,1,true,4194304,431388,9722811,199,0,199,0,3706,3956,3960
rtt5_loss0.1_bw100,lossblindref,2,true,4194304,1005683,4170602,110,1,100,0,117,3956,3956
rtt5_loss0.1_bw100,cubicref,0,true,4194304,2266963,1850186,6934,4,2594,0,3889,3956,3973
rtt5_loss0.1_bw100,cubicref,1,true,4194304,2266963,1850186,6934,4,2594,0,3889,3956,3973
rtt5_loss0.1_bw100,cubicref,2,true,4194304,2266963,1850186,6934,4,2594,0,3889,3956,3973
rtt5_loss0.1_bw100,newrenoref,0,true,4194304,2266569,1850507,6873,4,2582,0,3882,3958,3973
rtt5_loss0.1_bw100,newrenoref,1,true,4194304,2266569,1850507,6873,4,2582,0,3882,3958,3973
rtt5_loss0.1_bw100,newrenoref,2,true,4194304,2266569,1850507,6873,4,2582,0,3882,3958,3973
rtt5_loss0.1_bw1000,edgecc,0,true,4194304,113454,36969203,4,0,4,0,12,12,12
rtt5_loss0.1_bw1000,edgecc,1,true,4194304,139263,30117863,5,0,5,0,12,12,12
rtt5_loss0.1_bw1000,edgecc,2,true,4194304,114710,36564414,3,0,3,0,12,12,12
rtt5_loss0.1_bw1000,edgecc_no_prand,0,true,4194304,113454,36969203,4,0,4,0,12,12,12
rtt5_loss0.1_bw1000,edgecc_no_prand,1,true,4194304,139263,30117863,5,0,5,0,12,12,12
rtt5_loss0.1_bw1000,edgecc_no_prand,2,true,4194304,114710,36564414,3,0,3,0,12,12,12
rtt5_loss0.1_bw1000,edgecc_loss_blind,0,true,4194304,113454,36969203,4,0,4,0,12,12,12
rtt5_loss0.1_bw1000,edgecc_loss_blind,1,true,4194304,139263,30117863,5,0,5,0,12,12,12
rtt5_loss0.1_bw1000,edgecc_loss_blind,2,true,4194304,114710,36564414,3,0,3,0,12,12,12
rtt5_loss0.1_bw1000,edgecc_prior,0,true,4194304,1004022,4177502,264,1,263,0,2712,4103,4104
rtt5_loss0.1_bw1000,edgecc_prior,1,true,4194304,1004022,4177502,108,1,108,0,1990,4096,4102
rtt5_loss0.1_bw1000,edgecc_prior,2,true,4194304,46402,90390586,180,0,180,0,2207,4104,4104
rtt5_loss0.1_bw1000,bbr3ref,0,true,4194304,2209872,1897985,5236,4,2119,0,4104,4104,4104
rtt5_loss0.1_bw1000,bbr3ref,1,true,4194304,2209786,1898058,5202,4,2119,0,4104,4104,4104
rtt5_loss0.1_bw1000,bbr3ref,2,true,4194304,2209872,1897985,5236,4,2119,0,4104,4104,4104
rtt5_loss0.1_bw1000,lossblindref,0,true,4194304,113454,36969203,4,0,4,0,12,12,12
rtt5_loss0.1_bw1000,lossblindref,1,true,4194304,139263,30117863,5,0,5,0,12,12,12
rtt5_loss0.1_bw1000,lossblindref,2,true,4194304,114710,36564414,3,0,3,0,12,12,12
rtt5_loss0.1_bw1000,cubicref,0,true,4194304,1069979,3919987,1359,1,1023,0,2096,4100,4100
rtt5_loss0.1_bw1000,cubicref,1,true,4194304,1412108,2970243,3302,2,1931,0,2116,4096,4096
rtt5_loss0.1_bw1000,cubicref,2,true,4194304,1404012,2987370,2447,2,1479,0,422,4095,4095
rtt5_loss0.1_bw1000,newrenoref,0,true,4194304,1069547,3921570,1349,1,1017,0,2108,4100,4100
rtt5_loss0.1_bw1000,newrenoref,1,true,4194304,1412112,2970234,2686,2,1695,0,2538,4098,4100
rtt5_loss0.1_bw1000,newrenoref,2,true,4194304,1404012,2987370,2425,2,1470,0,434,4100,4100
rtt5_loss1_bw10,edgecc,0,true,4194304,4557161,920376,618,7,603,0,1168,3136,3504
rtt5_loss1_bw10,edgecc,1,true,4194304,4769546,879392,605,7,593,0,2032,3121,3504
rtt5_loss1_bw10,edgecc,2,true,4194304,5026935,834366,553,10,532,0,1168,3008,3504
rtt5_loss1_bw10,edgecc_no_prand,0,true,4194304,4557161,920376,618,7,603,0,1168,3136,3504
rtt5_loss1_bw10,edgecc_no_prand,1,true,4194304,4769546,879392,605,7,593,0,2032,3121,3504
rtt5_loss1_bw10,edgecc_no_prand,2,true,4194304,5026935,834366,553,10,532,0,1168,3008,3504
rtt5_loss1_bw10,edgecc_loss_blind,0,true,4194304,4557161,920376,618,7,603,0,1168,3136,3504
rtt5_loss1_bw10,edgecc_loss_blind,1,true,4194304,4769546,879392,605,7,593,0,2032,3121,3504
rtt5_loss1_bw10,edgecc_loss_blind,2,true,4194304,5026935,834366,553,10,532,0,1168,3008,3504
rtt5_loss1_bw10,edgecc_prior,0,true,4194304,5393067,777721,693,8,676,0,2242,3136,3504
rtt5_loss1_bw10,edgecc_prior,1,true,4194304,5902039,710653,696,9,677,0,2032,3136,3504
rtt5_loss1_bw10,edgecc_prior,2,true,4194304,5313522,789364,758,6,746,0,2400,3136,3504
rtt5_loss1_bw10,bbr3ref,0,true,4194304,5806336,722366,886,11,556,0,3008,3008,3008
rtt5_loss1_bw10,bbr3ref,1,true,4194304,5806336,722366,890,11,558,0,3008,3008,3008
rtt5_loss1_bw10,bbr3ref,2,true,4194304,6607504,634778,672,10,374,0,3008,3008,3008
rtt5_loss1_bw10,lossblindref,0,true,4194304,4557161,920376,618,7,603,0,1168,3136,3504
rtt5_loss1_bw10,lossblindref,1,true,4194304,4769546,879392,605,7,593,0,2032,3121,3504
rtt5_loss1_bw10,lossblindref,2,true,4194304,5026935,834366,553,10,532,0,1168,3008,3504
rtt5_loss1_bw10,cubicref,0,true,4194304,5429696,772474,5178,8,2390,0,3008,3008,3008
rtt5_loss1_bw10,cubicref,1,true,4194304,5429696,772474,5163,8,2383,0,3008,3008,3008
rtt5_loss1_bw10,cubicref,2,true,4194304,5430864,772308,5189,8,2381,0,3008,3008,3008
rtt5_loss1_bw10,newrenoref,0,true,4194304,8233200,509437,4262,8,2148,0,3008,3008,3008
rtt5_loss1_bw10,newrenoref,1,true,4194304,5835536,718752,3728,8,1872,0,3008,3008,3008
rtt5_loss1_bw10,newrenoref,2,true,4194304,5415344,774522,3975,7,2175,0,3008,3008,3008
rtt5_loss1_bw100,edgecc,0,true,4194304,1005665,4170677,112,1,102,0,117,3956,3956
rtt5_loss1_bw100,edgecc,1,true,4194304,1004987,4173490,117,1,111,0,117,3956,3956
rtt5_loss1_bw100,edgecc,2,true,4194304,1004117,4177106,63,1,62,0,117,3956,3956
rtt5_loss1_bw100,edgecc_no_prand,0,true,4194304,1005665,4170677,112,1,102,0,117,3956,3956
rtt5_loss1_bw100,edgecc_no_prand,1,true,4194304,1004987,4173490,117,1,111,0,117,3956,3956
rtt5_loss1_bw100,edgecc_no_prand,2,true,4194304,1004117,4177106,63,1,62,0,117,3956,3956
rtt5_loss1_bw100,edgecc_loss_blind,0,true,4194304,1005665,4170677,112,1,102,0,117,3956,3956
rtt5_loss1_bw100,edgecc_loss_blind,1,true,4194304,1004987,4173490,117,1,111,0,117,3956,3956
rtt5_loss1_bw100,edgecc_loss_blind,2,true,4194304,1004117,4177106,63,1,62,0,117,3956,3956
rtt5_loss1_bw100,edgecc_prior,0,true,4194304,1404272,2986817,192,2,171,0,117,3956,3956
rtt5_loss1_bw100,edgecc_prior,1,true,4194304,1804329,2324578,309,3,264,0,1239,3956,3956
rtt5_loss1_bw100,edgecc_prior,2,true,4194304,1404117,2987147,220,2,199,0,117,3956,3956
rtt5_loss1_bw100,bbr3ref,0,true,4194304,14611159,287061,33257,35,2157,0,3956,3956,3958
rtt5_loss1_bw100,bbr3ref,1,true,4194304,15010925,279416,33231,35,2156,0,3956,3956,3958
rtt5_loss1_bw100,bbr3ref,2,true,4194304,14611393,287057,33323,35,2136,0,3956,3956,3956
rtt5_loss1_bw100,lossblindref,0,true,4194304,1005665,4170677,112,1,102,0,117,3956,3956
rtt5_loss1_bw100,lossblindref,1,true,4194304,1004987,4173490,117,1,111,0,117,3956,3956
rtt5_loss1_bw100,lossblindref,2,true,4194304,1004117,4177106,63,1,62,0,117,3956,3956
rtt5_loss1_bw100,cubicref,0,true,4194304,2266963,1850186,6934,4,2594,0,3889,3956,3973
rtt5_loss1_bw100,cubicref,1,true,4194304,2266963,1850186,6934,4,2594,0,3889,3956,3973
rtt5_loss1_bw100,cubicref,2,true,4194304,2604117,1610643,6935,5,2594,0,3889,3956,3973
rtt5_loss1_bw100,newrenoref,0,true,4194304,2266569,1850507,6873,4,2582,0,3882,3958,3973
rtt5_loss1_bw100,newrenoref,1,true,4194304,2266569,1850507,6873,4,2582,0,3882,3958,3973
rtt5_loss1_bw100,newrenoref,2,true,4194304,2604117,1610643,6874,5,2582,0,3882,3958,3973
rtt5_loss1_bw1000,edgecc,0,true,4194304,154655,27120390,26,0,26,0,12,12,12
rtt5_loss1_bw1000,edgecc,1,true,4194304,201326,20833394,34,0,34,0,12,12,12
rtt5_loss1_bw1000,edgecc,2,true,4194304,182709,22956198,31,0,31,0,12,12,12
rtt5_loss1_bw1000,edgecc_no_prand,0,true,4194304,154655,27120390,26,0,26,0,12,12,12
rtt5_loss1_bw1000,edgecc_no_prand,1,true,4194304,201326,20833394,34,0,34,0,12,12,12
rtt5_loss1_bw1000,edgecc_no_prand,2,true,4194304,182709,22956198,31,0,31,0,12,12,12
rtt5_loss1_bw1000,edgecc_loss_blind,0,true,4194304,154655,27120390,26,0,26,0,12,12,12
rtt5_loss1_bw1000,edgecc_loss_blind,1,true,4194304,201326,20833394,34,0,34,0,12,12,12
rtt5_loss1_bw1000,edgecc_loss_blind,2,true,4194304,182709,22956198,31,0,31,0,12,12,12
rtt5_loss1_bw1000,edgecc_prior,0,true,4194304,1004960,4173602,269,1,189,0,2336,4100,4104
rtt5_loss1_bw1000,edgecc_prior,1,true,4194304,1004276,4176445,204,1,181,0,3322,4100,4102
rtt5_loss1_bw1000,edgecc_prior,2,true,4194304,1004600,4175098,238,1,188,0,2446,4100,4104
rtt5_loss1_bw1000,bbr3ref,0,true,4194304,2209786,1898058,5202,4,2119,0,4104,4104,4104
rtt5_loss1_bw1000,bbr3ref,1,true,4194304,2209786,1898058,5202,4,2119,0,4104,4104,4104
rtt5_loss1_bw1000,bbr3ref,2,true,4194304,2604012,1610708,5203,5,2119,0,4104,4104,4104
rtt5_loss1_bw1000,lossblindref,0,true,4194304,154655,27120390,26,0,26,0,12,12,12
rtt5_loss1_bw1000,lossblindref,1,true,4194304,201326,20833394,34,0,34,0,12,12,12
rtt5_loss1_bw1000,lossblindref,2,true,4194304,182709,22956198,31,0,31,0,12,12,12
rtt5_loss1_bw1000,cubicref,0,true,4194304,1429331,2934452,2886,2,1700,0,438,4098,4098
rtt5_loss1_bw1000,cubicref,1,true,4194304,2233869,1877596,3313,3,1933,0,1720,4096,4096
rtt5_loss1_bw1000,cubicref,2,true,4194304,1430329,2932405,3070,2,1802,0,914,4094,4094
rtt5_loss1_bw1000,newrenoref,0,true,4194304,1429325,2934464,2844,2,1680,0,472,4096,4096
rtt5_loss1_bw1000,newrenoref,1,true,4194304,1433067,2926802,3177,2,1870,0,1746,4098,4098
rtt5_loss1_bw1000,newrenoref,2,true,4194304,1429343,2934427,3035,2,1771,0,945,4101,4101
rtt5_loss3_bw10,edgecc,0,true,4194304,6203850,676080,485,13,455,0,1168,3008,3504
rtt5_loss3_bw10,edgecc,1,true,4194304,5649484,742422,532,13,502,0,1168,3008,3504
rtt5_loss3_bw10,edgecc,2,true,4194304,6266566,669314,534,16,499,0,1168,3008,3504
rtt5_loss3_bw10,edgecc_no_prand,0,true,4194304,6203850,676080,485,13,455,0,1168,3008,3504
rtt5_loss3_bw10,edgecc_no_prand,1,true,4194304,5649484,742422,532,13,502,0,1168,3008,3504
rtt5_loss3_bw10,edgecc_no_prand,2,true,4194304,6266566,669314,534,16,499,0,1168,3008,3504
rtt5_loss3_bw10,edgecc_loss_blind,0,true,4194304,6203850,676080,485,13,455,0,1168,3008,3504
rtt5_loss3_bw10,edgecc_loss_blind,1,true,4194304,5649484,742422,532,13,502,0,1168,3008,3504
rtt5_loss3_bw10,edgecc_loss_blind,2,true,4194304,6266566,669314,534,16,499,0,1168,3008,3504
rtt5_loss3_bw10,edgecc_prior,0,true,4194304,6333655,662224,542,14,510,0,1168,3008,3504
rtt5_loss3_bw10,edgecc_prior,1,true,4194304,5649484,742422,526,13,496,0,1168,3008,3504
rtt5_loss3_bw10,edgecc_prior,2,true,4194304,6421051,653211,468,16,430,0,1168,3008,3504
rtt5_loss3_bw10,bbr3ref,0,true,4194304,8606336,487350,615,9,361,0,3008,3008,3008
rtt5_loss3_bw10,bbr3ref,1,true,4194304,6607504,634778,712,11,364,0,3008,3008,3008
rtt5_loss3_bw10,bbr3ref,2,true,4194304,5805168,722512,775,12,431,0,3008,3008,3008
rtt5_loss3_bw10,lossblindref,0,true,4194304,6203850,676080,485,13,455,0,1168,3008,3504
rtt5_loss3_bw10,lossblindref,1,true,4194304,5649484,742422,532,13,502,0,1168,3008,3504
rtt5_loss3_bw10,lossblindref,2,true,4194304,6266566,669314,534,16,499,0,1168,3008,3504
rtt5_loss3_bw10,cubicref,0,true,4194304,5432032,772142,5236,8,2414,0,3008,3008,3008
rtt5_loss3_bw10,cubicref,1,true,4194304,5432032,772142,5198,8,2376,0,3008,3008,3008
rtt5_loss3_bw10,cubicref,2,true,4194304,5805168,722512,5269,9,2422,0,3008,3008,3008
rtt5_loss3_bw10,newrenoref,0,true,4194304,5435536,771644,4231,8,2091,0,3008,3008,3008
rtt5_loss3_bw10,newrenoref,1,true,4194304,5434368,771810,4306,8,2130,0,3008,3008,3037
rtt5_loss3_bw10,newrenoref,2,true,4194304,8605168,487416,4343,9,2155,0,3008,3008,3168
rtt5_loss3_bw100,edgecc,0,true,4194304,1004117,4177106,90,1,89,0,117,858,1719
rtt5_loss3_bw100,edgecc,1,true,4194304,1004690,4174724,127,1,123,0,149,3956,3956
rtt5_loss3_bw100,edgecc,2,true,4194304,1020766,4108976,110,1,98,0,117,434,1517
rtt5_loss3_bw100,edgecc_no_prand,0,true,4194304,1004117,4177106,90,1,89,0,117,858,1719
rtt5_loss3_bw100,edgecc_no_prand,1,true,4194304,1004690,4174724,127,1,123,0,149,3956,3956
rtt5_loss3_bw100,edgecc_no_prand,2,true,4194304,1020766,4108976,110,1,98,0,117,434,1517
rtt5_loss3_bw100,edgecc_loss_blind,0,true,4194304,1004117,4177106,90,1,89,0,117,858,1719
rtt5_loss3_bw100,edgecc_loss_blind,1,true,4194304,1004690,4174724,127,1,123,0,149,3956,3956
rtt5_loss3_bw100,edgecc_loss_blind,2,true,4194304,1020766,4108976,110,1,98,0,117,434,1517
rtt5_loss3_bw100,edgecc_prior,0,true,4194304,1022936,4100260,177,1,162,0,117,3956,3956
rtt5_loss3_bw100,edgecc_prior,1,true,4194304,1404212,2986944,173,2,150,0,117,3956,3956
rtt5_loss3_bw100,edgecc_prior,2,true,4194304,1804117,2324851,226,3,200,0,117,3956,3956
rtt5_loss3_bw100,bbr3ref,0,true,4194304,15404117,272284,33427,36,2102,0,3956,3956,3956
rtt5_loss3_bw100,bbr3ref,1,true,4194304,8604117,487476,9982,20,1188,0,3956,3956,3956
rtt5_loss3_bw100,bbr3ref,2,true,4194304,6604117,635104,5202,15,873,0,3956,3956,3956
rtt5_loss3_bw100,lossblindref,0,true,4194304,1004117,4177106,90,1,89,0,117,858,1719
rtt5_loss3_bw100,lossblindref,1,true,4194304,1004690,4174724,127,1,123,0,149,3956,3956
rtt5_loss3_bw100,lossblindref,2,true,4194304,1020766,4108976,110,1,98,0,117,434,1517
rtt5_loss3_bw100,cubicref,0,true,4194304,2624710,1598006,7202,5,2659,0,3082,3975,3975
rtt5_loss3_bw100,cubicref,1,true,4194304,3804117,1102569,7353,7,2673,0,3868,3974,3975
rtt5_loss3_bw100,cubicref,2,true,4194304,3004117,1396185,7048,6,2637,0,3565,3966,3975
rtt5_loss3_bw100,newrenoref,0,true,4194304,2624614,1598065,7037,5,2639,0,3821,3968,3978
rtt5_loss3_bw100,newrenoref,1,true,4194304,2612073,1605737,7032,5,2644,0,3879,3965,3974
rtt5_loss3_bw100,newrenoref,2,true,4194304,3004117,1396185,7015,6,2623,0,3411,3966,3978
rtt5_loss3_bw1000,edgecc,0,true,4194304,1004214,4176703,90,1,87,0,12,12,12
rtt5_loss3_bw1000,edgecc,1,true,4194304,1004012,4177543,93,1,92,0,12,12,12
rtt5_loss3_bw1000,edgecc,2,true,4194304,1404012,2987370,101,2,95,0,12,12,12
rtt5_loss3_bw1000,edgecc_no_prand,0,true,4194304,1004214,4176703,90,1,87,0,12,12,12
rtt5_loss3_bw1000,edgecc_no_prand,1,true,4194304,1004012,4177543,93,1,92,0,12,12,12
rtt5_loss3_bw1000,edgecc_no_prand,2,true,4194304,1404012,2987370,101,2,95,0,12,12,12
rtt5_loss3_bw1000,edgecc_loss_blind,0,true,4194304,1004214,4176703,90,1,87,0,12,12,12
rtt5_loss3_bw1000,edgecc_loss_blind,1,true,4194304,1004012,4177543,93,1,92,0,12,12,12
rtt5_loss3_bw1000,edgecc_loss_blind,2,true,4194304,1404012,2987370,101,2,95,0,12,12,12
rtt5_loss3_bw1000,edgecc_prior,0,true,4194304,1404012,2987370,269,2,248,0,3872,4100,4100
rtt5_loss3_bw1000,edgecc_prior,1,true,4194304,1004178,4176853,267,1,253,0,3992,4100,4100
rtt5_loss3_bw1000,edgecc_prior,2,true,4194304,1404043,2987304,291,2,268,0,3818,4100,4100
rtt5_loss3_bw1000,bbr3ref,0,true,4194304,2608024,1608230,5063,5,1908,0,4052,4104,4104
rtt5_loss3_bw1000,bbr3ref,1,true,4194304,2604024,1610700,4667,5,1669,0,4100,4104,4104
rtt5_loss3_bw1000,bbr3ref,2,true,4194304,3004012,1396234,4545,6,1616,0,4076,4104,4104
rtt5_loss3_bw1000,lossblindref,0,true,4194304,1004214,4176703,90,1,87,0,12,12,12
rtt5_loss3_bw1000,lossblindref,1,true,4194304,1004012,4177543,93,1,92,0,12,12,12
rtt5_loss3_bw1000,lossblindref,2,true,4194304,1404012,2987370,101,2,95,0,12,12,12
rtt5_loss3_bw1000,cubicref,0,true,4194304,1804012,2324986,3285,3,1912,0,1784,4100,4100
rtt5_loss3_bw1000,cubicref,1,true,4194304,1804012,2324986,3289,3,1918,0,1511,4103,4103
rtt5_loss3_bw1000,cubicref,2,true,4194304,2612109,1605715,3549,4,2029,0,1889,4097,4097
rtt5_loss3_bw1000,newrenoref,0,true,4194304,1804012,2324986,3228,3,1875,0,1466,4094,4094
rtt5_loss3_bw1000,newrenoref,1,true,4194304,1804012,2324986,3136,3,1865,0,1635,4094,4094
rtt5_loss3_bw1000,newrenoref,2,true,4194304,1812112,2314594,3077,3,1875,0,2896,4100,4100
rtt5_loss5_bw10,edgecc,0,true,4194304,8191134,512054,355,16,321,0,1168,3008,3456
rtt5_loss5_bw10,edgecc,1,true,4194304,7810957,536976,444,17,403,0,1168,3008,3504
rtt5_loss5_bw10,edgecc,2,true,4194304,7252777,578303,477,15,446,0,1168,3008,3504
rtt5_loss5_bw10,edgecc_no_prand,0,true,4194304,8191134,512054,355,16,321,0,1168,3008,3456
rtt5_loss5_bw10,edgecc_no_prand,1,true,4194304,7810957,536976,444,17,403,0,1168,3008,3504
rtt5_loss5_bw10,edgecc_no_prand,2,true,4194304,7252777,578303,477,15,446,0,1168,3008,3504
rtt5_loss5_bw10,edgecc_loss_blind,0,true,4194304,8191134,512054,355,16,321,0,1168,3008,3456
rtt5_loss5_bw10,edgecc_loss_blind,1,true,4194304,7810957,536976,444,17,403,0,1168,3008,3504
rtt5_loss5_bw10,edgecc_loss_blind,2,true,4194304,7252777,578303,477,15,446,0,1168,3008,3504
rtt5_loss5_bw10,edgecc_prior,0,true,4194304,8606715,487329,367,18,330,0,1168,3008,3136
rtt5_loss5_bw10,edgecc_prior,1,true,4194304,7142667,587218,366,16,330,0,1168,3008,3389
rtt5_loss5_bw10,edgecc_prior,2,true,4194304,6652579,630477,560,16,527,0,1168,3121,3504
rtt5_loss5_bw10,bbr3ref,0,true,4194304,5807504,722221,745,12,371,0,3008,3008,3504
rtt5_loss5_bw10,bbr3ref,1,true,4194304,6207504,675682,845,13,401,0,3008,3008,3008
rtt5_loss5_bw10,bbr3ref,2,true,4194304,6205168,675937,797,13,399,0,3008,3008,3504
rtt5_loss5_bw10,lossblindref,0,true,4194304,8191134,512054,355,16,321,0,1168,3008,3456
rtt5_loss5_bw10,lossblindref,1,true,4194304,7810957,536976,444,17,403,0,1168,3008,3504
rtt5_loss5_bw10,lossblindref,2,true,4194304,7252777,578303,477,15,446,0,1168,3008,3504
rtt5_loss5_bw10,cubicref,0,true,4194304,5805168,722512,5305,9,2454,0,3008,3008,3168
rtt5_loss5_bw10,cubicref,1,true,4194304,7812176,536893,5267,12,2419,0,3008,3008,3008
rtt5_loss5_bw10,cubicref,2,true,4194304,5433200,771976,5232,8,2397,0,3008,3008,3008
rtt5_loss5_bw10,newrenoref,0,true,4194304,6222925,674008,4280,9,2098,0,3008,3008,3008
rtt5_loss5_bw10,newrenoref,1,true,4194304,5812176,721640,4327,9,2126,0,3008,3008,3008
rtt5_loss5_bw10,newrenoref,2,true,4194304,6223271,673970,4212,9,2066,0,3008,3008,3083
rtt5_loss5_bw100,edgecc,0,true,4194304,1404117,2987147,176,2,161,0,117,1733,2318
rtt5_loss5_bw100,edgecc,1,true,4194304,1004529,4175393,155,1,152,0,117,3371,3956
rtt5_loss5_bw100,edgecc,2,true,4194304,1404418,2986506,164,2,157,0,117,1616,1773
rtt5_loss5_bw100,edgecc_no_prand,0,true,4194304,1404117,2987147,176,2,161,0,117,1733,2318
rtt5_loss5_bw100,edgecc_no_prand,1,true,4194304,1004529,4175393,155,1,152,0,117,3371,3956
rtt5_loss5_bw100,edgecc_no_prand,2,true,4194304,1404418,2986506,164,2,157,0,117,1616,1773
rtt5_loss5_bw100,edgecc_loss_blind,0,true,4194304,1404117,2987147,176,2,161,0,117,1733,2318
rtt5_loss5_bw100,edgecc_loss_blind,1,true,4194304,1004529,4175393,155,1,152,0,117,3371,3956
rtt5_loss5_bw100,edgecc_loss_blind,2,true,4194304,1404418,2986506,164,2,157,0,117,1616,1773
rtt5_loss5_bw100,edgecc_prior,0,true,4194304,1404329,2986696,234,2,215,0,117,3956,3956
rtt5_loss5_bw100,edgecc_prior,1,true,4194304,1404292,2986774,187,2,171,0,117,3956,3956
rtt5_loss5_bw100,edgecc_prior,2,true,4194304,1804117,2324851,251,3,227,0,117,3956,3956
rtt5_loss5_bw100,bbr3ref,0,true,4194304,4604117,910989,2604,10,660,0,3605,3956,3956
rtt5_loss5_bw100,bbr3ref,1,true,4194304,5408468,775506,3401,11,711,0,3839,3956,3956
rtt5_loss5_bw100,bbr3ref,2,true,4194304,6209170,675501,5267,14,867,0,3839,3956,3956
rtt5_loss5_bw100,lossblindref,0,true,4194304,1404117,2987147,176,2,161,0,117,1733,2318
rtt5_loss5_bw100,lossblindref,1,true,4194304,1004529,4175393,155,1,152,0,117,3371,3956
rtt5_loss5_bw100,lossblindref,2,true,4194304,1404418,2986506,164,2,157,0,117,1616,1773
rtt5_loss5_bw100,cubicref,0,true,4194304,2633322,1592780,7063,5,2645,0,3636,3964,3973
rtt5_loss5_bw100,cubicref,1,true,4194304,3020473,1388624,7110,6,2665,0,3878,3966,3976
rtt5_loss5_bw100,cubicref,2,true,4194304,3022568,1387662,6393,5,2637,0,3565,3966,3975
rtt5_loss5_bw100,newrenoref,0,true,4194304,3411989,1229284,6369,6,2640,0,3871,3964,3975
rtt5_loss5_bw100,newrenoref,1,true,4194304,3030661,1383956,6967,6,2646,0,3857,3965,3975
rtt5_loss5_bw100,newrenoref,2,true,4194304,2634871,1591844,7023,5,2623,0,3411,3966,3978
rtt5_loss5_bw1000,edgecc,0,true,4194304,1404264,2986834,173,2,160,0,12,12,12
rtt5_loss5_bw1000,edgecc,1,true,4194304,1084803,3866419,154,1,147,0,12,12,12
rtt5_loss5_bw1000,edgecc,2,true,4194304,1804012,2324986,167,3,155,0,12,12,12
rtt5_loss5_bw1000,edgecc_no_prand,0,true,4194304,1404264,2986834,173,2,160,0,12,12,12
rtt5_loss5_bw1000,edgecc_no_prand,1,true,4194304,1084803,3866419,154,1,147,0,12,12,12
rtt5_loss5_bw1000,edgecc_no_prand,2,true,4194304,1804012,2324986,167,3,155,0,12,12,12
rtt5_loss5_bw1000,edgecc_loss_blind,0,true,4194304,1404264,2986834,173,2,160,0,12,12,12
rtt5_loss5_bw1000,edgecc_loss_blind,1,true,4194304,1084803,3866419,154,1,147,0,12,12,12
rtt5_loss5_bw1000,edgecc_loss_blind,2,true,4194304,1804012,2324986,167,3,155,0,12,12,12
rtt5_loss5_bw1000,edgecc_prior,0,true,4194304,1404012,2987370,297,2,268,0,3692,4100,4100
rtt5_loss5_bw1000,edgecc_prior,1,true,4194304,1404074,2987238,295,2,265,0,3800,4100,4100
rtt5_loss5_bw1000,edgecc_prior,2,true,4194304,1404012,2987370,310,2,275,0,3730,4100,4100
rtt5_loss5_bw1000,bbr3ref,0,true,4194304,2604024,1610700,4156,5,1556,0,4040,4104,4104
rtt5_loss5_bw1000,bbr3ref,1,true,4194304,2608024,1608230,4323,5,1585,0,4100,4104,4104
rtt5_loss5_bw1000,bbr3ref,2,true,4194304,2608072,1608201,4542,5,1629,0,4044,4104,4104
rtt5_loss5_bw1000,lossblindref,0,true,4194304,1404264,2986834,173,2,160,0,12,12,12
rtt5_loss5_bw1000,lossblindref,1,true,4194304,1084803,3866419,154,1,147,0,12,12,12
rtt5_loss5_bw1000,lossblindref,2,true,4194304,1804012,2324986,167,3,155,0,12,12,12
rtt5_loss5_bw1000,cubicref,0,true,4194304,1818859,2306008,3211,3,1903,0,2549,4097,4097
rtt5_loss5_bw1000,cubicref,1,true,4194304,1821554,2302596,3289,3,1903,0,1335,4095,4095
rtt5_loss5_bw1000,cubicref,2,true,4194304,1823581,2300037,3576,3,2029,0,1889,4097,4097
rtt5_loss5_bw1000,newrenoref,0,true,4194304,2621556,1599929,3328,4,1902,0,1097,4097,4097
rtt5_loss5_bw1000,newrenoref,1,true,4194304,1821567,2302580,3412,3,1964,0,1642,4102,4102
rtt5_loss5_bw1000,newrenoref,2,true,4194304,1821562,2302586,3127,3,1875,0,2884,4100,4100
rtt10_loss0_bw10,edgecc,0,true,4194304,4450118,942515,345,0,345,0,8688,9020,9307
rtt10_loss0_bw10,edgecc,1,true,4194304,4450118,942515,345,0,345,0,8688,9020,9307
rtt10_loss0_bw10,edgecc,2,true,4194304,4450118,942515,345,0,345,0,8688,9020,9307
rtt10_loss0_bw10,edgecc_no_prand,0,true,4194304,4450118,942515,345,0,345,0,8688,9020,9307
rtt10_loss0_bw10,edgecc_no_prand,1,true,4194304,4450118,942515,345,0,345,0,8688,9020,9307
rtt10_loss0_bw10,edgecc_no_prand,2,true,4194304,4450118,942515,345,0,345,0,8688,9020,9307
rtt10_loss0_bw10,edgecc_loss_blind,0,true,4194304,4450118,942515,345,0,345,0,8688,9020,9307
rtt10_loss0_bw10,edgecc_loss_blind,1,true,4194304,4450118,942515,345,0,345,0,8688,9020,9307
rtt10_loss0_bw10,edgecc_loss_blind,2,true,4194304,4450118,942515,345,0,345,0,8688,9020,9307
rtt10_loss0_bw10,edgecc_prior,0,true,4194304,4952067,846980,682,2,675,0,8688,9240,9292
rtt10_loss0_bw10,edgecc_prior,1,true,4194304,4952067,846980,682,2,675,0,8688,9240,9292
rtt10_loss0_bw10,edgecc_prior,2,true,4194304,4952067,846980,682,2,675,0,8688,9240,9292
rtt10_loss0_bw10,bbr3ref,0,true,4194304,9424672,445034,3949,20,971,0,8688,8688,8688
rtt10_loss0_bw10,bbr3ref,1,true,4194304,9424672,445034,3949,20,971,0,8688,8688,8688
rtt10_loss0_bw10,bbr3ref,2,true,4194304,9424672,445034,3949,20,971,0,8688,8688,8688
rtt10_loss0_bw10,lossblindref,0,true,4194304,4450118,942515,345,0,345,0,8688,9020,9307
rtt10_loss0_bw10,lossblindref,1,true,4194304,4450118,942515,345,0,345,0,8688,9020,9307
rtt10_loss0_bw10,lossblindref,2,true,4194304,4450118,942515,345,0,345,0,8688,9020,9307
rtt10_loss0_bw10,cubicref,0,true,4194304,4700459,892317,5783,8,2605,0,8688,8688,9263
rtt10_loss0_bw10,cubicref,1,true,4194304,4700459,892317,5783,8,2605,0,8688,8688,9263
rtt10_loss0_bw10,cubicref,2,true,4194304,4700459,892317,5783,8,2605,0,8688,8688,9263
rtt10_loss0_bw10,newrenoref,0,true,4194304,3873804,1082735,5174,7,2497,0,8688,8688,9124
rtt10_loss0_bw10,newrenoref,1,true,4194304,3873804,1082735,5174,7,2497,0,8688,8688,9124
rtt10_loss0_bw10,newrenoref,2,true,4194304,3873804,1082735,5174,7,2497,0,8688,8688,9124
rtt10_loss0_bw100,edgecc,0,true,4194304,1015733,4129337,235,1,186,0,9890,9890,9926
rtt10_loss0_bw100,edgecc,1,true,4194304,1015733,4129337,235,1,186,0,9890,9890,9926
rtt10_loss0_bw100,edgecc,2,true,4194304,1015733,4129337,235,1,186,0,9890,9890,9926
rtt10_loss0_bw100,edgecc_no_prand,0,true,4194304,1015733,4129337,235,1,186,0,9890,9890,9926
rtt10_loss0_bw100,edgecc_no_prand,1,true,4194304,1015733,4129337,235,1,186,0,9890,9890,9926
rtt10_loss0_bw100,edgecc_no_prand,2,true,4194304,1015733,4129337,235,1,186,0,9890,9890,9926
rtt10_loss0_bw100,edgecc_loss_blind,0,true,4194304,1015733,4129337,235,1,186,0,9890,9890,9926
rtt10_loss0_bw100,edgecc_loss_blind,1,true,4194304,1015733,4129337,235,1,186,0,9890,9890,9926
rtt10_loss0_bw100,edgecc_loss_blind,2,true,4194304,1015733,4129337,235,1,186,0,9890,9890,9926
rtt10_loss0_bw100,edgecc_prior,0,true,4194304,1010095,4152385,373,1,373,0,9828,9906,9945
rtt10_loss0_bw100,edgecc_prior,1,true,4194304,1010095,4152385,373,1,373,0,9828,9906,9945
rtt10_loss0_bw100,edgecc_prior,2,true,4194304,1010095,4152385,373,1,373,0,9828,9906,9945
rtt10_loss0_bw100,bbr3ref,0,true,4194304,10221499,410341,30987,24,2654,0,9871,9935,9943
rtt10_loss0_bw100,bbr3ref,1,true,4194304,10221499,410341,30987,24,2654,0,9871,9935,9943
rtt10_loss0_bw100,bbr3ref,2,true,4194304,10221499,410341,30987,24,2654,0,9871,9935,9943
rtt10_loss0_bw100,lossblindref,0,true,4194304,1015733,4129337,235,1,186,0,9890,9890,9926
rtt10_loss0_bw100,lossblindref,1,true,4194304,1015733,4129337,235,1,186,0,9890,9890,9926
rtt10_loss0_bw100,lossblindref,2,true,4194304,1015733,4129337,235,1,186,0,9890,9890,9926
rtt10_loss0_bw100,cubicref,0,true,4194304,1961998,2137771,5355,3,2255,0,9834,9932,9942
rtt10_loss0_bw100,cubicref,1,true,4194304,1961998,2137771,5355,3,2255,0,9834,9932,9942
rtt10_loss0_bw100,cubicref,2,true,4194304,1961998,2137771,5355,3,2255,0,9834,9932,9942
rtt10_loss0_bw100,newrenoref,0,true,4194304,1961154,2138691,5348,3,2249,0,9834,9934,9942
rtt10_loss0_bw100,newrenoref,1,true,4194304,1961154,2138691,5348,3,2249,0,9834,9934,9942
rtt10_loss0_bw100,newrenoref,2,true,4194304,1961154,2138691,5348,3,2249,0,9834,9934,9942
rtt10_loss0_bw1000,edgecc,0,true,4194304,240378,17448784,0,0,0,0,12,12,12
rtt10_loss0_bw1000,edgecc,1,true,4194304,240378,17448784,0,0,0,0,12,12,12
rtt10_loss0_bw1000,edgecc,2,true,4194304,240378,17448784,0,0,0,0,12,12,12
rtt10_loss0_bw1000,edgecc_no_prand,0,true,4194304,240378,17448784,0,0,0,0,12,12,12
rtt10_loss0_bw1000,edgecc_no_prand,1,true,4194304,240378,17448784,0,0,0,0,12,12,12
rtt10_loss0_bw1000,edgecc_no_prand,2,true,4194304,240378,17448784,0,0,0,0,12,12,12
rtt10_loss0_bw1000,edgecc_loss_blind,0,true,4194304,240378,17448784,0,0,0,0,12,12,12
rtt10_loss0_bw1000,edgecc_loss_blind,1,true,4194304,240378,17448784,0,0,0,0,12,12,12
rtt10_loss0_bw1000,edgecc_loss_blind,2,true,4194304,240378,17448784,0,0,0,0,12,12,12
rtt10_loss0_bw1000,edgecc_prior,0,true,4194304,50486,83078556,0,0,0,0,3625,7196,7567
rtt10_loss0_bw1000,edgecc_prior,1,true,4194304,50486,83078556,0,0,0,0,3625,7196,7567
rtt10_loss0_bw1000,edgecc_prior,2,true,4194304,50486,83078556,0,0,0,0,3625,7196,7567
rtt10_loss0_bw1000,bbr3ref,0,true,4194304,1024462,4094152,1905,1,1535,0,8172,10272,10272
rtt10_loss0_bw1000,bbr3ref,1,true,4194304,1024462,4094152,1905,1,1535,0,8172,10272,10272
rtt10_loss0_bw1000,bbr3ref,2,true,4194304,1024462,4094152,1905,1,1535,0,8172,10272,10272
rtt10_loss0_bw1000,lossblindref,0,true,4194304,240378,17448784,0,0,0,0,12,12,12
rtt10_loss0_bw1000,lossblindref,1,true,4194304,240378,17448784,0,0,0,0,12,12,12
rtt10_loss0_bw1000,lossblindref,2,true,4194304,240378,17448784,0,0,0,0,12,12,12
rtt10_loss0_bw1000,cubicref,0,true,4194304,127952,32780292,0,0,0,0,12,3794,4366
rtt10_loss0_bw1000,cubicref,1,true,4194304,127952,32780292,0,0,0,0,12,3794,4366
rtt10_loss0_bw1000,cubicref,2,true,4194304,127952,32780292,0,0,0,0,12,3794,4366
rtt10_loss0_bw1000,newrenoref,0,true,4194304,127952,32780292,0,0,0,0,12,3794,4366
rtt10_loss0_bw1000,newrenoref,1,true,4194304,127952,32780292,0,0,0,0,12,3794,4366
rtt10_loss0_bw1000,newrenoref,2,true,4194304,127952,32780292,0,0,0,0,12,3794,4366
rtt10_loss0.1_bw10,edgecc,0,true,4194304,4748765,883241,383,2,379,0,8688,9056,9307
rtt10_loss0.1_bw10,edgecc,1,true,4194304,4678582,896490,398,1,398,0,8688,9056,9284
rtt10_loss0.1_bw10,edgecc,2,true,4194304,4312012,972702,503,1,498,0,8688,9112,9190
rtt10_loss0.1_bw10,edgecc_no_prand,0,true,4194304,4748765,883241,383,2,379,0,8688,9056,9307
rtt10_loss0.1_bw10,edgecc_no_prand,1,true,4194304,4678582,896490,398,1,398,0,8688,9056,9284
rtt10_loss0.1_bw10,edgecc_no_prand,2,true,4194304,4312012,972702,503,1,498,0,8688,9112,9190
rtt10_loss0.1_bw10,edgecc_loss_blind,0,true,4194304,4748765,883241,383,2,379,0,8688,9056,9307
rtt10_loss0.1_bw10,edgecc_loss_blind,1,true,4194304,4678582,896490,398,1,398,0,8688,9056,9284
rtt10_loss0.1_bw10,edgecc_loss_blind,2,true,4194304,4312012,972702,503,1,498,0,8688,9112,9190
rtt10_loss0.1_bw10,edgecc_prior,0,true,4194304,4936663,849623,640,3,619,0,8688,9240,9292
rtt10_loss0.1_bw10,edgecc_prior,1,true,4194304,4812275,871584,658,2,645,0,8688,9240,9292
rtt10_loss0.1_bw10,edgecc_prior,2,true,4194304,4846509,865427,691,2,676,0,8688,9240,9292
rtt10_loss0.1_bw10,bbr3ref,0,true,4194304,9424672,445034,3934,20,954,0,8688,8688,8688
rtt10_loss0.1_bw10,bbr3ref,1,true,4194304,9424672,445034,3944,20,964,0,8688,8688,8688
rtt10_loss0.1_bw10,bbr3ref,2,true,4194304,9424672,445034,3950,20,972,0,8688,8688,8688
rtt10_loss0.1_bw10,lossblindref,0,true,4194304,4748765,883241,383,2,379,0,8688,9056,9307
rtt10_loss0.1_bw10,lossblindref,1,true,4194304,4678582,896490,398,1,398,0,8688,9056,9284
rtt10_loss0.1_bw10,lossblindref,2,true,4194304,4312012,972702,503,1,498,0,8688,9112,9190
rtt10_loss0.1_bw10,cubicref,0,true,4194304,4315643,971883,5798,8,2605,0,8688,8688,9263
rtt10_loss0.1_bw10,cubicref,1,true,4194304,4315643,971883,5798,8,2605,0,8688,8688,9263
rtt10_loss0.1_bw10,cubicref,2,true,4194304,4700459,892317,5783,8,2605,0,8688,8688,9263
rtt10_loss0.1_bw10,newrenoref,0,true,4194304,4270286,982206,5173,7,2497,0,8688,8688,9124
rtt10_loss0.1_bw10,newrenoref,1,true,4194304,3873804,1082735,5174,7,2497,0,8688,8688,9124
rtt10_loss0.1_bw10,newrenoref,2,true,4194304,3873804,1082735,5174,7,2497,0,8688,8688,9124
rtt10_loss0.1_bw100,edgecc,0,true,4194304,1015850,4128861,235,1,185,0,9890,9890,9926
rtt10_loss0.1_bw100,edgecc,1,true,4194304,1010117,4152295,86,1,85,0,117,9890,9894
rtt10_loss0.1_bw100,edgecc,2,true,4194304,1011777,4145482,82,1,71,0,117,9890,9890
rtt10_loss0.1_bw100,edgecc_no_prand,0,true,4194304,1015850,4128861,235,1,185,0,9890,9890,9926
rtt10_loss0.1_bw100,edgecc_no_prand,1,true,4194304,1010117,4152295,86,1,85,0,117,9890,9894
rtt10_loss0.1_bw100,edgecc_no_prand,2,true,4194304,1011777,4145482,82,1,71,0,117,9890,9890
rtt10_loss0.1_bw100,edgecc_loss_blind,0,true,4194304,1015850,4128861,235,1,185,0,9890,9890,9926
rtt10_loss0.1_bw100,edgecc_loss_blind,1,true,4194304,1010117,4152295,86,1,85,0,117,9890,9894
rtt10_loss0.1_bw100,edgecc_loss_blind,2,true,4194304,1011777,4145482,82,1,71,0,117,9890,9890
rtt10_loss0.1_bw100,edgecc_prior,0,true,4194304,1016084,4127910,418,1,366,0,9890,9906,9945
rtt10_loss0.1_bw100,edgecc_prior,1,true,4194304,1017355,4122753,251,1,203,0,8764,9890,9918
rtt10_loss0.1_bw100,edgecc_prior,2,true,4194304,1010117,4152295,56,1,55,0,117,9890,9890
rtt10_loss0.1_bw100,bbr3ref,0,true,4194304,10221499,410341,30987,24,2654,0,9871,9935,9943
rtt10_loss0.1_bw100,bbr3ref,1,true,4194304,10221499,410341,30987,24,2654,0,9871,9935,9943
rtt10_loss0.1_bw100,bbr3ref,2,true,4194304,10221499,410341,30987,24,2654,0,9871,9935,9943
rtt10_loss0.1_bw100,lossblindref,0,true,4194304,1015850,4128861,235,1,185,0,9890,9890,9926
rtt10_loss0.1_bw100,lossblindref,1,true,4194304,1010117,4152295,86,1,85,0,117,9890,9894
rtt10_loss0.1_bw100,lossblindref,2,true,4194304,1011777,4145482,82,1,71,0,117,9890,9890
rtt10_loss0.1_bw100,cubicref,0,true,4194304,1961998,2137771,5355,3,2255,0,9834,9932,9942
rtt10_loss0.1_bw100,cubicref,1,true,4194304,1969496,2129633,5926,3,2458,0,2115,9920,9935
rtt10_loss0.1_bw100,cubicref,2,true,4194304,1961998,2137771,5355,3,2255,0,9834,9932,9942
rtt10_loss0.1_bw100,newrenoref,0,true,4194304,1961154,2138691,5348,3,2249,0,9834,9934,9942
rtt10_loss0.1_bw100,newrenoref,1,true,4194304,1966366,2133023,5745,3,2430,0,2664,9920,9940
rtt10_loss0.1_bw100,newrenoref,2,true,4194304,1961154,2138691,5348,3,2249,0,9834,9934,9942
rtt10_loss0.1_bw1000,edgecc,0,true,4194304,273967,15309522,4,0,4,0,12,12,12
rtt10_loss0.1_bw1000,edgecc,1,true,4194304,328319,12775087,5,0,5,0,12,12,12
rtt10_loss0.1_bw1000,edgecc,2,true,4194304,277271,15127092,3,0,3,0,12,12,12
rtt10_loss0.1_bw1000,edgecc_no_prand,0,true,4194304,273967,15309522,4,0,4,0,12,12,12
rtt10_loss0.1_bw1000,edgecc_no_prand,1,true,4194304,328319,12775087,5,0,5,0,12,12,12
rtt10_loss0.1_bw1000,edgecc_no_prand,2,true,4194304,277271,15127092,3,0,3,0,12,12,12
rtt10_loss0.1_bw1000,edgecc_loss_blind,0,true,4194304,273967,15309522,4,0,4,0,12,12,12
rtt10_loss0.1_bw1000,edgecc_loss_blind,1,true,4194304,328319,12775087,5,0,5,0,12,12,12
rtt10_loss0.1_bw1000,edgecc_loss_blind,2,true,4194304,277271,15127092,3,0,3,0,12,12,12
rtt10_loss0.1_bw1000,edgecc_prior,0,true,4194304,57854,72498081,4,0,4,0,2792,5906,7196
rtt10_loss0.1_bw1000,edgecc_prior,1,true,4194304,62254,67374048,5,0,5,0,2962,6370,7280
rtt10_loss0.1_bw1000,edgecc_prior,2,true,4194304,67136,62474737,3,0,3,0,1980,6488,7292
rtt10_loss0.1_bw1000,bbr3ref,0,true,4194304,1024462,4094152,1905,1,1535,0,8172,10272,10272
rtt10_loss0.1_bw1000,bbr3ref,1,true,4194304,1024438,4094248,1903,1,1535,0,7032,10272,10272
rtt10_loss0.1_bw1000,bbr3ref,2,true,4194304,1024378,4094488,1898,1,1535,0,8028,10272,10272
rtt10_loss0.1_bw1000,lossblindref,0,true,4194304,273967,15309522,4,0,4,0,12,12,12
rtt10_loss0.1_bw1000,lossblindref,1,true,4194304,328319,12775087,5,0,5,0,12,12,12
rtt10_loss0.1_bw1000,lossblindref,2,true,4194304,277271,15127092,3,0,3,0,12,12,12
rtt10_loss0.1_bw1000,cubicref,0,true,4194304,1067063,3930699,56,1,56,0,100,9077,10061
rtt10_loss0.1_bw1000,cubicref,1,true,4194304,1047171,4005366,1051,1,1049,0,4473,10269,10269
rtt10_loss0.1_bw1000,cubicref,2,true,4194304,1063051,3945534,825,1,824,0,1618,10114,10270
rtt10_loss0.1_bw1000,newrenoref,0,true,4194304,1106323,3791211,42,1,42,0,106,9040,10048
rtt10_loss0.1_bw1000,newrenoref,1,true,4194304,1091526,3842605,682,1,682,0,4986,10266,10266
rtt10_loss0.1_bw1000,newrenoref,2,true,4194304,1010012,4152726,773,1,772,0,1641,10041,10269
rtt10_loss1_bw10,edgecc,0,true,4194304,4731943,886380,548,5,519,0,8688,8978,9307
rtt10_loss1_bw10,edgecc,1,true,4194304,4680573,896109,564,6,530,0,8556,8952,9230
rtt10_loss1_bw10,edgecc,2,true,4194304,4902806,855490,567,9,521,0,8448,8928,9272
rtt10_loss1_bw10,edgecc_no_prand,0,true,4194304,4731943,886380,548,5,519,0,8688,8978,9307
rtt10_loss1_bw10,edgecc_no_prand,1,true,4194304,4680573,896109,564,6,530,0,8556,8952,9230
rtt10_loss1_bw10,edgecc_no_prand,2,true,4194304,4902806,855490,567,9,521,0,8448,8928,9272
rtt10_loss1_bw10,edgecc_loss_blind,0,true,4194304,4731943,886380,548,5,519,0,8688,8978,9307
rtt10_loss1_bw10,edgecc_loss_blind,1,true,4194304,4680573,896109,564,6,530,0,8556,8952,9230
rtt10_loss1_bw10,edgecc_loss_blind,2,true,4194304,4902806,855490,567,9,521,0,8448,8928,9272
rtt10_loss1_bw10,edgecc_prior,0,true,4194304,5536244,757608,638,10,571,0,8429,9121,9292
rtt10_loss1_bw10,edgecc_prior,1,true,4194304,5546947,756146,699,10,629,0,8688,9121,9292
rtt10_loss1_bw10,edgecc_prior,2,true,4194304,6059266,692213,632,13,554,0,8377,8987,9292
rtt10_loss1_bw10,bbr3ref,0,true,4194304,9424672,445034,3832,20,843,0,8688,8688,8688
rtt10_loss1_bw10,bbr3ref,1,true,4194304,9424672,445034,3868,20,880,0,8688,8688,8688
rtt10_loss1_bw10,bbr3ref,2,true,4194304,9425840,444979,3829,20,820,0,8688,8688,8688
rtt10_loss1_bw10,lossblindref,0,true,4194304,4731943,886380,548,5,519,0,8688,8978,9307
rtt10_loss1_bw10,lossblindref,1,true,4194304,4680573,896109,564,6,530,0,8556,8952,9230
rtt10_loss1_bw10,lossblindref,2,true,4194304,4902806,855490,567,9,521,0,8448,8928,9272
rtt10_loss1_bw10,cubicref,0,true,4194304,4315643,971883,5801,8,2605,0,8688,8688,9263
rtt10_loss1_bw10,cubicref,1,true,4194304,4706079,891252,5859,9,2605,0,8688,8688,9263
rtt10_loss1_bw10,cubicref,2,true,4194304,4701627,892096,5862,9,2605,0,8688,8688,9263
rtt10_loss1_bw10,newrenoref,0,true,4194304,3867856,1084400,5181,8,2497,0,8688,8688,9124
rtt10_loss1_bw10,newrenoref,1,true,4194304,3891360,1077850,5169,7,2497,0,8688,8688,9124
rtt10_loss1_bw10,newrenoref,2,true,4194304,3891360,1077850,5177,7,2497,0,8688,8688,9124
rtt10_loss1_bw100,edgecc,0,true,4194304,1013254,4139439,157,1,130,0,6266,9890,9890
rtt10_loss1_bw100,edgecc,1,true,4194304,1011976,4144667,102,1,90,0,117,9890,9890
rtt10_loss1_bw100,edgecc,2,true,4194304,1013659,4137785,149,1,126,0,3539,9890,9890
rtt10_loss1_bw100,edgecc_no_prand,0,true,4194304,1013254,4139439,157,1,130,0,6266,9890,9890
rtt10_loss1_bw100,edgecc_no_prand,1,true,4194304,1011976,4144667,102,1,90,0,117,9890,9890
rtt10_loss1_bw100,edgecc_no_prand,2,true,4194304,1013659,4137785,149,1,126,0,3539,9890,9890
rtt10_loss1_bw100,edgecc_loss_blind,0,true,4194304,1013254,4139439,157,1,130,0,6266,9890,9890
rtt10_loss1_bw100,edgecc_loss_blind,1,true,4194304,1011976,4144667,102,1,90,0,117,9890,9890
rtt10_loss1_bw100,edgecc_loss_blind,2,true,4194304,1013659,4137785,149,1,126,0,3539,9890,9890
rtt10_loss1_bw100,edgecc_prior,0,true,4194304,1015733,4129337,347,1,298,0,9773,9890,9945
rtt10_loss1_bw100,edgecc_prior,1,true,4194304,1016498,4126229,201,1,159,0,1164,9890,9890
rtt10_loss1_bw100,edgecc_prior,2,true,4194304,1039711,4034105,302,1,246,0,9773,9890,9921
rtt10_loss1_bw100,bbr3ref,0,true,4194304,10221733,410331,31027,24,2654,0,9871,9935,9943
rtt10_loss1_bw100,bbr3ref,1,true,4194304,10223488,410261,31458,24,2654,0,9871,9935,9943
rtt10_loss1_bw100,bbr3ref,2,true,4194304,10620914,394909,30853,24,2654,0,9871,9935,9943
rtt10_loss1_bw100,lossblindref,0,true,4194304,1013254,4139439,157,1,130,0,6266,9890,9890
rtt10_loss1_bw100,lossblindref,1,true,4194304,1011976,4144667,102,1,90,0,117,9890,9890
rtt10_loss1_bw100,lossblindref,2,true,4194304,1013659,4137785,149,1,126,0,3539,9890,9890
rtt10_loss1_bw100,cubicref,0,true,4194304,1962880,2136811,5408,3,2270,0,9816,9936,9942
rtt10_loss1_bw100,cubicref,1,true,4194304,1970059,2129024,5942,3,2458,0,2729,9920,9935
rtt10_loss1_bw100,cubicref,2,true,4194304,2230007,1880847,5635,4,2330,0,7893,9924,9940
rtt10_loss1_bw100,newrenoref,0,true,4194304,1962220,2137529,5405,3,2260,0,9822,9930,9942
rtt10_loss1_bw100,newrenoref,1,true,4194304,1968026,2131223,5817,3,2431,0,3280,9919,9937
rtt10_loss1_bw100,newrenoref,2,true,4194304,2229994,1880858,5585,4,2320,0,8217,9929,9942
rtt10_loss1_bw1000,edgecc,0,true,4194304,310077,13526653,26,0,26,0,12,12,12
rtt10_loss1_bw1000,edgecc,1,true,4194304,487845,8597616,34,0,34,0,12,12,12
rtt10_loss1_bw1000,edgecc,2,true,4194304,506355,8283326,31,0,31,0,12,12,12
rtt10_loss1_bw1000,edgecc_no_prand,0,true,4194304,310077,13526653,26,0,26,0,12,12,12
rtt10_loss1_bw1000,edgecc_no_prand,1,true,4194304,487845,8597616,34,0,34,0,12,12,12
rtt10_loss1_bw1000,edgecc_no_prand,2,true,4194304,506355,8283326,31,0,31,0,12,12,12
rtt10_loss1_bw1000,edgecc_loss_blind,0,true,4194304,310077,13526653,26,0,26,0,12,12,12
rtt10_loss1_bw1000,edgecc_loss_blind,1,true,4194304,487845,8597616,34,0,34,0,12,12,12
rtt10_loss1_bw1000,edgecc_loss_blind,2,true,4194304,506355,8283326,31,0,31,0,12,12,12
rtt10_loss1_bw1000,edgecc_prior,0,true,4194304,71811,58407542,26,0,26,0,802,6164,7184
rtt10_loss1_bw1000,edgecc_prior,1,true,4194304,66582,62994563,34,0,34,0,2324,6236,7130
rtt10_loss1_bw1000,edgecc_prior,2,true,4194304,1010012,4152726,31,1,30,0,2362,6116,7148
rtt10_loss1_bw1000,bbr3ref,0,true,4194304,1410012,2974658,1900,2,1535,0,7536,10272,10272
rtt10_loss1_bw1000,bbr3ref,1,true,4194304,1410012,2974658,1894,2,1535,0,7020,10272,10272
rtt10_loss1_bw1000,bbr3ref,2,true,4194304,1410036,2974607,1898,2,1535,0,7344,10272,10272
rtt10_loss1_bw1000,lossblindref,0,true,4194304,310077,13526653,26,0,26,0,12,12,12
rtt10_loss1_bw1000,lossblindref,1,true,4194304,487845,8597616,34,0,34,0,12,12,12
rtt10_loss1_bw1000,lossblindref,2,true,4194304,506355,8283326,31,0,31,0,12,12,12
rtt10_loss1_bw1000,cubicref,0,true,4194304,1134079,3698423,1142,1,1058,0,2937,10269,10269
rtt10_loss1_bw1000,cubicref,1,true,4194304,1086597,3860036,1063,1,1050,0,4101,10269,10269
rtt10_loss1_bw1000,cubicref,2,true,4194304,1410012,2974658,1209,2,1104,0,3391,10267,10267
rtt10_loss1_bw1000,newrenoref,0,true,4194304,1078447,3889207,961,1,954,0,2985,10269,10269
rtt10_loss1_bw1000,newrenoref,1,true,4194304,1080690,3881135,923,1,912,0,3762,10266,10266
rtt10_loss1_bw1000,newrenoref,2,true,4194304,1080679,3881174,982,1,974,0,3460,10264,10264
rtt10_loss3_bw10,edgecc,0,true,4194304,6455459,649729,478,14,406,0,1168,8688,9160
rtt10_loss3_bw10,edgecc,1,true,4194304,6456890,649585,576,14,502,0,6640,8872,9209
rtt10_loss3_bw10,edgecc,2,true,4194304,6651350,630594,517,15,444,0,1168,8688,9062
rtt10_loss3_bw10,edgecc_no_prand,0,true,4194304,6455459,649729,478,14,406,0,1168,8688,9160
rtt10_loss3_bw10,edgecc_no_prand,1,true,4194304,6456890,649585,576,14,502,0,6640,8872,9209
rtt10_loss3_bw10,edgecc_no_prand,2,true,4194304,6651350,630594,517,15,444,0,1168,8688,9062
rtt10_loss3_bw10,edgecc_loss_blind,0,true,4194304,6455459,649729,478,14,406,0,1168,8688,9160
rtt10_loss3_bw10,edgecc_loss_blind,1,true,4194304,6456890,649585,576,14,502,0,6640,8872,9209
rtt10_loss3_bw10,edgecc_loss_blind,2,true,4194304,6651350,630594,517,15,444,0,1168,8688,9062
rtt10_loss3_bw10,edgecc_prior,0,true,4194304,6379060,657511,518,14,436,0,1168,8807,9256
rtt10_loss3_bw10,edgecc_prior,1,true,4194304,7036410,596085,511,15,436,0,3205,8989,9316
rtt10_loss3_bw10,edgecc_prior,2,true,4194304,6506403,644642,396,13,332,0,1168,8688,9168
rtt10_loss3_bw10,bbr3ref,0,true,4194304,9427008,444924,3752,20,740,0,8688,8688,8688
rtt10_loss3_bw10,bbr3ref,1,true,4194304,10613504,395185,3709,20,762,0,8688,8688,8688
rtt10_loss3_bw10,bbr3ref,2,true,4194304,9811168,427503,3766,21,735,0,8688,8688,8688
rtt10_loss3_bw10,lossblindref,0,true,4194304,6455459,649729,478,14,406,0,1168,8688,9160
rtt10_loss3_bw10,lossblindref,1,true,4194304,6456890,649585,576,14,502,0,6640,8872,9209
rtt10_loss3_bw10,lossblindref,2,true,4194304,6651350,630594,517,15,444,0,1168,8688,9062
rtt10_loss3_bw10,cubicref,0,true,4194304,5811168,721766,5718,8,2605,0,8688,8688,9263
rtt10_loss3_bw10,cubicref,1,true,4194304,4611168,909596,5714,8,2615,0,8688,8947,9215
rtt10_loss3_bw10,cubicref,2,true,4194304,4639200,904100,5816,8,2643,0,8688,8951,9232
rtt10_loss3_bw10,newrenoref,0,true,4194304,4274024,981347,5198,8,2497,0,8688,8688,9124
rtt10_loss3_bw10,newrenoref,1,true,4194304,3876454,1081995,5184,7,2501,0,8688,8688,9054
rtt10_loss3_bw10,newrenoref,2,true,4194304,4211168,995995,5217,9,2510,0,8688,8773,9143
rtt10_loss3_bw100,edgecc,0,true,4194304,1410117,2974436,107,2,87,0,117,117,117
rtt10_loss3_bw100,edgecc,1,true,4194304,1827341,2295304,112,3,87,0,117,117,117
rtt10_loss3_bw100,edgecc,2,true,4194304,1089840,3848550,122,1,98,0,117,267,351
rtt10_loss3_bw100,edgecc_no_prand,0,true,4194304,1410117,2974436,107,2,87,0,117,117,117
rtt10_loss3_bw100,edgecc_no_prand,1,true,4194304,1827341,2295304,112,3,87,0,117,117,117
rtt10_loss3_bw100,edgecc_no_prand,2,true,4194304,1089840,3848550,122,1,98,0,117,267,351
rtt10_loss3_bw100,edgecc_loss_blind,0,true,4194304,1410117,2974436,107,2,87,0,117,117,117
rtt10_loss3_bw100,edgecc_loss_blind,1,true,4194304,1827341,2295304,112,3,87,0,117,117,117
rtt10_loss3_bw100,edgecc_loss_blind,2,true,4194304,1089840,3848550,122,1,98,0,117,267,351
rtt10_loss3_bw100,edgecc_prior,0,true,4194304,1012525,4142420,177,1,163,0,117,9890,9890
rtt10_loss3_bw100,edgecc_prior,1,true,4194304,1012064,4144307,162,1,150,0,117,9890,9890
rtt10_loss3_bw100,edgecc_prior,2,true,4194304,1410117,2974436,146,2,142,0,117,9890,9890
rtt10_loss3_bw100,bbr3ref,0,true,4194304,9810234,427543,29237,23,2654,0,9857,9934,9943
rtt10_loss3_bw100,bbr3ref,1,true,4194304,6210117,675398,10737,14,1654,0,9890,9890,9931
rtt10_loss3_bw100,bbr3ref,2,true,4194304,5410117,775270,7065,12,1328,0,9890,9890,9927
rtt10_loss3_bw100,lossblindref,0,true,4194304,1410117,2974436,107,2,87,0,117,117,117
rtt10_loss3_bw100,lossblindref,1,true,4194304,1827341,2295304,112,3,87,0,117,117,117
rtt10_loss3_bw100,lossblindref,2,true,4194304,1089840,3848550,122,1,98,0,117,267,351
rtt10_loss3_bw100,cubicref,0,true,4194304,2272896,1845356,6204,4,2530,0,6742,9929,9941
rtt10_loss3_bw100,cubicref,1,true,4194304,2249897,1864220,6231,4,2546,0,6560,9922,9940
rtt10_loss3_bw100,cubicref,2,true,4194304,2610117,1606940,6065,5,2499,0,5097,9921,9940
rtt10_loss3_bw100,newrenoref,0,true,4194304,2272835,1845406,6047,4,2493,0,7125,9932,9942
rtt10_loss3_bw100,newrenoref,1,true,4194304,2249956,1864171,6045,4,2482,0,7581,9929,9941
rtt10_loss3_bw100,newrenoref,2,true,4194304,2610117,1606940,5996,5,2461,0,8268,9944,9944
rtt10_loss3_bw1000,edgecc,0,true,4194304,1010012,4152726,90,1,89,0,12,12,12
rtt10_loss3_bw1000,edgecc,1,true,4194304,1010056,4152545,93,1,91,0,12,12,12
rtt10_loss3_bw1000,edgecc,2,true,4194304,1406909,2981219,110,1,99,0,12,12,12
rtt10_loss3_bw1000,edgecc_no_prand,0,true,4194304,1010012,4152726,90,1,89,0,12,12,12
rtt10_loss3_bw1000,edgecc_no_prand,1,true,4194304,1010056,4152545,93,1,91,0,12,12,12
rtt10_loss3_bw1000,edgecc_no_prand,2,true,4194304,1406909,2981219,110,1,99,0,12,12,12
rtt10_loss3_bw1000,edgecc_loss_blind,0,true,4194304,1010012,4152726,90,1,89,0,12,12,12
rtt10_loss3_bw1000,edgecc_loss_blind,1,true,4194304,1010056,4152545,93,1,91,0,12,12,12
rtt10_loss3_bw1000,edgecc_loss_blind,2,true,4194304,1406909,2981219,110,1,99,0,12,12,12
rtt10_loss3_bw1000,edgecc_prior,0,true,4194304,1010024,4152677,90,1,88,0,2522,5938,6956
rtt10_loss3_bw1000,edgecc_prior,1,true,4194304,1010024,4152677,93,1,91,0,2868,6300,6920
rtt10_loss3_bw1000,edgecc_prior,2,true,4194304,1410012,2974658,101,2,96,0,1888,5872,6940
rtt10_loss3_bw1000,bbr3ref,0,true,4194304,1420084,2953560,1890,2,1535,0,6744,10272,10272
rtt10_loss3_bw1000,bbr3ref,1,true,4194304,1410048,2974582,1868,2,1535,0,6648,10272,10272
rtt10_loss3_bw1000,bbr3ref,2,true,4194304,1810012,2317279,1889,3,1535,0,6648,10272,10272
rtt10_loss3_bw1000,lossblindref,0,true,4194304,1010012,4152726,90,1,89,0,12,12,12
rtt10_loss3_bw1000,lossblindref,1,true,4194304,1010056,4152545,93,1,91,0,12,12,12
rtt10_loss3_bw1000,lossblindref,2,true,4194304,1406909,2981219,110,1,99,0,12,12,12
rtt10_loss3_bw1000,cubicref,0,true,4194304,1410012,2974658,1010,2,982,0,2396,10268,10268
rtt10_loss3_bw1000,cubicref,1,true,4194304,1410012,2974658,1125,2,1085,0,3004,10264,10264
rtt10_loss3_bw1000,cubicref,2,true,4194304,1430281,2932503,1053,2,1017,0,4869,10269,10269
rtt10_loss3_bw1000,newrenoref,0,true,4194304,1410012,2974658,982,2,955,0,2522,10262,10262
rtt10_loss3_bw1000,newrenoref,1,true,4194304,1410012,2974658,941,2,913,0,2288,10261,10261
rtt10_loss3_bw1000,newrenoref,2,true,4194304,1430278,2932509,834,2,808,0,2550,9870,10266
rtt10_loss5_bw10,edgecc,0,true,4194304,8211168,510804,460,18,378,0,1168,8688,8999
rtt10_loss5_bw10,edgecc,1,true,4194304,7411168,565943,445,15,368,0,1168,8688,9184
rtt10_loss5_bw10,edgecc,2,true,4194304,7414154,565715,421,16,345,0,1168,8688,9016
rtt10_loss5_bw10,edgecc_no_prand,0,true,4194304,8211168,510804,460,18,378,0,1168,8688,8999
rtt10_loss5_bw10,edgecc_no_prand,1,true,4194304,7411168,565943,445,15,368,0,1168,8688,9184
rtt10_loss5_bw10,edgecc_no_prand,2,true,4194304,7414154,565715,421,16,345,0,1168,8688,9016
rtt10_loss5_bw10,edgecc_loss_blind,0,true,4194304,8211168,510804,460,18,378,0,1168,8688,8999
rtt10_loss5_bw10,edgecc_loss_blind,1,true,4194304,7411168,565943,445,15,368,0,1168,8688,9184
rtt10_loss5_bw10,edgecc_loss_blind,2,true,4194304,7414154,565715,421,16,345,0,1168,8688,9016
rtt10_loss5_bw10,edgecc_prior,0,true,4194304,7457070,562460,401,13,338,0,1168,8688,8978
rtt10_loss5_bw10,edgecc_prior,1,true,4194304,7294626,574985,331,13,277,0,1168,8688,9056
rtt10_loss5_bw10,edgecc_prior,2,true,4194304,6611168,634427,528,15,447,0,1168,8688,9209
rtt10_loss5_bw10,bbr3ref,0,true,4194304,8624672,486314,3338,19,766,0,8688,8688,8688
rtt10_loss5_bw10,bbr3ref,1,true,4194304,9811168,427503,4039,22,763,0,8688,8688,8688
rtt10_loss5_bw10,bbr3ref,2,true,4194304,9425840,444979,4040,21,777,0,8688,8688,8688
rtt10_loss5_bw10,lossblindref,0,true,4194304,8211168,510804,460,18,378,0,1168,8688,8999
rtt10_loss5_bw10,lossblindref,1,true,4194304,7411168,565943,445,15,368,0,1168,8688,9184
rtt10_loss5_bw10,lossblindref,2,true,4194304,7414154,565715,421,16,345,0,1168,8688,9016
rtt10_loss5_bw10,cubicref,0,true,4194304,4664118,899270,4818,9,2519,0,8688,8688,9112
rtt10_loss5_bw10,cubicref,1,true,4194304,5839200,718301,5845,9,2645,0,8688,9013,9301
rtt10_loss5_bw10,cubicref,2,true,4194304,5059446,829004,5991,10,2643,0,8688,8951,9232
rtt10_loss5_bw10,newrenoref,0,true,4194304,4248544,987233,5215,9,2513,0,8688,8688,9130
rtt10_loss5_bw10,newrenoref,1,true,4194304,5011168,836991,5236,10,2513,0,8688,8688,9210
rtt10_loss5_bw10,newrenoref,2,true,4194304,4659446,900172,5248,9,2510,0,8688,8773,9143
rtt10_loss5_bw100,edgecc,0,true,4194304,1921251,2183110,200,3,160,0,117,117,117
rtt10_loss5_bw100,edgecc,1,true,4194304,2276891,1842118,164,4,148,0,117,405,1107
rtt10_loss5_bw100,edgecc,2,true,4194304,2210426,1897509,178,3,157,0,117,117,117
rtt10_loss5_bw100,edgecc_no_prand,0,true,4194304,1921251,2183110,200,3,160,0,117,117,117
rtt10_loss5_bw100,edgecc_no_prand,1,true,4194304,2276891,1842118,164,4,148,0,117,405,1107
rtt10_loss5_bw100,edgecc_no_prand,2,true,4194304,2210426,1897509,178,3,157,0,117,117,117
rtt10_loss5_bw100,edgecc_loss_blind,0,true,4194304,1921251,2183110,200,3,160,0,117,117,117
rtt10_loss5_bw100,edgecc_loss_blind,1,true,4194304,2276891,1842118,164,4,148,0,117,405,1107
rtt10_loss5_bw100,edgecc_loss_blind,2,true,4194304,2210426,1897509,178,3,157,0,117,117,117
rtt10_loss5_bw100,edgecc_prior,0,true,4194304,1410117,2974436,297,2,270,0,117,9890,9890
rtt10_loss5_bw100,edgecc_prior,1,true,4194304,1410256,2974143,224,2,207,0,117,9890,9890
rtt10_loss5_bw100,edgecc_prior,2,true,4194304,1410117,2974436,231,2,211,0,117,9890,9890
rtt10_loss5_bw100,bbr3ref,0,true,4194304,4210234,996216,4596,9,1147,0,9889,9890,9918
rtt10_loss5_bw100,bbr3ref,1,true,4194304,4610351,909758,5376,10,1226,0,9890,9890,9926
rtt10_loss5_bw100,bbr3ref,2,true,4194304,5021053,835343,7077,11,1345,0,9890,9890,9927
rtt10_loss5_bw100,lossblindref,0,true,4194304,1921251,2183110,200,3,160,0,117,117,117
rtt10_loss5_bw100,lossblindref,1,true,4194304,2276891,1842118,164,4,148,0,117,405,1107
rtt10_loss5_bw100,lossblindref,2,true,4194304,2210426,1897509,178,3,157,0,117,117,117
rtt10_loss5_bw100,cubicref,0,true,4194304,2610117,1606940,6152,5,2511,0,8283,9931,9943
rtt10_loss5_bw100,cubicref,1,true,4194304,2610117,1606940,6229,5,2538,0,6108,9928,9943
rtt10_loss5_bw100,cubicref,2,true,4194304,2610117,1606940,6075,5,2499,0,5097,9921,9940
rtt10_loss5_bw100,newrenoref,0,true,4194304,2610117,1606940,6060,5,2479,0,9821,9934,9943
rtt10_loss5_bw100,newrenoref,1,true,4194304,2610117,1606940,6020,5,2484,0,7316,9929,9942
rtt10_loss5_bw100,newrenoref,2,true,4194304,4684938,895274,4870,9,2461,0,8268,9944,9944
rtt10_loss5_bw1000,edgecc,0,true,4194304,1586760,2643313,195,2,166,0,12,12,12
rtt10_loss5_bw1000,edgecc,1,true,4194304,2282383,1837686,185,4,149,0,12,12,12
rtt10_loss5_bw1000,edgecc,2,true,4194304,2610699,1606582,193,5,150,0,12,12,12
rtt10_loss5_bw1000,edgecc_no_prand,0,true,4194304,1586760,2643313,195,2,166,0,12,12,12
rtt10_loss5_bw1000,edgecc_no_prand,1,true,4194304,2282383,1837686,185,4,149,0,12,12,12
rtt10_loss5_bw1000,edgecc_no_prand,2,true,4194304,2610699,1606582,193,5,150,0,12,12,12
rtt10_loss5_bw1000,edgecc_loss_blind,0,true,4194304,1586760,2643313,195,2,166,0,12,12,12
rtt10_loss5_bw1000,edgecc_loss_blind,1,true,4194304,2282383,1837686,185,4,149,0,12,12,12
rtt10_loss5_bw1000,edgecc_loss_blind,2,true,4194304,2610699,1606582,193,5,150,0,12,12,12
rtt10_loss5_bw1000,edgecc_prior,0,true,4194304,1010132,4152233,171,1,160,0,2364,5696,6752
rtt10_loss5_bw1000,edgecc_prior,1,true,4194304,1010096,4152381,153,1,145,0,2772,6040,6728
rtt10_loss5_bw1000,edgecc_prior,2,true,4194304,1010132,4152233,164,1,153,0,1808,5776,6820
rtt10_loss5_bw1000,bbr3ref,0,true,4194304,1810012,2317279,1874,3,1535,0,6612,10272,10272
rtt10_loss5_bw1000,bbr3ref,1,true,4194304,1810012,2317279,1865,3,1535,0,6600,10272,10272
rtt10_loss5_bw1000,bbr3ref,2,true,4194304,1810012,2317279,1892,3,1535,0,6636,10272,10272
rtt10_loss5_bw1000,lossblindref,0,true,4194304,1586760,2643313,195,2,166,0,12,12,12
rtt10_loss5_bw1000,lossblindref,1,true,4194304,2282383,1837686,185,4,149,0,12,12,12
rtt10_loss5_bw1000,lossblindref,2,true,4194304,2610699,1606582,193,5,150,0,12,12,12
rtt10_loss5_bw1000,cubicref,0,true,4194304,1440414,2911873,898,2,847,0,1550,9860,10268
rtt10_loss5_bw1000,cubicref,1,true,4194304,1447162,2898296,996,2,942,0,3688,10263,10263
rtt10_loss5_bw1000,cubicref,2,true,4194304,1447173,2898274,1081,2,1020,0,4845,10269,10269
rtt10_loss5_bw1000,newrenoref,0,true,4194304,1447178,2898264,1137,2,1076,0,3300,10272,10272
rtt10_loss5_bw1000,newrenoref,1,true,4194304,1453912,2884840,1102,2,1048,0,2377,10261,10261
rtt10_loss5_bw1000,newrenoref,2,true,4194304,1440411,2911880,859,2,811,0,2442,9834,10266
rtt50_loss0_bw10,edgecc,0,true,4194304,3877622,1081669,509,0,509,0,48112,48748,48984
rtt50_loss0_bw10,edgecc,1,true,4194304,3877622,1081669,509,0,509,0,48112,48748,48984
rtt50_loss0_bw10,edgecc,2,true,4194304,3877622,1081669,509,0,509,0,48112,48748,48984
rtt50_loss0_bw10,edgecc_no_prand,0,true,4194304,3877622,1081669,509,0,509,0,48112,48748,48984
rtt50_loss0_bw10,edgecc_no_prand,1,true,4194304,3877622,1081669,509,0,509,0,48112,48748,48984
rtt50_loss0_bw10,edgecc_no_prand,2,true,4194304,3877622,1081669,509,0,509,0,48112,48748,48984
rtt50_loss0_bw10,edgecc_loss_blind,0,true,4194304,3877622,1081669,509,0,509,0,48112,48748,48984
rtt50_loss0_bw10,edgecc_loss_blind,1,true,4194304,3877622,1081669,509,0,509,0,48112,48748,48984
rtt50_loss0_bw10,edgecc_loss_blind,2,true,4194304,3877622,1081669,509,0,509,0,48112,48748,48984
rtt50_loss0_bw10,edgecc_prior,0,true,4194304,4025320,1041980,672,2,535,0,48112,48760,48984
rtt50_loss0_bw10,edgecc_prior,1,true,4194304,4025320,1041980,672,2,535,0,48112,48760,48984
rtt50_loss0_bw10,edgecc_prior,2,true,4194304,4025320,1041980,672,2,535,0,48112,48760,48984
rtt50_loss0_bw10,bbr3ref,0,true,4194304,18172988,230798,56945,43,2742,0,48400,49000,49031
rtt50_loss0_bw10,bbr3ref,1,true,4194304,18172988,230798,56945,43,2742,0,48400,49000,49031
rtt50_loss0_bw10,bbr3ref,2,true,4194304,18172988,230798,56945,43,2742,0,48400,49000,49031
rtt50_loss0_bw10,lossblindref,0,true,4194304,3877622,1081669,509,0,509,0,48112,48748,48984
rtt50_loss0_bw10,lossblindref,1,true,4194304,3877622,1081669,509,0,509,0,48112,48748,48984
rtt50_loss0_bw10,lossblindref,2,true,4194304,3877622,1081669,509,0,509,0,48112,48748,48984
rtt50_loss0_bw10,cubicref,0,true,4194304,4671955,897762,5622,6,2531,0,48112,48854,48993
rtt50_loss0_bw10,cubicref,1,true,4194304,4671955,897762,5622,6,2531,0,48112,48854,48993
rtt50_loss0_bw10,cubicref,2,true,4194304,4671955,897762,5622,6,2531,0,48112,48854,48993
rtt50_loss0_bw10,newrenoref,0,true,4194304,4948484,847593,5376,4,2516,0,48112,48919,49012
rtt50_loss0_bw10,newrenoref,1,true,4194304,4948484,847593,5376,4,2516,0,48112,48919,49012
rtt50_loss0_bw10,newrenoref,2,true,4194304,4948484,847593,5376,4,2516,0,48112,48919,49012
rtt50_loss0_bw100,edgecc,0,true,4194304,1117548,3753130,105,1,105,0,1330,50008,50058
rtt50_loss0_bw100,edgecc,1,true,4194304,1117548,3753130,105,1,105,0,1330,50008,50058
rtt50_loss0_bw100,edgecc,2,true,4194304,1117548,3753130,105,1,105,0,1330,50008,50058
rtt50_loss0_bw100,edgecc_no_prand,0,true,4194304,1117548,3753130,105,1,105,0,1330,50008,50058
rtt50_loss0_bw100,edgecc_no_prand,1,true,4194304,1117548,3753130,105,1,105,0,1330,50008,50058
rtt50_loss0_bw100,edgecc_no_prand,2,true,4194304,1117548,3753130,105,1,105,0,1330,50008,50058
rtt50_loss0_bw100,edgecc_loss_blind,0,true,4194304,1117548,3753130,105,1,105,0,1330,50008,50058
rtt50_loss0_bw100,edgecc_loss_blind,1,true,4194304,1117548,3753130,105,1,105,0,1330,50008,50058
rtt50_loss0_bw100,edgecc_loss_blind,2,true,4194304,1117548,3753130,105,1,105,0,1330,50008,50058
rtt50_loss0_bw100,edgecc_prior,0,true,4194304,495811,8459481,332,0,332,0,49958,50035,50066
rtt50_loss0_bw100,edgecc_prior,1,true,4194304,495811,8459481,332,0,332,0,49958,50035,50066
rtt50_loss0_bw100,edgecc_prior,2,true,4194304,495811,8459481,332,0,332,0,49958,50035,50066
rtt50_loss0_bw100,bbr3ref,0,true,4194304,2323027,1805533,5602,4,2172,0,48625,50063,50074
rtt50_loss0_bw100,bbr3ref,1,true,4194304,2323027,1805533,5602,4,2172,0,48625,50063,50074
rtt50_loss0_bw100,bbr3ref,2,true,4194304,2323027,1805533,5602,4,2172,0,48625,50063,50074
rtt50_loss0_bw100,lossblindref,0,true,4194304,1117548,3753130,105,1,105,0,1330,50008,50058
rtt50_loss0_bw100,lossblindref,1,true,4194304,1117548,3753130,105,1,105,0,1330,50008,50058
rtt50_loss0_bw100,lossblindref,2,true,4194304,1117548,3753130,105,1,105,0,1330,50008,50058
rtt50_loss0_bw100,cubicref,0,true,4194304,1150131,3646805,553,1,553,0,19761,50054,50072
rtt50_loss0_bw100,cubicref,1,true,4194304,1150131,3646805,553,1,553,0,19761,50054,50072
rtt50_loss0_bw100,cubicref,2,true,4194304,1150131,3646805,553,1,553,0,19761,50054,50072
rtt50_loss0_bw100,newrenoref,0,true,4194304,1150131,3646805,553,1,553,0,19761,50054,50072
rtt50_loss0_bw100,newrenoref,1,true,4194304,1150131,3646805,553,1,553,0,19761,50054,50072
rtt50_loss0_bw100,newrenoref,2,true,4194304,1150131,3646805,553,1,553,0,19761,50054,50072
rtt50_loss0_bw1000,edgecc,0,true,4194304,761722,5506344,0,0,0,0,12,12,12
rtt50_loss0_bw1000,edgecc,1,true,4194304,761722,5506344,0,0,0,0,12,12,12
rtt50_loss0_bw1000,edgecc,2,true,4194304,761722,5506344,0,0,0,0,12,12,12
rtt50_loss0_bw1000,edgecc_no_prand,0,true,4194304,761722,5506344,0,0,0,0,12,12,12
rtt50_loss0_bw1000,edgecc_no_prand,1,true,4194304,761722,5506344,0,0,0,0,12,12,12
rtt50_loss0_bw1000,edgecc_no_prand,2,true,4194304,761722,5506344,0,0,0,0,12,12,12
rtt50_loss0_bw1000,edgecc_loss_blind,0,true,4194304,761722,5506344,0,0,0,0,12,12,12
rtt50_loss0_bw1000,edgecc_loss_blind,1,true,4194304,761722,5506344,0,0,0,0,12,12,12
rtt50_loss0_bw1000,edgecc_loss_blind,2,true,4194304,761722,5506344,0,0,0,0,12,12,12
rtt50_loss0_bw1000,edgecc_prior,0,true,4194304,114498,36632115,0,0,0,0,12,9461,9566
rtt50_loss0_bw1000,edgecc_prior,1,true,4194304,114498,36632115,0,0,0,0,12,9461,9566
rtt50_loss0_bw1000,edgecc_prior,2,true,4194304,114498,36632115,0,0,0,0,12,9461,9566
rtt50_loss0_bw1000,bbr3ref,0,true,4194304,138940,30187879,0,0,0,0,14328,27252,28392
rtt50_loss0_bw1000,bbr3ref,1,true,4194304,138940,30187879,0,0,0,0,14328,27252,28392
rtt50_loss0_bw1000,bbr3ref,2,true,4194304,138940,30187879,0,0,0,0,14328,27252,28392
rtt50_loss0_bw1000,lossblindref,0,true,4194304,761722,5506344,0,0,0,0,12,12,12
rtt50_loss0_bw1000,lossblindref,1,true,4194304,761722,5506344,0,0,0,0,12,12,12
rtt50_loss0_bw1000,lossblindref,2,true,4194304,761722,5506344,0,0,0,0,12,12,12
rtt50_loss0_bw1000,cubicref,0,true,4194304,612359,6849420,0,0,0,0,12,12,12
rtt50_loss0_bw1000,cubicref,1,true,4194304,612359,6849420,0,0,0,0,12,12,12
rtt50_loss0_bw1000,cubicref,2,true,4194304,612359,6849420,0,0,0,0,12,12,12
rtt50_loss0_bw1000,newrenoref,0,true,4194304,612359,6849420,0,0,0,0,12,12,12
rtt50_loss0_bw1000,newrenoref,1,true,4194304,612359,6849420,0,0,0,0,12,12,12
rtt50_loss0_bw1000,newrenoref,2,true,4194304,612359,6849420,0,0,0,0,12,12,12
rtt50_loss0.1_bw10,edgecc,0,true,4194304,4334970,967550,653,3,517,0,48112,48748,48984
rtt50_loss0.1_bw10,edgecc,1,true,4194304,4452888,941928,819,5,542,0,48112,48760,48996
rtt50_loss0.1_bw10,edgecc,2,true,4194304,3955935,1060256,542,1,511,0,48016,48748,48984
rtt50_loss0.1_bw10,edgecc_no_prand,0,true,4194304,4334970,967550,653,3,517,0,48112,48748,48984
rtt50_loss0.1_bw10,edgecc_no_prand,1,true,4194304,4452888,941928,819,5,542,0,48112,48760,48996
rtt50_loss0.1_bw10,edgecc_no_prand,2,true,4194304,3955935,1060256,542,1,511,0,48016,48748,48984
rtt50_loss0.1_bw10,edgecc_loss_blind,0,true,4194304,4334970,967550,653,3,517,0,48112,48748,48984
rtt50_loss0.1_bw10,edgecc_loss_blind,1,true,4194304,4452888,941928,819,5,542,0,48112,48760,48996
rtt50_loss0.1_bw10,edgecc_loss_blind,2,true,4194304,3955935,1060256,542,1,511,0,48016,48748,48984
rtt50_loss0.1_bw10,edgecc_prior,0,true,4194304,4394229,954502,665,4,495,0,48112,48736,48984
rtt50_loss0.1_bw10,edgecc_prior,1,true,4194304,4430112,946771,805,5,536,0,48112,48760,48996
rtt50_loss0.1_bw10,edgecc_prior,2,true,4194304,4101376,1022657,707,3,530,0,48112,48760,48996
rtt50_loss0.1_bw10,bbr3ref,0,true,4194304,18172988,230798,56945,43,2742,0,48400,49000,49031
rtt50_loss0.1_bw10,bbr3ref,1,true,4194304,18174156,230783,56957,43,2742,0,48400,49000,49031
rtt50_loss0.1_bw10,bbr3ref,2,true,4194304,18172988,230798,56945,43,2742,0,48400,49000,49031
rtt50_loss0.1_bw10,lossblindref,0,true,4194304,4334970,967550,653,3,517,0,48112,48748,48984
rtt50_loss0.1_bw10,lossblindref,1,true,4194304,4452888,941928,819,5,542,0,48112,48760,48996
rtt50_loss0.1_bw10,lossblindref,2,true,4194304,3955935,1060256,542,1,511,0,48016,48748,48984
rtt50_loss0.1_bw10,cubicref,0,true,4194304,5320797,788284,5653,7,2531,0,48112,48854,48993
rtt50_loss0.1_bw10,cubicref,1,true,4194304,4839472,866686,5176,6,2552,0,47938,48978,49029
rtt50_loss0.1_bw10,cubicref,2,true,4194304,4640823,903784,5376,6,2531,0,48112,48854,48993
rtt50_loss0.1_bw10,newrenoref,0,true,4194304,4956386,846242,5377,4,2516,0,48112,48919,49012
rtt50_loss0.1_bw10,newrenoref,1,true,4194304,9727762,431168,4937,4,2537,0,48032,48925,49005
rtt50_loss0.1_bw10,newrenoref,2,true,4194304,4977239,842696,5084,4,2516,0,48112,48919,49012
rtt50_loss0.1_bw100,edgecc,0,true,4194304,935088,4485464,4,0,4,0,117,27400,31348
rtt50_loss0.1_bw100,edgecc,1,true,4194304,1120488,3743283,5,0,5,0,117,23831,26623
rtt50_loss0.1_bw100,edgecc,2,true,4194304,906985,4624446,3,0,3,0,117,37915,41587
rtt50_loss0.1_bw100,edgecc_no_prand,0,true,4194304,935088,4485464,4,0,4,0,117,27400,31348
rtt50_loss0.1_bw100,edgecc_no_prand,1,true,4194304,1120488,3743283,5,0,5,0,117,23831,26623
rtt50_loss0.1_bw100,edgecc_no_prand,2,true,4194304,906985,4624446,3,0,3,0,117,37915,41587
rtt50_loss0.1_bw100,edgecc_loss_blind,0,true,4194304,935088,4485464,4,0,4,0,117,27400,31348
rtt50_loss0.1_bw100,edgecc_loss_blind,1,true,4194304,1120488,3743283,5,0,5,0,117,23831,26623
rtt50_loss0.1_bw100,edgecc_loss_blind,2,true,4194304,906985,4624446,3,0,3,0,117,37915,41587
rtt50_loss0.1_bw100,edgecc_prior,0,true,4194304,452192,9275493,185,0,185,0,25025,50035,50064
rtt50_loss0.1_bw100,edgecc_prior,1,true,4194304,512221,8188465,7,0,7,0,10317,43656,48858
rtt50_loss0.1_bw100,edgecc_prior,2,true,4194304,482013,8701640,205,0,205,0,12024,50035,50067
rtt50_loss0.1_bw100,bbr3ref,0,true,4194304,2323027,1805533,5602,4,2172,0,48625,50063,50074
rtt50_loss0.1_bw100,bbr3ref,1,true,4194304,2320804,1807263,5526,4,2172,0,40814,50059,50073
rtt50_loss0.1_bw100,bbr3ref,2,true,4194304,2323027,1805533,5602,4,2172,0,48625,50063,50074
rtt50_loss0.1_bw100,lossblindref,0,true,4194304,935088,4485464,4,0,4,0,117,27400,31348
rtt50_loss0.1_bw100,lossblindref,1,true,4194304,1120488,3743283,5,0,5,0,117,23831,26623
rtt50_loss0.1_bw100,lossblindref,2,true,4194304,906985,4624446,3,0,3,0,117,37915,41587
rtt50_loss0.1_bw100,cubicref,0,true,4194304,1863751,2250463,1181,1,874,0,14532,49988,50063
rtt50_loss0.1_bw100,cubicref,1,true,4194304,2264967,1851816,3035,2,1829,0,23527,50055,50073
rtt50_loss0.1_bw100,cubicref,2,true,4194304,2173556,1929696,2272,2,1400,0,1203,49140,50067
rtt50_loss0.1_bw100,newrenoref,0,true,4194304,1852465,2264174,1146,1,862,0,14820,49993,50060
rtt50_loss0.1_bw100,newrenoref,1,true,4194304,2100687,1996634,2709,2,1669,0,26701,50036,50069
rtt50_loss0.1_bw100,newrenoref,2,true,4194304,2151685,1949311,2184,2,1369,0,1456,49966,50056
rtt50_loss0.1_bw1000,edgecc,0,true,4194304,906740,4625696,4,0,4,0,12,12,12
rtt50_loss0.1_bw1000,edgecc,1,true,4194304,1109141,3781578,5,0,5,0,12,12,12
rtt50_loss0.1_bw1000,edgecc,2,true,4194304,881987,4755516,3,0,3,0,12,12,12
rtt50_loss0.1_bw1000,edgecc_no_prand,0,true,4194304,906740,4625696,4,0,4,0,12,12,12
rtt50_loss0.1_bw1000,edgecc_no_prand,1,true,4194304,1109141,3781578,5,0,5,0,12,12,12
rtt50_loss0.1_bw1000,edgecc_no_prand,2,true,4194304,881987,4755516,3,0,3,0,12,12,12
rtt50_loss0.1_bw1000,edgecc_loss_blind,0,true,4194304,906740,4625696,4,0,4,0,12,12,12
rtt50_loss0.1_bw1000,edgecc_loss_blind,1,true,4194304,1109141,3781578,5,0,5,0,12,12,12
rtt50_loss0.1_bw1000,edgecc_loss_blind,2,true,4194304,881987,4755516,3,0,3,0,12,12,12
rtt50_loss0.1_bw1000,edgecc_prior,0,true,4194304,152224,27553500,4,0,4,0,388,9474,9559
rtt50_loss0.1_bw1000,edgecc_prior,1,true,4194304,156352,26826033,5,0,5,0,12,9442,9543
rtt50_loss0.1_bw1000,edgecc_prior,2,true,4194304,159532,26291302,3,0,3,0,12,9461,9556
rtt50_loss0.1_bw1000,bbr3ref,0,true,4194304,176630,23746271,4,0,4,0,17040,27480,28404
rtt50_loss0.1_bw1000,bbr3ref,1,true,4194304,180758,23203974,5,0,5,0,14676,27240,28344
rtt50_loss0.1_bw1000,bbr3ref,2,true,4194304,183950,22801326,3,0,3,0,15684,27348,28392
rtt50_loss0.1_bw1000,lossblindref,0,true,4194304,906740,4625696,4,0,4,0,12,12,12
rtt50_loss0.1_bw1000,lossblindref,1,true,4194304,1109141,3781578,5,0,5,0,12,12,12
rtt50_loss0.1_bw1000,lossblindref,2,true,4194304,881987,4755516,3,0,3,0,12,12,12
rtt50_loss0.1_bw1000,cubicref,0,true,4194304,623258,6729643,4,0,4,0,12,6174,7026
rtt50_loss0.1_bw1000,cubicref,1,true,4194304,495000,8473341,5,0,5,0,118,4138,4680
rtt50_loss0.1_bw1000,cubicref,2,true,4194304,585937,7158284,3,0,3,0,2102,11345,12281
rtt50_loss0.1_bw1000,newrenoref,0,true,4194304,623258,6729643,4,0,4,0,12,5160,6000
rtt50_loss0.1_bw1000,newrenoref,1,true,4194304,503593,8328757,5,0,5,0,12,1442,1772
rtt50_loss0.1_bw1000,newrenoref,2,true,4194304,586927,7146210,3,0,3,0,1098,8863,9691
rtt50_loss1_bw10,edgecc,0,true,4194304,4055328,1034269,680,4,470,0,46944,48716,48984
rtt50_loss1_bw10,edgecc,1,true,4194304,4307008,973832,992,7,539,0,48112,48748,49028
rtt50_loss1_bw10,edgecc,2,true,4194304,4463690,939649,965,8,529,0,46944,48760,48996
rtt50_loss1_bw10,edgecc_no_prand,0,true,4194304,4055328,1034269,680,4,470,0,46944,48716,48984
rtt50_loss1_bw10,edgecc_no_prand,1,true,4194304,4307008,973832,992,7,539,0,48112,48748,49028
rtt50_loss1_bw10,edgecc_no_prand,2,true,4194304,4463690,939649,965,8,529,0,46944,48760,48996
rtt50_loss1_bw10,edgecc_loss_blind,0,true,4194304,4055328,1034269,680,4,470,0,46944,48716,48984
rtt50_loss1_bw10,edgecc_loss_blind,1,true,4194304,4307008,973832,992,7,539,0,48112,48748,49028
rtt50_loss1_bw10,edgecc_loss_blind,2,true,4194304,4463690,939649,965,8,529,0,46944,48760,48996
rtt50_loss1_bw10,edgecc_prior,0,true,4194304,4388581,955731,893,7,526,0,48020,48751,48996
rtt50_loss1_bw10,edgecc_prior,1,true,4194304,4665193,899063,1122,9,568,0,48112,48780,49020
rtt50_loss1_bw10,edgecc_prior,2,true,4194304,4551282,921565,931,8,484,0,46944,48760,49024
rtt50_loss1_bw10,bbr3ref,0,true,4194304,18058660,232259,56956,43,2742,0,48400,49000,49031
rtt50_loss1_bw10,bbr3ref,1,true,4194304,18666781,224693,56972,43,2742,0,48400,49000,49031
rtt50_loss1_bw10,bbr3ref,2,true,4194304,18495510,226774,56878,43,2742,0,48400,49000,49031
rtt50_loss1_bw10,lossblindref,0,true,4194304,4055328,1034269,680,4,470,0,46944,48716,48984
rtt50_loss1_bw10,lossblindref,1,true,4194304,4307008,973832,992,7,539,0,48112,48748,49028
rtt50_loss1_bw10,lossblindref,2,true,4194304,4463690,939649,965,8,529,0,46944,48760,48996
rtt50_loss1_bw10,cubicref,0,true,4194304,5135155,816782,5279,9,2531,0,48112,48854,48993
rtt50_loss1_bw10,cubicref,1,true,4194304,6219436,674386,5160,8,2552,0,47938,48978,49029
rtt50_loss1_bw10,cubicref,2,true,4194304,4868147,861581,5337,8,2531,0,48112,48854,48993
rtt50_loss1_bw10,newrenoref,0,true,4194304,10824591,387479,5215,11,2516,0,48112,48919,49012
rtt50_loss1_bw10,newrenoref,1,true,4194304,20395093,205652,4962,20,2537,0,48032,48925,49005
rtt50_loss1_bw10,newrenoref,2,true,4194304,12198133,343848,5022,13,2516,0,48112,48919,49012
rtt50_loss1_bw100,edgecc,0,true,4194304,1135375,3694201,26,0,26,0,117,13368,17375
rtt50_loss1_bw100,edgecc,1,true,4194304,1141899,3673095,34,0,34,0,117,34682,40055
rtt50_loss1_bw100,edgecc,2,true,4194304,1006554,4166993,31,0,31,0,143,41859,47507
rtt50_loss1_bw100,edgecc_no_prand,0,true,4194304,1135375,3694201,26,0,26,0,117,13368,17375
rtt50_loss1_bw100,edgecc_no_prand,1,true,4194304,1141899,3673095,34,0,34,0,117,34682,40055
rtt50_loss1_bw100,edgecc_no_prand,2,true,4194304,1006554,4166993,31,0,31,0,143,41859,47507
rtt50_loss1_bw100,edgecc_loss_blind,0,true,4194304,1135375,3694201,26,0,26,0,117,13368,17375
rtt50_loss1_bw100,edgecc_loss_blind,1,true,4194304,1141899,3673095,34,0,34,0,117,34682,40055
rtt50_loss1_bw100,edgecc_loss_blind,2,true,4194304,1006554,4166993,31,0,31,0,143,41859,47507
rtt50_loss1_bw100,edgecc_prior,0,true,4194304,496550,8446891,162,0,162,0,12091,50035,50056
rtt50_loss1_bw100,edgecc_prior,1,true,4194304,581264,7215833,60,0,60,0,7200,45096,49977
rtt50_loss1_bw100,edgecc_prior,2,true,4194304,1050468,3992795,138,1,134,0,18000,50035,50058
rtt50_loss1_bw100,bbr3ref,0,true,4194304,2321038,1807081,5534,4,2172,0,46059,50062,50074
rtt50_loss1_bw100,bbr3ref,1,true,4194304,2320453,1807536,5512,4,2172,0,40810,50059,50073
rtt50_loss1_bw100,bbr3ref,2,true,4194304,2650117,1582686,5521,5,2172,0,44191,50060,50073
rtt50_loss1_bw100,lossblindref,0,true,4194304,1135375,3694201,26,0,26,0,117,13368,17375
rtt50_loss1_bw100,lossblindref,1,true,4194304,1141899,3673095,34,0,34,0,117,34682,40055
rtt50_loss1_bw100,lossblindref,2,true,4194304,1006554,4166993,31,0,31,0,143,41859,47507
rtt50_loss1_bw100,cubicref,0,true,4194304,2753539,1523241,2735,4,1660,0,5055,50003,50060
rtt50_loss1_bw100,cubicref,1,true,4194304,2462477,1703286,3042,3,1830,0,19824,50049,50073
rtt50_loss1_bw100,cubicref,2,true,4194304,2633366,1592753,2956,3,1747,0,10402,50020,50064
rtt50_loss1_bw100,newrenoref,0,true,4194304,5783124,725266,2665,5,1610,0,6334,50015,50065
rtt50_loss1_bw100,newrenoref,1,true,4194304,8832439,474874,2846,9,1739,0,20080,50036,50067
rtt50_loss1_bw100,newrenoref,2,true,4194304,4726973,887312,2782,6,1688,0,11546,50022,50060
rtt50_loss1_bw1000,edgecc,0,true,4194304,1122938,3735116,26,0,26,0,12,12,12
rtt50_loss1_bw1000,edgecc,1,true,4194304,1112008,3771828,34,0,34,0,12,12,12
rtt50_loss1_bw1000,edgecc,2,true,4194304,1139411,3681115,31,1,30,0,12,12,12
rtt50_loss1_bw1000,edgecc_no_prand,0,true,4194304,1122938,3735116,26,0,26,0,12,12,12
rtt50_loss1_bw1000,edgecc_no_prand,1,true,4194304,1112008,3771828,34,0,34,0,12,12,12
rtt50_loss1_bw1000,edgecc_no_prand,2,true,4194304,1139411,3681115,31,1,30,0,12,12,12
rtt50_loss1_bw1000,edgecc_loss_blind,0,true,4194304,1122938,3735116,26,0,26,0,12,12,12
rtt50_loss1_bw1000,edgecc_loss_blind,1,true,4194304,1112008,3771828,34,0,34,0,12,12,12
rtt50_loss1_bw1000,edgecc_loss_blind,2,true,4194304,1139411,3681115,31,1,30,0,12,12,12
rtt50_loss1_bw1000,edgecc_prior,0,true,4194304,162016,25888208,26,0,26,0,12,9352,9460
rtt50_loss1_bw1000,edgecc_prior,1,true,4194304,160768,26089171,34,0,34,0,12,9299,9399
rtt50_loss1_bw1000,edgecc_prior,2,true,4194304,164020,25571905,31,0,31,0,12,9362,9472
rtt50_loss1_bw1000,bbr3ref,0,true,4194304,186266,22517818,26,0,26,0,15048,27048,28104
rtt50_loss1_bw1000,bbr3ref,1,true,4194304,184970,22675590,34,0,34,0,14508,26904,27996
rtt50_loss1_bw1000,bbr3ref,2,true,4194304,188210,22285234,31,0,31,0,14832,26964,28044
rtt50_loss1_bw1000,lossblindref,0,true,4194304,1122938,3735116,26,0,26,0,12,12,12
rtt50_loss1_bw1000,lossblindref,1,true,4194304,1112008,3771828,34,0,34,0,12,12,12
rtt50_loss1_bw1000,lossblindref,2,true,4194304,1139411,3681115,31,1,30,0,12,12,12
rtt50_loss1_bw1000,cubicref,0,true,4194304,555791,7546548,26,0,26,0,1998,10127,10979
rtt50_loss1_bw1000,cubicref,1,true,4194304,499368,8399224,34,0,34,0,80,3948,4498
rtt50_loss1_bw1000,cubicref,2,true,4194304,541446,7746486,31,0,31,0,1454,8716,9469
rtt50_loss1_bw1000,newrenoref,0,true,4194304,558204,7513926,26,0,26,0,726,6924,7668
rtt50_loss1_bw1000,newrenoref,1,true,4194304,508045,8255772,34,0,34,0,12,1494,1824
rtt50_loss1_bw1000,newrenoref,2,true,4194304,545048,7695292,31,0,31,0,290,5474,6110
rtt50_loss3_bw10,edgecc,0,true,4194304,4291726,977300,1004,8,573,0,46944,48748,48996
rtt50_loss3_bw10,edgecc,1,true,4194304,5036116,832844,1000,10,568,0,44608,48756,49028
rtt50_loss3_bw10,edgecc,2,true,4194304,5150131,814407,994,9,550,0,35064,48693,48977
rtt50_loss3_bw10,edgecc_no_prand,0,true,4194304,4291726,977300,1004,8,573,0,46944,48748,48996
rtt50_loss3_bw10,edgecc_no_prand,1,true,4194304,5036116,832844,1000,10,568,0,44608,48756,49028
rtt50_loss3_bw10,edgecc_no_prand,2,true,4194304,5150131,814407,994,9,550,0,35064,48693,48977
rtt50_loss3_bw10,edgecc_loss_blind,0,true,4194304,4291726,977300,1004,8,573,0,46944,48748,48996
rtt50_loss3_bw10,edgecc_loss_blind,1,true,4194304,5036116,832844,1000,10,568,0,44608,48756,49028
rtt50_loss3_bw10,edgecc_loss_blind,2,true,4194304,5150131,814407,994,9,550,0,35064,48693,48977
rtt50_loss3_bw10,edgecc_prior,0,true,4194304,4821134,869982,934,10,509,0,38768,48704,49030
rtt50_loss3_bw10,edgecc_prior,1,true,4194304,4896270,856632,1207,10,641,0,46944,48760,48996
rtt50_loss3_bw10,edgecc_prior,2,true,4194304,4685127,895238,1000,10,476,0,28232,48548,48960
rtt50_loss3_bw10,bbr3ref,0,true,4194304,18303780,229149,57037,44,2742,0,48400,49000,49031
rtt50_loss3_bw10,bbr3ref,1,true,4194304,13090858,320399,28276,30,2121,0,48112,48600,48976
rtt50_loss3_bw10,bbr3ref,2,true,4194304,12653504,331473,18191,24,1780,0,48112,48352,48976
rtt50_loss3_bw10,lossblindref,0,true,4194304,4291726,977300,1004,8,573,0,46944,48748,48996
rtt50_loss3_bw10,lossblindref,1,true,4194304,5036116,832844,1000,10,568,0,44608,48756,49028
rtt50_loss3_bw10,lossblindref,2,true,4194304,5150131,814407,994,9,550,0,35064,48693,48977
rtt50_loss3_bw10,cubicref,0,true,4194304,10381340,404023,5241,21,2637,0,33949,48951,49037
rtt50_loss3_bw10,cubicref,1,true,4194304,15486015,270844,5287,29,2648,0,47893,48942,49036
rtt50_loss3_bw10,cubicref,2,true,4194304,7473925,561191,5216,14,2611,0,43319,48902,49028
rtt50_loss3_bw10,newrenoref,0,true,4194304,30452557,137732,5171,45,2613,0,41512,48943,49046
rtt50_loss3_bw10,newrenoref,1,true,4194304,26454868,158545,5171,38,2614,0,47954,48957,49047
rtt50_loss3_bw10,newrenoref,2,true,4194304,32120771,130579,5072,47,2568,0,41102,48937,49014
rtt50_loss3_bw100,edgecc,0,true,4194304,2309818,1815859,155,1,90,0,117,117,924
rtt50_loss3_bw100,edgecc,1,true,4194304,1536148,2730403,454,2,99,0,117,20038,23548
rtt50_loss3_bw100,edgecc,2,true,4194304,2136284,1963364,254,2,100,0,117,117,258
rtt50_loss3_bw100,edgecc_no_prand,0,true,4194304,2309818,1815859,155,1,90,0,117,117,924
rtt50_loss3_bw100,edgecc_no_prand,1,true,4194304,1536148,2730403,454,2,99,0,117,20038,23548
rtt50_loss3_bw100,edgecc_no_prand,2,true,4194304,2136284,1963364,254,2,100,0,117,117,258
rtt50_loss3_bw100,edgecc_loss_blind,0,true,4194304,2309818,1815859,155,1,90,0,117,117,924
rtt50_loss3_bw100,edgecc_loss_blind,1,true,4194304,1536148,2730403,454,2,99,0,117,20038,23548
rtt50_loss3_bw100,edgecc_loss_blind,2,true,4194304,2136284,1963364,254,2,100,0,117,117,258
rtt50_loss3_bw100,edgecc_prior,0,true,4194304,1051404,3989241,304,1,292,0,26127,50016,50053
rtt50_loss3_bw100,edgecc_prior,1,true,4194304,1051053,3990573,308,1,299,0,21883,50035,50050
rtt50_loss3_bw100,edgecc_prior,2,true,4194304,1450117,2892390,321,2,310,0,20520,50035,50053
rtt50_loss3_bw100,bbr3ref,0,true,4194304,2700234,1553311,5420,5,2172,0,38010,50057,50072
rtt50_loss3_bw100,bbr3ref,1,true,4194304,2650234,1582616,5367,5,2172,0,37191,50057,50072
rtt50_loss3_bw100,bbr3ref,2,true,4194304,3450117,1215699,5311,6,2172,0,37078,50056,50072
rtt50_loss3_bw100,lossblindref,0,true,4194304,2309818,1815859,155,1,90,0,117,117,924
rtt50_loss3_bw100,lossblindref,1,true,4194304,1536148,2730403,454,2,99,0,117,20038,23548
rtt50_loss3_bw100,lossblindref,2,true,4194304,2136284,1963364,254,2,100,0,117,117,258
rtt50_loss3_bw100,cubicref,0,true,4194304,7327403,572413,3003,14,1792,0,17204,50032,50068
rtt50_loss3_bw100,cubicref,1,true,4194304,3220198,1302498,3091,5,1830,0,14496,50033,50065
rtt50_loss3_bw100,cubicref,2,true,4194304,3022960,1387482,3126,4,1879,0,23273,50047,50071
rtt50_loss3_bw100,newrenoref,0,true,4194304,15613784,268628,2918,24,1746,0,14201,50022,50066
rtt50_loss3_bw100,newrenoref,1,true,4194304,2865244,1463855,2888,4,1738,0,17234,50037,50070
rtt50_loss3_bw100,newrenoref,2,true,4194304,12809571,327435,2677,19,1718,0,31092,50046,50072
rtt50_loss3_bw1000,edgecc,0,true,4194304,2354275,1781569,160,2,90,0,12,12,12
rtt50_loss3_bw1000,edgecc,1,true,4194304,1535072,2732317,453,2,100,0,12,12,12
rtt50_loss3_bw1000,edgecc,2,true,4194304,2328845,1801023,257,3,99,0,12,12,12
rtt50_loss3_bw1000,edgecc_no_prand,0,true,4194304,2354275,1781569,160,2,90,0,12,12,12
rtt50_loss3_bw1000,edgecc_no_prand,1,true,4194304,1535072,2732317,453,2,100,0,12,12,12
rtt50_loss3_bw1000,edgecc_no_prand,2,true,4194304,2328845,1801023,257,3,99,0,12,12,12
rtt50_loss3_bw1000,edgecc_loss_blind,0,true,4194304,2354275,1781569,160,2,90,0,12,12,12
rtt50_loss3_bw1000,edgecc_loss_blind,1,true,4194304,1535072,2732317,453,2,100,0,12,12,12
rtt50_loss3_bw1000,edgecc_loss_blind,2,true,4194304,2328845,1801023,257,3,99,0,12,12,12
rtt50_loss3_bw1000,edgecc_prior,0,true,4194304,1050034,3994445,90,1,88,0,12,7996,9100
rtt50_loss3_bw1000,edgecc_prior,1,true,4194304,1050029,3994464,93,1,91,0,12,7936,9028
rtt50_loss3_bw1000,edgecc_prior,2,true,4194304,1450012,2892599,101,2,97,0,12,8080,9172
rtt50_loss3_bw1000,bbr3ref,0,true,4194304,1050024,3994483,90,1,88,0,13932,26256,27348
rtt50_loss3_bw1000,bbr3ref,1,true,4194304,1050024,3994483,93,1,91,0,13836,26220,27312
rtt50_loss3_bw1000,bbr3ref,2,true,4194304,1450012,2892599,101,2,97,0,13788,26148,27240
rtt50_loss3_bw1000,lossblindref,0,true,4194304,2354275,1781569,160,2,90,0,12,12,12
rtt50_loss3_bw1000,lossblindref,1,true,4194304,1535072,2732317,453,2,100,0,12,12,12
rtt50_loss3_bw1000,lossblindref,2,true,4194304,2328845,1801023,257,3,99,0,12,12,12
rtt50_loss3_bw1000,cubicref,0,true,4194304,1107622,3786764,90,1,88,0,100,6546,7410
rtt50_loss3_bw1000,cubicref,1,true,4194304,1107369,3787629,93,1,91,0,242,6413,7181
rtt50_loss3_bw1000,cubicref,2,true,4194304,1525031,2750307,101,2,98,0,12,12,12
rtt50_loss3_bw1000,newrenoref,0,true,4194304,1106184,3791687,90,1,88,0,30,5251,6001
rtt50_loss3_bw1000,newrenoref,1,true,4194304,1106442,3790803,93,1,91,0,12,5487,6255
rtt50_loss3_bw1000,newrenoref,2,true,4194304,1537404,2728172,101,2,97,0,12,7069,8053
rtt50_loss5_bw10,edgecc,0,true,4194304,5637424,744010,1055,11,553,0,33364,48704,48984
rtt50_loss5_bw10,edgecc,1,true,4194304,5533280,758014,1027,11,558,0,29424,48664,48984
rtt50_loss5_bw10,edgecc,2,true,4194304,5106866,821306,1066,10,571,0,37800,48608,48960
rtt50_loss5_bw10,edgecc_no_prand,0,true,4194304,5637424,744010,1055,11,553,0,33364,48704,48984
rtt50_loss5_bw10,edgecc_no_prand,1,true,4194304,5533280,758014,1027,11,558,0,29424,48664,48984
rtt50_loss5_bw10,edgecc_no_prand,2,true,4194304,5106866,821306,1066,10,571,0,37800,48608,48960
rtt50_loss5_bw10,edgecc_loss_blind,0,true,4194304,5637424,744010,1055,11,553,0,33364,48704,48984
rtt50_loss5_bw10,edgecc_loss_blind,1,true,4194304,5533280,758014,1027,11,558,0,29424,48664,48984
rtt50_loss5_bw10,edgecc_loss_blind,2,true,4194304,5106866,821306,1066,10,571,0,37800,48608,48960
rtt50_loss5_bw10,edgecc_prior,0,true,4194304,5540404,757039,726,8,445,0,45776,48320,48984
rtt50_loss5_bw10,edgecc_prior,1,true,4194304,5221244,803315,1149,11,648,0,46944,48760,49007
rtt50_loss5_bw10,edgecc_prior,2,true,4194304,5451168,769432,1020,11,533,0,33620,48720,48996
rtt50_loss5_bw10,bbr3ref,0,true,4194304,7534579,556673,8498,16,1335,0,48112,48112,48814
rtt50_loss5_bw10,bbr3ref,1,true,4194304,9902336,423567,12571,20,1534,0,48112,48112,48792
rtt50_loss5_bw10,bbr3ref,2,true,4194304,10672997,392982,17996,24,1774,0,48112,48328,48976
rtt50_loss5_bw10,lossblindref,0,true,4194304,5637424,744010,1055,11,553,0,33364,48704,48984
rtt50_loss5_bw10,lossblindref,1,true,4194304,5533280,758014,1027,11,558,0,29424,48664,48984
rtt50_loss5_bw10,lossblindref,2,true,4194304,5106866,821306,1066,10,571,0,37800,48608,48960
rtt50_loss5_bw10,cubicref,0,true,4194304,16453440,254919,5262,34,2623,0,36432,48832,49008
rtt50_loss5_bw10,cubicref,1,true,4194304,11617947,361019,5197,23,2621,0,39400,48931,49011
rtt50_loss5_bw10,cubicref,2,true,4194304,8677376,483360,5274,17,2611,0,43319,48902,49028
rtt50_loss5_bw10,newrenoref,0,true,4194304,37518807,111792,5219,65,2598,0,47921,48966,49024
rtt50_loss5_bw10,newrenoref,1,true,4194304,38859102,107936,5234,66,2617,0,45426,48933,49033
rtt50_loss5_bw10,newrenoref,2,true,4194304,37167798,112847,5132,67,2568,0,41020,48937,49014
rtt50_loss5_bw100,edgecc,0,true,4194304,2353015,1782523,346,3,167,0,117,21453,25926
rtt50_loss5_bw100,edgecc,1,true,4194304,1581172,2652655,501,2,156,0,117,16839,18513
rtt50_loss5_bw100,edgecc,2,true,4194304,2036363,2059703,502,3,149,0,117,4687,6339
rtt50_loss5_bw100,edgecc_no_prand,0,true,4194304,2353015,1782523,346,3,167,0,117,21453,25926
rtt50_loss5_bw100,edgecc_no_prand,1,true,4194304,1581172,2652655,501,2,156,0,117,16839,18513
rtt50_loss5_bw100,edgecc_no_prand,2,true,4194304,2036363,2059703,502,3,149,0,117,4687,6339
rtt50_loss5_bw100,edgecc_loss_blind,0,true,4194304,2353015,1782523,346,3,167,0,117,21453,25926
rtt50_loss5_bw100,edgecc_loss_blind,1,true,4194304,1581172,2652655,501,2,156,0,117,16839,18513
rtt50_loss5_bw100,edgecc_loss_blind,2,true,4194304,2036363,2059703,502,3,149,0,117,4687,6339
rtt50_loss5_bw100,edgecc_prior,0,true,4194304,1450117,2892390,378,2,349,0,14701,50035,50050
rtt50_loss5_bw100,edgecc_prior,1,true,4194304,1450117,2892390,357,2,342,0,15240,50035,50053
rtt50_loss5_bw100,edgecc_prior,2,true,4194304,1450117,2892390,365,2,342,0,17992,50029,50047
rtt50_loss5_bw100,bbr3ref,0,true,4194304,2650117,1582686,5171,5,2172,0,36840,50056,50072
rtt50_loss5_bw100,bbr3ref,1,true,4194304,2650468,1582476,5200,5,2172,0,36840,50056,50072
rtt50_loss5_bw100,bbr3ref,2,true,4194304,2700351,1553244,5299,5,2172,0,37078,50056,50072
rtt50_loss5_bw100,lossblindref,0,true,4194304,2353015,1782523,346,3,167,0,117,21453,25926
rtt50_loss5_bw100,lossblindref,1,true,4194304,1581172,2652655,501,2,156,0,117,16839,18513
rtt50_loss5_bw100,lossblindref,2,true,4194304,2036363,2059703,502,3,149,0,117,4687,6339
rtt50_loss5_bw100,cubicref,0,true,4194304,9696331,432566,2806,19,1727,0,26617,50044,50070
rtt50_loss5_bw100,cubicref,1,true,4194304,13068009,320959,2928,24,1782,0,19355,50050,50073
rtt50_loss5_bw100,cubicref,2,true,4194304,6252073,670866,3154,11,1879,0,23141,50047,50071
rtt50_loss5_bw100,newrenoref,0,true,4194304,19541160,214639,3072,34,1815,0,12664,50019,50064
rtt50_loss5_bw100,newrenoref,1,true,4194304,17397739,241083,2926,29,1740,0,10402,50023,50072
rtt50_loss5_bw100,newrenoref,2,true,4194304,10576057,396584,2701,17,1719,0,30804,50046,50070
rtt50_loss5_bw1000,edgecc,0,true,4194304,2201887,1904867,483,3,151,0,12,12,12
rtt50_loss5_bw1000,edgecc,1,true,4194304,2618977,1601504,251,3,148,0,12,12,12
rtt50_loss5_bw1000,edgecc,2,true,4194304,2027048,2069168,504,3,154,0,12,12,12
rtt50_loss5_bw1000,edgecc_no_prand,0,true,4194304,2201887,1904867,483,3,151,0,12,12,12
rtt50_loss5_bw1000,edgecc_no_prand,1,true,4194304,2618977,1601504,251,3,148,0,12,12,12
rtt50_loss5_bw1000,edgecc_no_prand,2,true,4194304,2027048,2069168,504,3,154,0,12,12,12
rtt50_loss5_bw1000,edgecc_loss_blind,0,true,4194304,2201887,1904867,483,3,151,0,12,12,12
rtt50_loss5_bw1000,edgecc_loss_blind,1,true,4194304,2618977,1601504,251,3,148,0,12,12,12
rtt50_loss5_bw1000,edgecc_loss_blind,2,true,4194304,2027048,2069168,504,3,154,0,12,12,12
rtt50_loss5_bw1000,edgecc_prior,0,true,4194304,1050300,3993434,171,1,161,0,12,7596,8688
rtt50_loss5_bw1000,edgecc_prior,1,true,4194304,1450012,2892599,153,2,144,0,12,7768,8848
rtt50_loss5_bw1000,edgecc_prior,2,true,4194304,1050415,3992997,164,1,150,0,12,7816,8908
rtt50_loss5_bw1000,bbr3ref,0,true,4194304,1100084,3812712,171,1,161,0,13392,25416,26484
rtt50_loss5_bw1000,bbr3ref,1,true,4194304,1450012,2892599,153,2,144,0,13488,25608,26688
rtt50_loss5_bw1000,bbr3ref,2,true,4194304,1100120,3812587,164,1,151,0,13476,25524,26604
rtt50_loss5_bw1000,lossblindref,0,true,4194304,2201887,1904867,483,3,151,0,12,12,12
rtt50_loss5_bw1000,lossblindref,1,true,4194304,2618977,1601504,251,3,148,0,12,12,12
rtt50_loss5_bw1000,lossblindref,2,true,4194304,2027048,2069168,504,3,154,0,12,12,12
rtt50_loss5_bw1000,cubicref,0,true,4194304,1231988,3404500,171,1,162,0,12,3836,4688
rtt50_loss5_bw1000,cubicref,1,true,4194304,1216232,3448605,153,1,145,0,12,1730,2354
rtt50_loss5_bw1000,cubicref,2,true,4194304,1249353,3357180,164,1,152,0,12,12,12
rtt50_loss5_bw1000,newrenoref,0,true,4194304,1244823,3369397,171,1,161,0,218,5174,5798
rtt50_loss5_bw1000,newrenoref,1,true,4194304,1231045,3407108,153,1,145,0,378,7026,7890
rtt50_loss5_bw1000,newrenoref,2,true,4194304,1269483,3303946,164,1,152,0,12,6709,7657
rtt150_loss0_bw10,edgecc,0,true,4194304,9905676,423424,19247,15,2543,0,148307,149333,149465
rtt150_loss0_bw10,edgecc,1,true,4194304,9905676,423424,19247,15,2543,0,148307,149333,149465
rtt150_loss0_bw10,edgecc,2,true,4194304,9905676,423424,19247,15,2543,0,148307,149333,149465
rtt150_loss0_bw10,edgecc_no_prand,0,true,4194304,9905676,423424,19247,15,2543,0,148307,149333,149465
rtt150_loss0_bw10,edgecc_no_prand,1,true,4194304,9905676,423424,19247,15,2543,0,148307,149333,149465
rtt150_loss0_bw10,edgecc_no_prand,2,true,4194304,9905676,423424,19247,15,2543,0,148307,149333,149465
rtt150_loss0_bw10,edgecc_loss_blind,0,true,4194304,9905676,423424,19247,15,2543,0,148307,149333,149465
rtt150_loss0_bw10,edgecc_loss_blind,1,true,4194304,9905676,423424,19247,15,2543,0,148307,149333,149465
rtt150_loss0_bw10,edgecc_loss_blind,2,true,4194304,9905676,423424,19247,15,2543,0,148307,149333,149465
rtt150_loss0_bw10,edgecc_prior,0,true,4194304,9755451,429944,19385,15,2548,0,148298,149360,149456
rtt150_loss0_bw10,edgecc_prior,1,true,4194304,9755451,429944,19385,15,2548,0,148298,149360,149456
rtt150_loss0_bw10,edgecc_prior,2,true,4194304,9755451,429944,19385,15,2548,0,148298,149360,149456
rtt150_loss0_bw10,bbr3ref,0,true,4194304,13077873,320717,21564,16,2579,0,148600,149432,149493
rtt150_loss0_bw10,bbr3ref,1,true,4194304,13077873,320717,21564,16,2579,0,148600,149432,149493
rtt150_loss0_bw10,bbr3ref,2,true,4194304,13077873,320717,21564,16,2579,0,148600,149432,149493
rtt150_loss0_bw10,lossblindref,0,true,4194304,9905676,423424,19247,15,2543,0,148307,149333,149465
rtt150_loss0_bw10,lossblindref,1,true,4194304,9905676,423424,19247,15,2543,0,148307,149333,149465
rtt150_loss0_bw10,lossblindref,2,true,4194304,9905676,423424,19247,15,2543,0,148307,149333,149465
rtt150_loss0_bw10,cubicref,0,true,4194304,4916997,853021,2878,3,1998,0,148179,149347,149475
rtt150_loss0_bw10,cubicref,1,true,4194304,4916997,853021,2878,3,1998,0,148179,149347,149475
rtt150_loss0_bw10,cubicref,2,true,4194304,4916997,853021,2878,3,1998,0,148179,149347,149475
rtt150_loss0_bw10,newrenoref,0,true,4194304,4929692,850824,2897,3,1993,0,148184,149359,149480
rtt150_loss0_bw10,newrenoref,1,true,4194304,4929692,850824,2897,3,1993,0,148184,149359,149480
rtt150_loss0_bw10,newrenoref,2,true,4194304,4929692,850824,2897,3,1993,0,148184,149359,149480
rtt150_loss0_bw100,edgecc,0,true,4194304,1573997,2664747,405,1,405,0,41659,146891,150188
rtt150_loss0_bw100,edgecc,1,true,4194304,1573997,2664747,405,1,405,0,41659,146891,150188
rtt150_loss0_bw100,edgecc,2,true,4194304,1573997,2664747,405,1,405,0,41659,146891,150188
rtt150_loss0_bw100,edgecc_no_prand,0,true,4194304,1573997,2664747,405,1,405,0,41659,146891,150188
rtt150_loss0_bw100,edgecc_no_prand,1,true,4194304,1573997,2664747,405,1,405,0,41659,146891,150188
rtt150_loss0_bw100,edgecc_no_prand,2,true,4194304,1573997,2664747,405,1,405,0,41659,146891,150188
rtt150_loss0_bw100,edgecc_loss_blind,0,true,4194304,1573997,2664747,405,1,405,0,41659,146891,150188
rtt150_loss0_bw100,edgecc_loss_blind,1,true,4194304,1573997,2664747,405,1,405,0,41659,146891,150188
rtt150_loss0_bw100,edgecc_loss_blind,2,true,4194304,1573997,2664747,405,1,405,0,41659,146891,150188
rtt150_loss0_bw100,edgecc_prior,0,true,4194304,1167581,3592302,617,1,617,0,52988,150179,150224
rtt150_loss0_bw100,edgecc_prior,1,true,4194304,1167581,3592302,617,1,617,0,52988,150179,150224
rtt150_loss0_bw100,edgecc_prior,2,true,4194304,1167581,3592302,617,1,617,0,52988,150179,150224
rtt150_loss0_bw100,bbr3ref,0,true,4194304,1383487,3031690,1316,1,1316,0,89318,150186,150220
rtt150_loss0_bw100,bbr3ref,1,true,4194304,1383487,3031690,1316,1,1316,0,89318,150186,150220
rtt150_loss0_bw100,bbr3ref,2,true,4194304,1383487,3031690,1316,1,1316,0,89318,150186,150220
rtt150_loss0_bw100,lossblindref,0,true,4194304,1573997,2664747,405,1,405,0,41659,146891,150188
rtt150_loss0_bw100,lossblindref,1,true,4194304,1573997,2664747,405,1,405,0,41659,146891,150188
rtt150_loss0_bw100,lossblindref,2,true,4194304,1573997,2664747,405,1,405,0,41659,146891,150188
rtt150_loss0_bw100,cubicref,0,true,4194304,1844220,2274296,0,0,0,0,117,5028,7517
rtt150_loss0_bw100,cubicref,1,true,4194304,1844220,2274296,0,0,0,0,117,5028,7517
rtt150_loss0_bw100,cubicref,2,true,4194304,1844220,2274296,0,0,0,0,117,5028,7517
rtt150_loss0_bw100,newrenoref,0,true,4194304,1844220,2274296,0,0,0,0,117,5028,7517
rtt150_loss0_bw100,newrenoref,1,true,4194304,1844220,2274296,0,0,0,0,117,5028,7517
rtt150_loss0_bw100,newrenoref,2,true,4194304,1844220,2274296,0,0,0,0,117,5028,7517
rtt150_loss0_bw1000,edgecc,0,true,4194304,781065,5369980,0,0,0,0,12,12,26
rtt150_loss0_bw1000,edgecc,1,true,4194304,781065,5369980,0,0,0,0,12,12,26
rtt150_loss0_bw1000,edgecc,2,true,4194304,781065,5369980,0,0,0,0,12,12,26
rtt150_loss0_bw1000,edgecc_no_prand,0,true,4194304,781065,5369980,0,0,0,0,12,12,26
rtt150_loss0_bw1000,edgecc_no_prand,1,true,4194304,781065,5369980,0,0,0,0,12,12,26
rtt150_loss0_bw1000,edgecc_no_prand,2,true,4194304,781065,5369980,0,0,0,0,12,12,26
rtt150_loss0_bw1000,edgecc_loss_blind,0,true,4194304,781065,5369980,0,0,0,0,12,12,26
rtt150_loss0_bw1000,edgecc_loss_blind,1,true,4194304,781065,5369980,0,0,0,0,12,12,26
rtt150_loss0_bw1000,edgecc_loss_blind,2,true,4194304,781065,5369980,0,0,0,0,12,12,26
rtt150_loss0_bw1000,edgecc_prior,0,true,4194304,236170,17759681,0,0,0,0,12,12,12
rtt150_loss0_bw1000,edgecc_prior,1,true,4194304,236170,17759681,0,0,0,0,12,12,12
rtt150_loss0_bw1000,edgecc_prior,2,true,4194304,236170,17759681,0,0,0,0,12,12,12
rtt150_loss0_bw1000,bbr3ref,0,true,4194304,347966,12053775,0,0,0,0,14328,27252,28392
rtt150_loss0_bw1000,bbr3ref,1,true,4194304,347966,12053775,0,0,0,0,14328,27252,28392
rtt150_loss0_bw1000,bbr3ref,2,true,4194304,347966,12053775,0,0,0,0,14328,27252,28392
rtt150_loss0_bw1000,lossblindref,0,true,4194304,781065,5369980,0,0,0,0,12,12,26
rtt150_loss0_bw1000,lossblindref,1,true,4194304,781065,5369980,0,0,0,0,12,12,26
rtt150_loss0_bw1000,lossblindref,2,true,4194304,781065,5369980,0,0,0,0,12,12,26
rtt150_loss0_bw1000,cubicref,0,true,4194304,1834767,2286014,0,0,0,0,12,12,12
rtt150_loss0_bw1000,cubicref,1,true,4194304,1834767,2286014,0,0,0,0,12,12,12
rtt150_loss0_bw1000,cubicref,2,true,4194304,1834767,2286014,0,0,0,0,12,12,12
rtt150_loss0_bw1000,newrenoref,0,true,4194304,1834767,2286014,0,0,0,0,12,12,12
rtt150_loss0_bw1000,newrenoref,1,true,4194304,1834767,2286014,0,0,0,0,12,12,12
rtt150_loss0_bw1000,newrenoref,2,true,4194304,1834767,2286014,0,0,0,0,12,12,12
rtt150_loss0.1_bw10,edgecc,0,true,4194304,9896838,423802,19246,15,2543,0,148307,149333,149465
rtt150_loss0.1_bw10,edgecc,1,true,4194304,9900595,423641,20288,15,2543,0,135496,149319,149463
rtt150_loss0.1_bw10,edgecc,2,true,4194304,9894502,423902,19247,15,2543,0,148307,149333,149465
rtt150_loss0.1_bw10,edgecc_no_prand,0,true,4194304,9896838,423802,19246,15,2543,0,148307,149333,149465
rtt150_loss0.1_bw10,edgecc_no_prand,1,true,4194304,9900595,423641,20288,15,2543,0,135496,149319,149463
rtt150_loss0.1_bw10,edgecc_no_prand,2,true,4194304,9894502,423902,19247,15,2543,0,148307,149333,149465
rtt150_loss0.1_bw10,edgecc_loss_blind,0,true,4194304,9896838,423802,19246,15,2543,0,148307,149333,149465
rtt150_loss0.1_bw10,edgecc_loss_blind,1,true,4194304,9900595,423641,20288,15,2543,0,135496,149319,149463
rtt150_loss0.1_bw10,edgecc_loss_blind,2,true,4194304,9894502,423902,19247,15,2543,0,148307,149333,149465
rtt150_loss0.1_bw10,edgecc_prior,0,true,4194304,9747021,430316,19385,15,2548,0,148298,149360,149456
rtt150_loss0.1_bw10,edgecc_prior,1,true,4194304,9706141,432128,19367,15,2548,0,135478,149348,149456
rtt150_loss0.1_bw10,edgecc_prior,2,true,4194304,9744685,430419,19385,15,2548,0,148298,149360,149456
rtt150_loss0.1_bw10,bbr3ref,0,true,4194304,13365821,313808,21572,16,2579,0,148600,149432,149493
rtt150_loss0.1_bw10,bbr3ref,1,true,4194304,13265359,316184,21798,17,2579,0,148600,149432,149493
rtt150_loss0.1_bw10,bbr3ref,2,true,4194304,12843640,326566,21579,16,2579,0,148600,149432,149493
rtt150_loss0.1_bw10,lossblindref,0,true,4194304,9896838,423802,19246,15,2543,0,148307,149333,149465
rtt150_loss0.1_bw10,lossblindref,1,true,4194304,9900595,423641,20288,15,2543,0,135496,149319,149463
rtt150_loss0.1_bw10,lossblindref,2,true,4194304,9894502,423902,19247,15,2543,0,148307,149333,149465
rtt150_loss0.1_bw10,cubicref,0,true,4194304,4719139,888785,2210,3,1998,0,148179,149347,149475
rtt150_loss0.1_bw10,cubicref,1,true,4194304,7395696,567127,4380,3,2369,0,4100,149052,149363
rtt150_loss0.1_bw10,cubicref,2,true,4194304,5148596,814650,2879,4,2004,0,148148,149343,149467
rtt150_loss0.1_bw10,newrenoref,0,true,4194304,5551086,755582,2209,3,1993,0,148184,149359,149480
rtt150_loss0.1_bw10,newrenoref,1,true,4194304,7363519,569605,4543,3,2338,0,6250,149185,149455
rtt150_loss0.1_bw10,newrenoref,2,true,4194304,5149660,814481,2898,4,1996,0,148175,149353,149485
rtt150_loss0.1_bw100,edgecc,0,true,4194304,1573295,2665936,405,1,405,0,59238,145037,150170
rtt150_loss0.1_bw100,edgecc,1,true,4194304,1573295,2665936,406,1,406,0,42541,142715,150155
rtt150_loss0.1_bw100,edgecc,2,true,4194304,1573646,2665341,405,1,405,0,48631,143642,150161
rtt150_loss0.1_bw100,edgecc_no_prand,0,true,4194304,1573295,2665936,405,1,405,0,59238,145037,150170
rtt150_loss0.1_bw100,edgecc_no_prand,1,true,4194304,1573295,2665936,406,1,406,0,42541,142715,150155
rtt150_loss0.1_bw100,edgecc_no_prand,2,true,4194304,1573646,2665341,405,1,405,0,48631,143642,150161
rtt150_loss0.1_bw100,edgecc_loss_blind,0,true,4194304,1573295,2665936,405,1,405,0,59238,145037,150170
rtt150_loss0.1_bw100,edgecc_loss_blind,1,true,4194304,1573295,2665936,406,1,406,0,42541,142715,150155
rtt150_loss0.1_bw100,edgecc_loss_blind,2,true,4194304,1573646,2665341,405,1,405,0,48631,143642,150161
rtt150_loss0.1_bw100,edgecc_prior,0,true,4194304,1166996,3594103,617,1,617,0,74286,149519,150224
rtt150_loss0.1_bw100,edgecc_prior,1,true,4194304,1150797,3644694,586,1,585,0,54440,150104,150206
rtt150_loss0.1_bw100,edgecc_prior,2,true,4194304,1150797,3644694,618,1,617,0,61739,148137,150224
rtt150_loss0.1_bw100,bbr3ref,0,true,4194304,1300797,3224410,1319,1,1316,0,106457,150180,150218
rtt150_loss0.1_bw100,bbr3ref,1,true,4194304,1300680,3224700,1318,1,1316,0,86171,150160,150213
rtt150_loss0.1_bw100,bbr3ref,2,true,4194304,1335283,3141134,1317,1,1316,0,96665,150168,150215
rtt150_loss0.1_bw100,lossblindref,0,true,4194304,1573295,2665936,405,1,405,0,59238,145037,150170
rtt150_loss0.1_bw100,lossblindref,1,true,4194304,1573295,2665936,406,1,406,0,42541,142715,150155
rtt150_loss0.1_bw100,lossblindref,2,true,4194304,1573646,2665341,405,1,405,0,48631,143642,150161
rtt150_loss0.1_bw100,cubicref,0,true,4194304,1869598,2243425,4,0,4,0,117,84626,94912
rtt150_loss0.1_bw100,cubicref,1,true,4194304,2631259,1594029,400,1,400,0,55140,147617,150194
rtt150_loss0.1_bw100,cubicref,2,true,4194304,3566895,1175897,335,1,335,0,35437,141053,150128
rtt150_loss0.1_bw100,newrenoref,0,true,4194304,1869598,2243425,4,0,4,0,117,81011,91070
rtt150_loss0.1_bw100,newrenoref,1,true,4194304,1710620,2451920,178,0,178,0,49343,143077,150158
rtt150_loss0.1_bw100,newrenoref,2,true,4194304,3395961,1235086,247,1,247,0,35057,140959,150142
rtt150_loss0.1_bw1000,edgecc,0,true,4194304,916759,4575143,4,0,4,0,12,12,28
rtt150_loss0.1_bw1000,edgecc,1,true,4194304,922307,4547622,5,0,5,0,12,12,24
rtt150_loss0.1_bw1000,edgecc,2,true,4194304,925972,4529622,3,0,3,0,12,12,26
rtt150_loss0.1_bw1000,edgecc_no_prand,0,true,4194304,916759,4575143,4,0,4,0,12,12,28
rtt150_loss0.1_bw1000,edgecc_no_prand,1,true,4194304,922307,4547622,5,0,5,0,12,12,24
rtt150_loss0.1_bw1000,edgecc_no_prand,2,true,4194304,925972,4529622,3,0,3,0,12,12,26
rtt150_loss0.1_bw1000,edgecc_loss_blind,0,true,4194304,916759,4575143,4,0,4,0,12,12,28
rtt150_loss0.1_bw1000,edgecc_loss_blind,1,true,4194304,922307,4547622,5,0,5,0,12,12,24
rtt150_loss0.1_bw1000,edgecc_loss_blind,2,true,4194304,925972,4529622,3,0,3,0,12,12,26
rtt150_loss0.1_bw1000,edgecc_prior,0,true,4194304,355494,11798522,4,0,4,0,12,12,12
rtt150_loss0.1_bw1000,edgecc_prior,1,true,4194304,365844,11464733,5,0,5,0,12,12,12
rtt150_loss0.1_bw1000,edgecc_prior,2,true,4194304,373764,11221797,3,0,3,0,12,12,12
rtt150_loss0.1_bw1000,bbr3ref,0,true,4194304,485656,8636368,4,0,4,0,17040,27480,28404
rtt150_loss0.1_bw1000,bbr3ref,1,true,4194304,489784,8563579,5,0,5,0,14676,27240,28344
rtt150_loss0.1_bw1000,bbr3ref,2,true,4194304,492976,8508130,3,0,3,0,15684,27348,28392
rtt150_loss0.1_bw1000,lossblindref,0,true,4194304,916759,4575143,4,0,4,0,12,12,28
rtt150_loss0.1_bw1000,lossblindref,1,true,4194304,922307,4547622,5,0,5,0,12,12,24
rtt150_loss0.1_bw1000,lossblindref,2,true,4194304,925972,4529622,3,0,3,0,12,12,26
rtt150_loss0.1_bw1000,cubicref,0,true,4194304,1868161,2245151,4,0,4,0,12,1604,2066
rtt150_loss0.1_bw1000,cubicref,1,true,4194304,1478087,2837657,5,0,5,0,12,12,12
rtt150_loss0.1_bw1000,cubicref,2,true,4194304,1730002,2424450,3,0,3,0,12,1148,1460
rtt150_loss0.1_bw1000,newrenoref,0,true,4194304,1868161,2245151,4,0,4,0,12,398,668
rtt150_loss0.1_bw1000,newrenoref,1,true,4194304,1508206,2780988,5,0,5,0,12,12,12
rtt150_loss0.1_bw1000,newrenoref,2,true,4194304,1739093,2411776,3,0,3,0,12,12,12
rtt150_loss1_bw10,edgecc,0,true,4194304,9732753,430947,19535,15,2543,0,148307,149333,149465
rtt150_loss1_bw10,edgecc,1,true,4194304,9786734,428570,20287,15,2543,0,135496,149319,149463
rtt150_loss1_bw10,edgecc,2,true,4194304,10340067,405636,19235,15,2543,0,148307,149333,149465
rtt150_loss1_bw10,edgecc_no_prand,0,true,4194304,9732753,430947,19535,15,2543,0,148307,149333,149465
rtt150_loss1_bw10,edgecc_no_prand,1,true,4194304,9786734,428570,20287,15,2543,0,135496,149319,149463
rtt150_loss1_bw10,edgecc_no_prand,2,true,4194304,10340067,405636,19235,15,2543,0,148307,149333,149465
rtt150_loss1_bw10,edgecc_loss_blind,0,true,4194304,9732753,430947,19535,15,2543,0,148307,149333,149465
rtt150_loss1_bw10,edgecc_loss_blind,1,true,4194304,9786734,428570,20287,15,2543,0,135496,149319,149463
rtt150_loss1_bw10,edgecc_loss_blind,2,true,4194304,10340067,405636,19235,15,2543,0,148307,149333,149465
rtt150_loss1_bw10,edgecc_prior,0,true,4194304,10804647,388194,19671,15,2548,0,148298,149360,149456
rtt150_loss1_bw10,edgecc_prior,1,true,4194304,9598963,436953,19521,15,2548,0,135478,149348,149456
rtt150_loss1_bw10,edgecc_prior,2,true,4194304,9603712,436737,19363,15,2548,0,148298,149360,149456
rtt150_loss1_bw10,bbr3ref,0,true,4194304,12938165,324180,23263,18,2579,0,148600,149432,149493
rtt150_loss1_bw10,bbr3ref,1,true,4194304,12445582,337011,23249,17,2579,0,148600,149432,149493
rtt150_loss1_bw10,bbr3ref,2,true,4194304,12337745,339957,21690,17,2579,0,148600,149432,149493
rtt150_loss1_bw10,lossblindref,0,true,4194304,9732753,430947,19535,15,2543,0,148307,149333,149465
rtt150_loss1_bw10,lossblindref,1,true,4194304,9786734,428570,20287,15,2543,0,135496,149319,149463
rtt150_loss1_bw10,lossblindref,2,true,4194304,10340067,405636,19235,15,2543,0,148307,149333,149465
rtt150_loss1_bw10,cubicref,0,true,4194304,6682345,627669,2210,6,2186,0,69990,149286,149454
rtt150_loss1_bw10,cubicref,1,true,4194304,11652480,359949,4517,9,2369,0,13736,149008,149363
rtt150_loss1_bw10,cubicref,2,true,4194304,12610994,332591,4258,11,2258,0,42420,149024,149337
rtt150_loss1_bw10,newrenoref,0,true,4194304,17972300,233376,2192,8,2168,0,75482,149303,149443
rtt150_loss1_bw10,newrenoref,1,true,4194304,25642379,163569,4374,11,2339,0,23591,149139,149440
rtt150_loss1_bw10,newrenoref,2,true,4194304,33548295,125022,4166,14,2233,0,48944,149161,149446
rtt150_loss1_bw100,edgecc,0,true,4194304,1546376,2712344,406,1,405,0,45091,142805,150158
rtt150_loss1_bw100,edgecc,1,true,4194304,1528835,2743464,409,1,407,0,41881,142337,150155
rtt150_loss1_bw100,edgecc,2,true,4194304,1543398,2717577,409,1,406,0,43810,142688,150158
rtt150_loss1_bw100,edgecc_no_prand,0,true,4194304,1546376,2712344,406,1,405,0,45091,142805,150158
rtt150_loss1_bw100,edgecc_no_prand,1,true,4194304,1528835,2743464,409,1,407,0,41881,142337,150155
rtt150_loss1_bw100,edgecc_no_prand,2,true,4194304,1543398,2717577,409,1,406,0,43810,142688,150158
rtt150_loss1_bw100,edgecc_loss_blind,0,true,4194304,1546376,2712344,406,1,405,0,45091,142805,150158
rtt150_loss1_bw100,edgecc_loss_blind,1,true,4194304,1528835,2743464,409,1,407,0,41881,142337,150155
rtt150_loss1_bw100,edgecc_loss_blind,2,true,4194304,1543398,2717577,409,1,406,0,43810,142688,150158
rtt150_loss1_bw100,edgecc_prior,0,true,4194304,1151148,3643583,623,1,619,0,57206,147424,150224
rtt150_loss1_bw100,edgecc_prior,1,true,4194304,1151265,3643213,596,1,591,0,54534,150098,150203
rtt150_loss1_bw100,edgecc_prior,2,true,4194304,1151265,3643213,626,1,621,0,55640,147190,150224
rtt150_loss1_bw100,bbr3ref,0,true,4194304,1301967,3221513,1329,1,1316,0,91416,150164,150214
rtt150_loss1_bw100,bbr3ref,1,true,4194304,1302084,3221223,1330,1,1316,0,86163,150159,150213
rtt150_loss1_bw100,bbr3ref,2,true,4194304,1301733,3222092,1327,1,1316,0,89431,150161,150214
rtt150_loss1_bw100,lossblindref,0,true,4194304,1546376,2712344,406,1,405,0,45091,142805,150158
rtt150_loss1_bw100,lossblindref,1,true,4194304,1528835,2743464,409,1,407,0,41881,142337,150155
rtt150_loss1_bw100,lossblindref,2,true,4194304,1543398,2717577,409,1,406,0,43810,142688,150158
rtt150_loss1_bw100,cubicref,0,true,4194304,2865209,1463873,514,1,513,0,47700,145146,150177
rtt150_loss1_bw100,cubicref,1,true,4194304,2785756,1505625,405,1,403,0,51792,146735,150188
rtt150_loss1_bw100,cubicref,2,true,4194304,3259046,1286972,540,1,535,0,51122,146507,150198
rtt150_loss1_bw100,newrenoref,0,true,4194304,3162193,1326390,385,1,384,0,45574,144286,150191
rtt150_loss1_bw100,newrenoref,1,true,4194304,2670226,1570767,198,1,198,0,45779,142615,150153
rtt150_loss1_bw100,newrenoref,2,true,4194304,3167331,1324239,383,1,380,0,47959,145185,150183
rtt150_loss1_bw1000,edgecc,0,true,4194304,928703,4516302,26,0,26,0,12,12,26
rtt150_loss1_bw1000,edgecc,1,true,4194304,927480,4522258,34,0,34,0,12,12,24
rtt150_loss1_bw1000,edgecc,2,true,4194304,930707,4506578,31,0,31,0,12,12,24
rtt150_loss1_bw1000,edgecc_no_prand,0,true,4194304,928703,4516302,26,0,26,0,12,12,26
rtt150_loss1_bw1000,edgecc_no_prand,1,true,4194304,927480,4522258,34,0,34,0,12,12,24
rtt150_loss1_bw1000,edgecc_no_prand,2,true,4194304,930707,4506578,31,0,31,0,12,12,24
rtt150_loss1_bw1000,edgecc_loss_blind,0,true,4194304,928703,4516302,26,0,26,0,12,12,26
rtt150_loss1_bw1000,edgecc_loss_blind,1,true,4194304,927480,4522258,34,0,34,0,12,12,24
rtt150_loss1_bw1000,edgecc_loss_blind,2,true,4194304,930707,4506578,31,0,31,0,12,12,24
rtt150_loss1_bw1000,edgecc_prior,0,true,4194304,380244,11030559,26,0,26,0,12,12,12
rtt150_loss1_bw1000,edgecc_prior,1,true,4194304,377244,11118278,34,0,34,0,12,12,12
rtt150_loss1_bw1000,edgecc_prior,2,true,4194304,385254,10887113,31,0,31,0,12,12,12
rtt150_loss1_bw1000,bbr3ref,0,true,4194304,495292,8468345,26,0,26,0,15048,27048,28104
rtt150_loss1_bw1000,bbr3ref,1,true,4194304,493996,8490562,34,0,34,0,14508,26904,27996
rtt150_loss1_bw1000,bbr3ref,2,true,4194304,497236,8435237,31,0,31,0,14832,26964,28044
rtt150_loss1_bw1000,lossblindref,0,true,4194304,928703,4516302,26,0,26,0,12,12,26
rtt150_loss1_bw1000,lossblindref,1,true,4194304,927480,4522258,34,0,34,0,12,12,24
rtt150_loss1_bw1000,lossblindref,2,true,4194304,930707,4506578,31,0,31,0,12,12,24
rtt150_loss1_bw1000,cubicref,0,true,4194304,1636859,2562410,26,0,26,0,12,12,12
rtt150_loss1_bw1000,cubicref,1,true,4194304,1486822,2820985,34,0,34,0,12,12,12
rtt150_loss1_bw1000,cubicref,2,true,4194304,1594115,2631117,31,0,31,0,12,12,12
rtt150_loss1_bw1000,newrenoref,0,true,4194304,1653220,2537051,26,0,26,0,12,12,12
rtt150_loss1_bw1000,newrenoref,1,true,4194304,1519330,2760627,34,0,34,0,12,12,12
rtt150_loss1_bw1000,newrenoref,2,true,4194304,1614996,2597098,31,0,31,0,12,12,12
rtt150_loss3_bw10,edgecc,0,true,4194304,10200724,411177,19586,16,2536,0,114928,149367,149467
rtt150_loss3_bw10,edgecc,1,true,4194304,10133664,413898,19516,15,2528,0,114728,149259,149477
rtt150_loss3_bw10,edgecc,2,true,4194304,10122786,414342,19682,16,2522,0,113760,149320,149472
rtt150_loss3_bw10,edgecc_no_prand,0,true,4194304,10200724,411177,19586,16,2536,0,114928,149367,149467
rtt150_loss3_bw10,edgecc_no_prand,1,true,4194304,10133664,413898,19516,15,2528,0,114728,149259,149477
rtt150_loss3_bw10,edgecc_no_prand,2,true,4194304,10122786,414342,19682,16,2522,0,113760,149320,149472
rtt150_loss3_bw10,edgecc_loss_blind,0,true,4194304,10200724,411177,19586,16,2536,0,114928,149367,149467
rtt150_loss3_bw10,edgecc_loss_blind,1,true,4194304,10133664,413898,19516,15,2528,0,114728,149259,149477
rtt150_loss3_bw10,edgecc_loss_blind,2,true,4194304,10122786,414342,19682,16,2522,0,113760,149320,149472
rtt150_loss3_bw10,edgecc_prior,0,true,4194304,10711216,391580,20228,16,2545,0,111284,149307,149446
rtt150_loss3_bw10,edgecc_prior,1,true,4194304,10145930,413397,19924,16,2533,0,113534,149410,149480
rtt150_loss3_bw10,edgecc_prior,2,true,4194304,10743968,390386,19868,16,2528,0,111284,149368,149463
rtt150_loss3_bw10,bbr3ref,0,true,4194304,11443011,366538,21740,17,2579,0,148383,149416,149488
rtt150_loss3_bw10,bbr3ref,1,true,4194304,9783818,428698,16316,14,2150,0,148840,149336,149464
rtt150_loss3_bw10,bbr3ref,2,true,4194304,9327875,449652,14154,14,2118,0,148384,149328,149476
rtt150_loss3_bw10,lossblindref,0,true,4194304,10200724,411177,19586,16,2536,0,114928,149367,149467
rtt150_loss3_bw10,lossblindref,1,true,4194304,10133664,413898,19516,15,2528,0,114728,149259,149477
rtt150_loss3_bw10,lossblindref,2,true,4194304,10122786,414342,19682,16,2522,0,113760,149320,149472
rtt150_loss3_bw10,cubicref,0,true,4194304,9708390,432028,4649,11,2438,0,88968,149323,149459
rtt150_loss3_bw10,cubicref,1,true,4194304,17009453,246586,4674,18,2455,0,73261,149293,149441
rtt150_loss3_bw10,cubicref,2,true,4194304,8466346,495408,4190,10,2427,0,48383,149223,149428
rtt150_loss3_bw10,newrenoref,0,true,4194304,29241346,143437,3496,19,2399,0,84424,149301,149472
rtt150_loss3_bw10,newrenoref,1,true,4194304,47895751,87571,4549,28,2388,0,78789,149232,149425
rtt150_loss3_bw10,newrenoref,2,false,4093840,60000000,68230,4497,36,2378,0,124480,149370,149471
rtt150_loss3_bw100,edgecc,0,true,4194304,1402730,2990100,270,1,262,0,36796,140855,150137
rtt150_loss3_bw100,edgecc,1,true,4194304,1424511,2944381,287,1,284,0,38050,141347,150147
rtt150_loss3_bw100,edgecc,2,true,4194304,2026780,2069442,327,2,315,0,40654,142159,150163
rtt150_loss3_bw100,edgecc_no_prand,0,true,4194304,1402730,2990100,270,1,262,0,36796,140855,150137
rtt150_loss3_bw100,edgecc_no_prand,1,true,4194304,1424511,2944381,287,1,284,0,38050,141347,150147
rtt150_loss3_bw100,edgecc_no_prand,2,true,4194304,2026780,2069442,327,2,315,0,40654,142159,150163
rtt150_loss3_bw100,edgecc_loss_blind,0,true,4194304,1402730,2990100,270,1,262,0,36796,140855,150137
rtt150_loss3_bw100,edgecc_loss_blind,1,true,4194304,1424511,2944381,287,1,284,0,38050,141347,150147
rtt150_loss3_bw100,edgecc_loss_blind,2,true,4194304,2026780,2069442,327,2,315,0,40654,142159,150163
rtt150_loss3_bw100,edgecc_prior,0,true,4194304,1151170,3643513,460,1,450,0,53254,146052,150186
rtt150_loss3_bw100,edgecc_prior,1,true,4194304,1151733,3641732,449,1,440,0,51407,145535,150176
rtt150_loss3_bw100,edgecc_prior,2,true,4194304,1750665,2395834,498,2,482,0,54556,146668,150184
rtt150_loss3_bw100,bbr3ref,0,true,4194304,1753592,2391835,1358,2,1316,0,83246,150155,150213
rtt150_loss3_bw100,bbr3ref,1,true,4194304,1752422,2393432,1351,2,1316,0,82306,150154,150213
rtt150_loss3_bw100,bbr3ref,2,true,4194304,1753241,2392314,1359,2,1316,0,82197,150153,150213
rtt150_loss3_bw100,lossblindref,0,true,4194304,1402730,2990100,270,1,262,0,36796,140855,150137
rtt150_loss3_bw100,lossblindref,1,true,4194304,1424511,2944381,287,1,284,0,38050,141347,150147
rtt150_loss3_bw100,lossblindref,2,true,4194304,2026780,2069442,327,2,315,0,40654,142159,150163
rtt150_loss3_bw100,cubicref,0,true,4194304,2967131,1413589,320,1,311,0,31853,139870,150163
rtt150_loss3_bw100,cubicref,1,true,4194304,2520219,1664261,456,2,447,0,42313,143387,150169
rtt150_loss3_bw100,cubicref,2,true,4194304,2173094,1930107,372,2,359,0,60786,150066,150201
rtt150_loss3_bw100,newrenoref,0,true,4194304,2884629,1454018,308,1,299,0,35458,140748,150135
rtt150_loss3_bw100,newrenoref,1,true,4194304,2402072,1746119,186,1,183,0,25292,137866,148708
rtt150_loss3_bw100,newrenoref,2,true,4194304,2226346,1883940,101,1,98,0,6950,127402,139333
rtt150_loss3_bw1000,edgecc,0,true,4194304,1240546,3381014,90,1,88,0,12,12,12
rtt150_loss3_bw1000,edgecc,1,true,4194304,1205663,3478836,93,1,91,0,12,12,12
rtt150_loss3_bw1000,edgecc,2,true,4194304,1688793,2483610,101,2,98,0,12,12,12
rtt150_loss3_bw1000,edgecc_no_prand,0,true,4194304,1240546,3381014,90,1,88,0,12,12,12
rtt150_loss3_bw1000,edgecc_no_prand,1,true,4194304,1205663,3478836,93,1,91,0,12,12,12
rtt150_loss3_bw1000,edgecc_no_prand,2,true,4194304,1688793,2483610,101,2,98,0,12,12,12
rtt150_loss3_bw1000,edgecc_loss_blind,0,true,4194304,1240546,3381014,90,1,88,0,12,12,12
rtt150_loss3_bw1000,edgecc_loss_blind,1,true,4194304,1205663,3478836,93,1,91,0,12,12,12
rtt150_loss3_bw1000,edgecc_loss_blind,2,true,4194304,1688793,2483610,101,2,98,0,12,12,12
rtt150_loss3_bw1000,edgecc_prior,0,true,4194304,1150072,3646992,90,1,88,0,12,12,12
rtt150_loss3_bw1000,edgecc_prior,1,true,4194304,1150057,3647040,93,1,91,0,12,12,12
rtt150_loss3_bw1000,edgecc_prior,2,true,4194304,1550012,2705981,101,2,97,0,12,12,12
rtt150_loss3_bw1000,bbr3ref,0,true,4194304,1150024,3647144,90,1,88,0,13932,26256,27348
rtt150_loss3_bw1000,bbr3ref,1,true,4194304,1150024,3647144,93,1,91,0,13836,26220,27312
rtt150_loss3_bw1000,bbr3ref,2,true,4194304,1550012,2705981,101,2,97,0,13788,26148,27240
rtt150_loss3_bw1000,lossblindref,0,true,4194304,1240546,3381014,90,1,88,0,12,12,12
rtt150_loss3_bw1000,lossblindref,1,true,4194304,1205663,3478836,93,1,91,0,12,12,12
rtt150_loss3_bw1000,lossblindref,2,true,4194304,1688793,2483610,101,2,98,0,12,12,12
rtt150_loss3_bw1000,cubicref,0,true,4194304,1788143,2345620,90,1,88,0,12,12,12
rtt150_loss3_bw1000,cubicref,1,true,4194304,1494187,2807081,93,1,90,0,12,12,12
rtt150_loss3_bw1000,cubicref,2,true,4194304,2183013,1921337,101,2,98,0,12,12,12
rtt150_loss3_bw1000,newrenoref,0,true,4194304,1822965,2300814,90,1,88,0,12,12,12
rtt150_loss3_bw1000,newrenoref,1,true,4194304,1681560,2494293,93,1,91,0,12,12,12
rtt150_loss3_bw1000,newrenoref,2,true,4194304,1895929,2212268,101,1,98,0,12,410,704
rtt150_loss5_bw10,edgecc,0,true,4194304,10110876,414830,19860,16,2523,0,99696,149248,149430
rtt150_loss5_bw10,edgecc,1,true,4194304,10719808,391266,19649,17,2525,0,116365,149323,149477
rtt150_loss5_bw10,edgecc,2,true,4194304,10720857,391228,19580,16,2521,0,114928,149320,149472
rtt150_loss5_bw10,edgecc_no_prand,0,true,4194304,10110876,414830,19860,16,2523,0,99696,149248,149430
rtt150_loss5_bw10,edgecc_no_prand,1,true,4194304,10719808,391266,19649,17,2525,0,116365,149323,149477
rtt150_loss5_bw10,edgecc_no_prand,2,true,4194304,10720857,391228,19580,16,2521,0,114928,149320,149472
rtt150_loss5_bw10,edgecc_loss_blind,0,true,4194304,10110876,414830,19860,16,2523,0,99696,149248,149430
rtt150_loss5_bw10,edgecc_loss_blind,1,true,4194304,10719808,391266,19649,17,2525,0,116365,149323,149477
rtt150_loss5_bw10,edgecc_loss_blind,2,true,4194304,10720857,391228,19580,16,2521,0,114928,149320,149472
rtt150_loss5_bw10,edgecc_prior,0,true,4194304,10707440,391718,19856,16,2532,0,108614,149323,149471
rtt150_loss5_bw10,edgecc_prior,1,true,4194304,10133732,413895,19870,16,2528,0,112452,149345,149473
rtt150_loss5_bw10,edgecc_prior,2,true,4194304,10743968,390386,19868,16,2528,0,111284,149368,149463
rtt150_loss5_bw10,bbr3ref,0,true,4194304,7947149,527774,12065,12,2127,0,147840,149282,149462
rtt150_loss5_bw10,bbr3ref,1,true,4194304,9781732,428789,13110,15,2116,0,148400,149240,149457
rtt150_loss5_bw10,bbr3ref,2,true,4194304,8825384,475254,13799,13,2120,0,148272,149328,149476
rtt150_loss5_bw10,lossblindref,0,true,4194304,10110876,414830,19860,16,2523,0,99696,149248,149430
rtt150_loss5_bw10,lossblindref,1,true,4194304,10719808,391266,19649,17,2525,0,116365,149323,149477
rtt150_loss5_bw10,lossblindref,2,true,4194304,10720857,391228,19580,16,2521,0,114928,149320,149472
rtt150_loss5_bw10,cubicref,0,true,4194304,12650378,331555,4694,15,2418,0,114990,149376,149461
rtt150_loss5_bw10,cubicref,1,true,4194304,11439635,366646,4739,13,2436,0,73304,149264,149433
rtt150_loss5_bw10,cubicref,2,true,4194304,9982176,420179,4284,12,2427,0,48189,149223,149428
rtt150_loss5_bw10,newrenoref,0,true,4194304,34774035,120615,2315,25,2133,0,51268,149052,149377
rtt150_loss5_bw10,newrenoref,1,true,4194304,49885553,84078,4606,38,2391,0,79929,149239,149438
rtt150_loss5_bw10,newrenoref,2,false,3264560,60000000,54409,3949,47,2379,0,123312,149353,149471
rtt150_loss5_bw100,edgecc,0,true,4194304,2038686,2057356,349,2,329,0,40602,141197,150134
rtt150_loss5_bw100,edgecc,1,true,4194304,1750889,2395528,614,2,344,0,41466,141800,150151
rtt150_loss5_bw100,edgecc,2,true,4194304,2027365,2068845,340,2,319,0,40280,141202,150131
rtt150_loss5_bw100,edgecc_no_prand,0,true,4194304,2038686,2057356,349,2,329,0,40602,141197,150134
rtt150_loss5_bw100,edgecc_no_prand,1,true,4194304,1750889,2395528,614,2,344,0,41466,141800,150151
rtt150_loss5_bw100,edgecc_no_prand,2,true,4194304,2027365,2068845,340,2,319,0,40280,141202,150131
rtt150_loss5_bw100,edgecc_loss_blind,0,true,4194304,2038686,2057356,349,2,329,0,40602,141197,150134
rtt150_loss5_bw100,edgecc_loss_blind,1,true,4194304,1750889,2395528,614,2,344,0,41466,141800,150151
rtt150_loss5_bw100,edgecc_loss_blind,2,true,4194304,2027365,2068845,340,2,319,0,40280,141202,150131
rtt150_loss5_bw100,edgecc_prior,0,true,4194304,1750819,2395623,492,2,466,0,52151,144829,150174
rtt150_loss5_bw100,edgecc_prior,1,true,4194304,1752501,2393324,468,2,442,0,50732,144839,150170
rtt150_loss5_bw100,edgecc_prior,2,true,4194304,1750627,2395886,517,2,487,0,54043,145723,150169
rtt150_loss5_bw100,bbr3ref,0,true,4194304,1900784,2206617,1398,2,1316,0,81955,150151,150212
rtt150_loss5_bw100,bbr3ref,1,true,4194304,1901018,2206346,1380,2,1316,0,81834,150152,150213
rtt150_loss5_bw100,bbr3ref,2,true,4194304,1901954,2205260,1392,2,1316,0,82189,150152,150213
rtt150_loss5_bw100,lossblindref,0,true,4194304,2038686,2057356,349,2,329,0,40602,141197,150134
rtt150_loss5_bw100,lossblindref,1,true,4194304,1750889,2395528,614,2,344,0,41466,141800,150151
rtt150_loss5_bw100,lossblindref,2,true,4194304,2027365,2068845,340,2,319,0,40280,141202,150131
rtt150_loss5_bw100,cubicref,0,true,4194304,2590706,1618981,171,1,161,0,18460,129361,140680
rtt150_loss5_bw100,cubicref,1,true,4194304,2970119,1412166,233,2,224,0,49738,138814,149095
rtt150_loss5_bw100,cubicref,2,true,4194304,2176526,1927063,388,2,363,0,60210,148248,150201
rtt150_loss5_bw100,newrenoref,0,true,4194304,3358840,1248735,487,2,463,0,45214,143782,150161
rtt150_loss5_bw100,newrenoref,1,true,4194304,4911352,854001,461,4,442,0,37564,141852,150210
rtt150_loss5_bw100,newrenoref,2,true,4194304,2210735,1897244,164,1,151,0,6401,123703,135169
rtt150_loss5_bw1000,edgecc,0,true,4194304,1255162,3341643,171,1,162,0,12,12,12
rtt150_loss5_bw1000,edgecc,1,true,4194304,1550012,2705981,153,2,144,0,12,12,12
rtt150_loss5_bw1000,edgecc,2,true,4194304,1225462,3422630,164,1,152,0,12,12,12
rtt150_loss5_bw1000,edgecc_no_prand,0,true,4194304,1255162,3341643,171,1,162,0,12,12,12
rtt150_loss5_bw1000,edgecc_no_prand,1,true,4194304,1550012,2705981,153,2,144,0,12,12,12
rtt150_loss5_bw1000,edgecc_no_prand,2,true,4194304,1225462,3422630,164,1,152,0,12,12,12
rtt150_loss5_bw1000,edgecc_loss_blind,0,true,4194304,1255162,3341643,171,1,162,0,12,12,12
rtt150_loss5_bw1000,edgecc_loss_blind,1,true,4194304,1550012,2705981,153,2,144,0,12,12,12
rtt150_loss5_bw1000,edgecc_loss_blind,2,true,4194304,1225462,3422630,164,1,152,0,12,12,12
rtt150_loss5_bw1000,edgecc_prior,0,true,4194304,1150615,3645271,171,1,161,0,12,12,12
rtt150_loss5_bw1000,edgecc_prior,1,true,4194304,1550012,2705981,153,2,144,0,12,12,12
rtt150_loss5_bw1000,edgecc_prior,2,true,4194304,1150804,3644672,164,1,151,0,12,12,12
rtt150_loss5_bw1000,bbr3ref,0,true,4194304,1300084,3226179,171,1,161,0,13392,25416,26484
rtt150_loss5_bw1000,bbr3ref,1,true,4194304,1550012,2705981,153,2,144,0,13488,25608,26688
rtt150_loss5_bw1000,bbr3ref,2,true,4194304,1300120,3226089,164,1,151,0,13476,25524,26604
rtt150_loss5_bw1000,lossblindref,0,true,4194304,1255162,3341643,171,1,162,0,12,12,12
rtt150_loss5_bw1000,lossblindref,1,true,4194304,1550012,2705981,153,2,144,0,12,12,12
rtt150_loss5_bw1000,lossblindref,2,true,4194304,1225462,3422630,164,1,152,0,12,12,12
rtt150_loss5_bw1000,cubicref,0,true,4194304,2016237,2080263,171,1,159,0,12,12,18
rtt150_loss5_bw1000,cubicref,1,true,4194304,1906012,2200565,153,1,145,0,12,12,12
rtt150_loss5_bw1000,cubicref,2,true,4194304,2111418,1986486,164,1,152,0,12,12,12
rtt150_loss5_bw1000,newrenoref,0,true,4194304,2141656,1958439,171,1,162,0,12,12,12
rtt150_loss5_bw1000,newrenoref,1,true,4194304,1958593,2141488,153,1,145,0,12,12,12
rtt150_loss5_bw1000,newrenoref,2,true,4194304,2131076,1968162,164,1,152,0,12,372,648
rtt300_loss0_bw10,edgecc,0,true,4194304,9290323,451470,8279,6,2275,0,269363,298847,298994
rtt300_loss0_bw10,edgecc,1,true,4194304,9290323,451470,8279,6,2275,0,269363,298847,298994
rtt300_loss0_bw10,edgecc,2,true,4194304,9290323,451470,8279,6,2275,0,269363,298847,298994
rtt300_loss0_bw10,edgecc_no_prand,0,true,4194304,9290323,451470,8279,6,2275,0,269363,298847,298994
rtt300_loss0_bw10,edgecc_no_prand,1,true,4194304,9290323,451470,8279,6,2275,0,269363,298847,298994
rtt300_loss0_bw10,edgecc_no_prand,2,true,4194304,9290323,451470,8279,6,2275,0,269363,298847,298994
rtt300_loss0_bw10,edgecc_loss_blind,0,true,4194304,9290323,451470,8279,6,2275,0,269363,298847,298994
rtt300_loss0_bw10,edgecc_loss_blind,1,true,4194304,9290323,451470,8279,6,2275,0,269363,298847,298994
rtt300_loss0_bw10,edgecc_loss_blind,2,true,4194304,9290323,451470,8279,6,2275,0,269363,298847,298994
rtt300_loss0_bw10,edgecc_prior,0,true,4194304,9905611,423427,9297,7,2332,0,200020,298829,298954
rtt300_loss0_bw10,edgecc_prior,1,true,4194304,9905611,423427,9297,7,2332,0,200020,298829,298954
rtt300_loss0_bw10,edgecc_prior,2,true,4194304,9905611,423427,9297,7,2332,0,200020,298829,298954
rtt300_loss0_bw10,bbr3ref,0,true,4194304,12344323,339775,9344,7,2352,0,298000,298920,298992
rtt300_loss0_bw10,bbr3ref,1,true,4194304,12344323,339775,9344,7,2352,0,298000,298920,298992
rtt300_loss0_bw10,bbr3ref,2,true,4194304,12344323,339775,9344,7,2352,0,298000,298920,298992
rtt300_loss0_bw10,lossblindref,0,true,4194304,9290323,451470,8279,6,2275,0,269363,298847,298994
rtt300_loss0_bw10,lossblindref,1,true,4194304,9290323,451470,8279,6,2275,0,269363,298847,298994
rtt300_loss0_bw10,lossblindref,2,true,4194304,9290323,451470,8279,6,2275,0,269363,298847,298994
rtt300_loss0_bw10,cubicref,0,true,4194304,5831889,719201,1340,1,1195,0,291072,298785,298958
rtt300_loss0_bw10,cubicref,1,true,4194304,5831889,719201,1340,1,1195,0,291072,298785,298958
rtt300_loss0_bw10,cubicref,2,true,4194304,5831889,719201,1340,1,1195,0,291072,298785,298958
rtt300_loss0_bw10,newrenoref,0,true,4194304,5831891,719201,1340,1,1192,0,292980,298813,298960
rtt300_loss0_bw10,newrenoref,1,true,4194304,5831891,719201,1340,1,1192,0,292980,298813,298960
rtt300_loss0_bw10,newrenoref,2,true,4194304,5831891,719201,1340,1,1192,0,292980,298813,298960
rtt300_loss0_bw100,edgecc,0,true,4194304,1685346,2488690,0,0,0,0,2510,110242,121081
rtt300_loss0_bw100,edgecc,1,true,4194304,1685346,2488690,0,0,0,0,2510,110242,121081
rtt300_loss0_bw100,edgecc,2,true,4194304,1685346,2488690,0,0,0,0,2510,110242,121081
rtt300_loss0_bw100,edgecc_no_prand,0,true,4194304,1685346,2488690,0,0,0,0,2510,110242,121081
rtt300_loss0_bw100,edgecc_no_prand,1,true,4194304,1685346,2488690,0,0,0,0,2510,110242,121081
rtt300_loss0_bw100,edgecc_no_prand,2,true,4194304,1685346,2488690,0,0,0,0,2510,110242,121081
rtt300_loss0_bw100,edgecc_loss_blind,0,true,4194304,1685346,2488690,0,0,0,0,2510,110242,121081
rtt300_loss0_bw100,edgecc_loss_blind,1,true,4194304,1685346,2488690,0,0,0,0,2510,110242,121081
rtt300_loss0_bw100,edgecc_loss_blind,2,true,4194304,1685346,2488690,0,0,0,0,2510,110242,121081
rtt300_loss0_bw100,edgecc_prior,0,true,4194304,816019,5139958,0,0,0,0,29727,138992,149768
rtt300_loss0_bw100,edgecc_prior,1,true,4194304,816019,5139958,0,0,0,0,29727,138992,149768
rtt300_loss0_bw100,edgecc_prior,2,true,4194304,816019,5139958,0,0,0,0,29727,138992,149768
rtt300_loss0_bw100,bbr3ref,0,true,4194304,2464605,1701815,32,1,32,0,150301,285791,297915
rtt300_loss0_bw100,bbr3ref,1,true,4194304,2464605,1701815,32,1,32,0,150301,285791,297915
rtt300_loss0_bw100,bbr3ref,2,true,4194304,2464605,1701815,32,1,32,0,150301,285791,297915
rtt300_loss0_bw100,lossblindref,0,true,4194304,1685346,2488690,0,0,0,0,2510,110242,121081
rtt300_loss0_bw100,lossblindref,1,true,4194304,1685346,2488690,0,0,0,0,2510,110242,121081
rtt300_loss0_bw100,lossblindref,2,true,4194304,1685346,2488690,0,0,0,0,2510,110242,121081
rtt300_loss0_bw100,cubicref,0,true,4194304,3669722,1142948,0,0,0,0,117,117,117
rtt300_loss0_bw100,cubicref,1,true,4194304,3669722,1142948,0,0,0,0,117,117,117
rtt300_loss0_bw100,cubicref,2,true,4194304,3669722,1142948,0,0,0,0,117,117,117
rtt300_loss0_bw100,newrenoref,0,true,4194304,3669722,1142948,0,0,0,0,117,117,117
rtt300_loss0_bw100,newrenoref,1,true,4194304,3669722,1142948,0,0,0,0,117,117,117
rtt300_loss0_bw100,newrenoref,2,true,4194304,3669722,1142948,0,0,0,0,117,117,117
rtt300_loss0_bw1000,edgecc,0,true,4194304,1561155,2686667,0,0,0,0,12,12,12
rtt300_loss0_bw1000,edgecc,1,true,4194304,1561155,2686667,0,0,0,0,12,12,12
rtt300_loss0_bw1000,edgecc,2,true,4194304,1561155,2686667,0,0,0,0,12,12,12
rtt300_loss0_bw1000,edgecc_no_prand,0,true,4194304,1561155,2686667,0,0,0,0,12,12,12
rtt300_loss0_bw1000,edgecc_no_prand,1,true,4194304,1561155,2686667,0,0,0,0,12,12,12
rtt300_loss0_bw1000,edgecc_no_prand,2,true,4194304,1561155,2686667,0,0,0,0,12,12,12
rtt300_loss0_bw1000,edgecc_loss_blind,0,true,4194304,1561155,2686667,0,0,0,0,12,12,12
rtt300_loss0_bw1000,edgecc_loss_blind,1,true,4194304,1561155,2686667,0,0,0,0,12,12,12
rtt300_loss0_bw1000,edgecc_loss_blind,2,true,4194304,1561155,2686667,0,0,0,0,12,12,12
rtt300_loss0_bw1000,edgecc_prior,0,true,4194304,386170,10861289,0,0,0,0,12,12,12
rtt300_loss0_bw1000,edgecc_prior,1,true,4194304,386170,10861289,0,0,0,0,12,12,12
rtt300_loss0_bw1000,edgecc_prior,2,true,4194304,386170,10861289,0,0,0,0,12,12,12
rtt300_loss0_bw1000,bbr3ref,0,true,4194304,661504,6340557,0,0,0,0,14328,27252,28392
rtt300_loss0_bw1000,bbr3ref,1,true,4194304,661504,6340557,0,0,0,0,14328,27252,28392
rtt300_loss0_bw1000,bbr3ref,2,true,4194304,661504,6340557,0,0,0,0,14328,27252,28392
rtt300_loss0_bw1000,lossblindref,0,true,4194304,1561155,2686667,0,0,0,0,12,12,12
rtt300_loss0_bw1000,lossblindref,1,true,4194304,1561155,2686667,0,0,0,0,12,12,12
rtt300_loss0_bw1000,lossblindref,2,true,4194304,1561155,2686667,0,0,0,0,12,12,12
rtt300_loss0_bw1000,cubicref,0,true,4194304,3668362,1143372,0,0,0,0,12,12,12
rtt300_loss0_bw1000,cubicref,1,true,4194304,3668362,1143372,0,0,0,0,12,12,12
rtt300_loss0_bw1000,cubicref,2,true,4194304,3668362,1143372,0,0,0,0,12,12,12
rtt300_loss0_bw1000,newrenoref,0,true,4194304,3668362,1143372,0,0,0,0,12,12,12
rtt300_loss0_bw1000,newrenoref,1,true,4194304,3668362,1143372,0,0,0,0,12,12,12
rtt300_loss0_bw1000,newrenoref,2,true,4194304,3668362,1143372,0,0,0,0,12,12,12
rtt300_loss0.1_bw10,edgecc,0,true,4194304,9274121,452258,8285,6,2275,0,269363,298847,298994
rtt300_loss0.1_bw10,edgecc,1,true,4194304,9318505,450104,8556,6,2275,0,221405,298758,298991
rtt300_loss0.1_bw10,edgecc,2,true,4194304,9005406,465754,8279,6,2275,0,269363,298847,298994
rtt300_loss0.1_bw10,edgecc_no_prand,0,true,4194304,9274121,452258,8285,6,2275,0,269363,298847,298994
rtt300_loss0.1_bw10,edgecc_no_prand,1,true,4194304,9318505,450104,8556,6,2275,0,221405,298758,298991
rtt300_loss0.1_bw10,edgecc_no_prand,2,true,4194304,9005406,465754,8279,6,2275,0,269363,298847,298994
rtt300_loss0.1_bw10,edgecc_loss_blind,0,true,4194304,9274121,452258,8285,6,2275,0,269363,298847,298994
rtt300_loss0.1_bw10,edgecc_loss_blind,1,true,4194304,9318505,450104,8556,6,2275,0,221405,298758,298991
rtt300_loss0.1_bw10,edgecc_loss_blind,2,true,4194304,9005406,465754,8279,6,2275,0,269363,298847,298994
rtt300_loss0.1_bw10,edgecc_prior,0,true,4194304,9886837,424231,9297,7,2332,0,200020,298829,298954
rtt300_loss0.1_bw10,edgecc_prior,1,true,4194304,11008761,380996,9290,7,2332,0,182672,298677,298949
rtt300_loss0.1_bw10,edgecc_prior,2,true,4194304,9571563,438204,9297,7,2332,0,200020,298829,298954
rtt300_loss0.1_bw10,bbr3ref,0,true,4194304,11929683,351585,9344,7,2352,0,298000,298920,298992
rtt300_loss0.1_bw10,bbr3ref,1,true,4194304,11956187,350806,9246,7,2352,0,297824,298896,298992
rtt300_loss0.1_bw10,bbr3ref,2,true,4194304,12867790,325953,9829,8,2352,0,298000,298920,298992
rtt300_loss0.1_bw10,lossblindref,0,true,4194304,9274121,452258,8285,6,2275,0,269363,298847,298994
rtt300_loss0.1_bw10,lossblindref,1,true,4194304,9318505,450104,8556,6,2275,0,221405,298758,298991
rtt300_loss0.1_bw10,lossblindref,2,true,4194304,9005406,465754,8279,6,2275,0,269363,298847,298994
rtt300_loss0.1_bw10,cubicref,0,true,4194304,5831895,719200,1340,1,1221,0,281122,298802,298958
rtt300_loss0.1_bw10,cubicref,1,true,4194304,6276555,668249,2492,3,2133,0,93204,298702,298960
rtt300_loss0.1_bw10,cubicref,2,true,4194304,12031125,348621,3170,2,1740,0,60538,298357,298774
rtt300_loss0.1_bw10,newrenoref,0,true,4194304,5831895,719200,1340,1,1215,0,283024,298803,298961
rtt300_loss0.1_bw10,newrenoref,1,true,4194304,6283008,667563,2146,3,1782,0,6744,298730,298941
rtt300_loss0.1_bw10,newrenoref,2,true,4194304,11763398,356555,3105,2,1718,0,65318,298233,298950
rtt300_loss0.1_bw100,edgecc,0,true,4194304,1865443,2248422,4,0,4,0,20885,112477,121300
rtt300_loss0.1_bw100,edgecc,1,true,4194304,1905925,2200665,5,0,5,0,4517,110455,120949
rtt300_loss0.1_bw100,edgecc,2,true,4194304,1936930,2165439,3,0,3,0,10793,111466,121183
rtt300_loss0.1_bw100,edgecc_no_prand,0,true,4194304,1865443,2248422,4,0,4,0,20885,112477,121300
rtt300_loss0.1_bw100,edgecc_no_prand,1,true,4194304,1905925,2200665,5,0,5,0,4517,110455,120949
rtt300_loss0.1_bw100,edgecc_no_prand,2,true,4194304,1936930,2165439,3,0,3,0,10793,111466,121183
rtt300_loss0.1_bw100,edgecc_loss_blind,0,true,4194304,1865443,2248422,4,0,4,0,20885,112477,121300
rtt300_loss0.1_bw100,edgecc_loss_blind,1,true,4194304,1905925,2200665,5,0,5,0,4517,110455,120949
rtt300_loss0.1_bw100,edgecc_loss_blind,2,true,4194304,1936930,2165439,3,0,3,0,10793,111466,121183
rtt300_loss0.1_bw100,edgecc_prior,0,true,4194304,995999,4211152,4,0,4,0,50379,141197,149864
rtt300_loss0.1_bw100,edgecc_prior,1,true,4194304,1036481,4046677,5,0,5,0,32466,131541,140340
rtt300_loss0.1_bw100,edgecc_prior,2,true,4194304,1067603,3928711,3,0,3,0,40005,140156,149885
rtt300_loss0.1_bw100,bbr3ref,0,true,4194304,2462979,1702939,32,1,32,0,179217,288470,298149
rtt300_loss0.1_bw100,bbr3ref,1,true,4194304,2463102,1702854,32,1,32,0,154263,286021,297681
rtt300_loss0.1_bw100,bbr3ref,2,true,4194304,2463205,1702783,32,1,32,0,164757,287070,297915
rtt300_loss0.1_bw100,lossblindref,0,true,4194304,1865443,2248422,4,0,4,0,20885,112477,121300
rtt300_loss0.1_bw100,lossblindref,1,true,4194304,1905925,2200665,5,0,5,0,4517,110455,120949
rtt300_loss0.1_bw100,lossblindref,2,true,4194304,1936930,2165439,3,0,3,0,10793,111466,121183
rtt300_loss0.1_bw100,cubicref,0,true,4194304,3736901,1122401,5,1,4,0,117,74108,83738
rtt300_loss0.1_bw100,cubicref,1,true,4194304,3038304,1380475,389,2,5,0,17143,89261,111812
rtt300_loss0.1_bw100,cubicref,2,true,4194304,3697928,1134230,4,1,3,0,36840,146555,156833
rtt300_loss0.1_bw100,newrenoref,0,true,4194304,3736901,1122401,5,1,4,0,117,67329,76535
rtt300_loss0.1_bw100,newrenoref,1,true,4194304,3153136,1330200,379,2,5,0,932,44546,61019
rtt300_loss0.1_bw100,newrenoref,2,true,4194304,3697928,1134230,4,1,3,0,28079,128895,138702
rtt300_loss0.1_bw1000,edgecc,0,true,4194304,1832989,2288231,8,1,4,0,12,12,12
rtt300_loss0.1_bw1000,edgecc,1,true,4194304,1843944,2274637,10,1,5,0,12,12,12
rtt300_loss0.1_bw1000,edgecc,2,true,4194304,1851221,2265695,6,1,3,0,12,12,12
rtt300_loss0.1_bw1000,edgecc_no_prand,0,true,4194304,1832989,2288231,8,1,4,0,12,12,12
rtt300_loss0.1_bw1000,edgecc_no_prand,1,true,4194304,1843944,2274637,10,1,5,0,12,12,12
rtt300_loss0.1_bw1000,edgecc_no_prand,2,true,4194304,1851221,2265695,6,1,3,0,12,12,12
rtt300_loss0.1_bw1000,edgecc_loss_blind,0,true,4194304,1832989,2288231,8,1,4,0,12,12,12
rtt300_loss0.1_bw1000,edgecc_loss_blind,1,true,4194304,1843944,2274637,10,1,5,0,12,12,12
rtt300_loss0.1_bw1000,edgecc_loss_blind,2,true,4194304,1851221,2265695,6,1,3,0,12,12,12
rtt300_loss0.1_bw1000,edgecc_prior,0,true,4194304,655494,6398691,4,0,4,0,12,12,12
rtt300_loss0.1_bw1000,edgecc_prior,1,true,4194304,665844,6299229,5,0,5,0,12,12,12
rtt300_loss0.1_bw1000,edgecc_prior,2,true,4194304,673764,6225182,3,0,3,0,12,12,12
rtt300_loss0.1_bw1000,bbr3ref,0,true,4194304,949194,4418805,4,0,4,0,17040,27480,28404
rtt300_loss0.1_bw1000,bbr3ref,1,true,4194304,953322,4399671,5,0,5,0,14676,27240,28344
rtt300_loss0.1_bw1000,bbr3ref,2,true,4194304,956514,4384989,3,0,3,0,15684,27348,28392
rtt300_loss0.1_bw1000,lossblindref,0,true,4194304,1832989,2288231,8,1,4,0,12,12,12
rtt300_loss0.1_bw1000,lossblindref,1,true,4194304,1843944,2274637,10,1,5,0,12,12,12
rtt300_loss0.1_bw1000,lossblindref,2,true,4194304,1851221,2265695,6,1,3,0,12,12,12
rtt300_loss0.1_bw1000,cubicref,0,true,4194304,3735500,1122822,5,1,4,0,12,12,12
rtt300_loss0.1_bw1000,cubicref,1,true,4194304,3036984,1381075,7,2,5,0,12,12,12
rtt300_loss0.1_bw1000,cubicref,2,true,4194304,3696546,1134654,5,2,3,0,12,12,12
rtt300_loss0.1_bw1000,newrenoref,0,true,4194304,3735500,1122822,5,1,4,0,12,12,12
rtt300_loss0.1_bw1000,newrenoref,1,true,4194304,3078226,1362571,7,2,5,0,12,12,12
rtt300_loss0.1_bw1000,newrenoref,2,true,4194304,3696546,1134654,5,2,3,0,12,12,12
rtt300_loss1_bw10,edgecc,0,true,4194304,9803248,427848,8557,7,2275,0,268195,298825,298994
rtt300_loss1_bw10,edgecc,1,true,4194304,8983514,466889,8551,6,2275,0,221405,298758,298991
rtt300_loss1_bw10,edgecc,2,true,4194304,9897856,423758,8565,7,2275,0,251233,298790,298991
rtt300_loss1_bw10,edgecc_no_prand,0,true,4194304,9803248,427848,8557,7,2275,0,268195,298825,298994
rtt300_loss1_bw10,edgecc_no_prand,1,true,4194304,8983514,466889,8551,6,2275,0,221405,298758,298991
rtt300_loss1_bw10,edgecc_no_prand,2,true,4194304,9897856,423758,8565,7,2275,0,251233,298790,298991
rtt300_loss1_bw10,edgecc_loss_blind,0,true,4194304,9803248,427848,8557,7,2275,0,268195,298825,298994
rtt300_loss1_bw10,edgecc_loss_blind,1,true,4194304,8983514,466889,8551,6,2275,0,221405,298758,298991
rtt300_loss1_bw10,edgecc_loss_blind,2,true,4194304,9897856,423758,8565,7,2275,0,251233,298790,298991
rtt300_loss1_bw10,edgecc_prior,0,true,4194304,9528089,440204,9297,7,2332,0,230918,298741,298951
rtt300_loss1_bw10,edgecc_prior,1,true,4194304,9586489,437522,9275,7,2332,0,182672,298677,298949
rtt300_loss1_bw10,edgecc_prior,2,true,4194304,10581187,396392,9298,8,2332,0,212554,298710,298951
rtt300_loss1_bw10,bbr3ref,0,true,4194304,11747678,357032,9829,8,2352,0,298000,298920,298992
rtt300_loss1_bw10,bbr3ref,1,true,4194304,10644200,394045,9465,7,2352,0,297824,298896,298992
rtt300_loss1_bw10,bbr3ref,2,true,4194304,11189374,374847,9733,8,2352,0,297992,298920,298992
rtt300_loss1_bw10,lossblindref,0,true,4194304,9803248,427848,8557,7,2275,0,268195,298825,298994
rtt300_loss1_bw10,lossblindref,1,true,4194304,8983514,466889,8551,6,2275,0,221405,298758,298991
rtt300_loss1_bw10,lossblindref,2,true,4194304,9897856,423758,8565,7,2275,0,251233,298790,298991
rtt300_loss1_bw10,cubicref,0,true,4194304,9031045,464431,1961,5,1923,0,15958,298154,298802
rtt300_loss1_bw10,cubicref,1,true,4194304,6511115,644175,2428,3,2134,0,75865,298678,298954
rtt300_loss1_bw10,cubicref,2,true,4194304,7997419,524457,2122,4,2003,0,4772,298343,298885
rtt300_loss1_bw10,newrenoref,0,true,4194304,7466073,561781,1918,3,1895,0,19328,298307,298914
rtt300_loss1_bw10,newrenoref,1,true,4194304,7030685,596571,2124,4,1778,0,63944,298674,298945
rtt300_loss1_bw10,newrenoref,2,true,4194304,6902402,607658,2162,3,1966,0,8614,298653,298940
rtt300_loss1_bw100,edgecc,0,true,4194304,1960460,2139448,26,0,26,0,7107,109394,119339
rtt300_loss1_bw100,edgecc,1,true,4194304,1948297,2152805,34,0,34,0,4184,108484,118861
rtt300_loss1_bw100,edgecc,2,true,4194304,1979635,2118725,31,0,31,0,5717,108913,118975
rtt300_loss1_bw100,edgecc_no_prand,0,true,4194304,1960460,2139448,26,0,26,0,7107,109394,119339
rtt300_loss1_bw100,edgecc_no_prand,1,true,4194304,1948297,2152805,34,0,34,0,4184,108484,118861
rtt300_loss1_bw100,edgecc_no_prand,2,true,4194304,1979635,2118725,31,0,31,0,5717,108913,118975
rtt300_loss1_bw100,edgecc_loss_blind,0,true,4194304,1960460,2139448,26,0,26,0,7107,109394,119339
rtt300_loss1_bw100,edgecc_loss_blind,1,true,4194304,1948297,2152805,34,0,34,0,4184,108484,118861
rtt300_loss1_bw100,edgecc_loss_blind,2,true,4194304,1979635,2118725,31,0,31,0,5717,108913,118975
rtt300_loss1_bw100,edgecc_prior,0,true,4194304,1090652,3845684,26,0,26,0,35442,137699,147545
rtt300_loss1_bw100,edgecc_prior,1,true,4194304,1078484,3889073,34,0,34,0,31998,129400,138117
rtt300_loss1_bw100,edgecc_prior,2,true,4194304,1110191,3778002,31,0,31,0,34200,137582,147545
rtt300_loss1_bw100,bbr3ref,0,true,4194304,2438604,1719961,32,1,32,0,159391,286247,297556
rtt300_loss1_bw100,bbr3ref,1,true,4194304,1224033,3426626,34,0,34,0,154025,285424,297084
rtt300_loss1_bw100,bbr3ref,2,true,4194304,2157421,1944128,32,1,32,0,157406,286009,297435
rtt300_loss1_bw100,lossblindref,0,true,4194304,1960460,2139448,26,0,26,0,7107,109394,119339
rtt300_loss1_bw100,lossblindref,1,true,4194304,1948297,2152805,34,0,34,0,4184,108484,118861
rtt300_loss1_bw100,lossblindref,2,true,4194304,1979635,2118725,31,0,31,0,5717,108913,118975
rtt300_loss1_bw100,cubicref,0,true,4194304,3470068,1208709,27,1,26,0,44905,149390,159272
rtt300_loss1_bw100,cubicref,1,true,4194304,3066735,1367677,375,1,34,0,15939,86939,109127
rtt300_loss1_bw100,cubicref,2,true,4194304,3351399,1251508,32,1,31,0,42507,142425,152054
rtt300_loss1_bw100,newrenoref,0,true,4194304,3469804,1208801,27,1,26,0,31122,124464,133647
rtt300_loss1_bw100,newrenoref,1,true,4194304,3705908,1131788,363,2,36,0,242,40950,57711
rtt300_loss1_bw100,newrenoref,2,true,4194304,3352881,1250955,62,1,31,0,26263,112558,121248
rtt300_loss1_bw1000,edgecc,0,true,4194304,1856614,2259114,52,1,26,0,12,12,12
rtt300_loss1_bw1000,edgecc,1,true,4194304,1854163,2262101,68,1,34,0,12,12,12
rtt300_loss1_bw1000,edgecc,2,true,4194304,1860487,2254411,62,1,31,0,12,12,12
rtt300_loss1_bw1000,edgecc_no_prand,0,true,4194304,1856614,2259114,52,1,26,0,12,12,12
rtt300_loss1_bw1000,edgecc_no_prand,1,true,4194304,1854163,2262101,68,1,34,0,12,12,12
rtt300_loss1_bw1000,edgecc_no_prand,2,true,4194304,1860487,2254411,62,1,31,0,12,12,12
rtt300_loss1_bw1000,edgecc_loss_blind,0,true,4194304,1856614,2259114,52,1,26,0,12,12,12
rtt300_loss1_bw1000,edgecc_loss_blind,1,true,4194304,1854163,2262101,68,1,34,0,12,12,12
rtt300_loss1_bw1000,edgecc_loss_blind,2,true,4194304,1860487,2254411,62,1,31,0,12,12,12
rtt300_loss1_bw1000,edgecc_prior,0,true,4194304,680244,6165881,26,0,26,0,12,12,12
rtt300_loss1_bw1000,edgecc_prior,1,true,4194304,677244,6193194,34,0,34,0,12,12,12
rtt300_loss1_bw1000,edgecc_prior,2,true,4194304,685254,6120801,31,0,31,0,12,12,12
rtt300_loss1_bw1000,bbr3ref,0,true,4194304,958830,4374397,26,0,26,0,15048,27048,28104
rtt300_loss1_bw1000,bbr3ref,1,true,4194304,957534,4380318,34,0,34,0,14508,26904,27996
rtt300_loss1_bw1000,bbr3ref,2,true,4194304,960774,4365546,31,0,31,0,14832,26964,28044
rtt300_loss1_bw1000,lossblindref,0,true,4194304,1856614,2259114,52,1,26,0,12,12,12
rtt300_loss1_bw1000,lossblindref,1,true,4194304,1854163,2262101,68,1,34,0,12,12,12
rtt300_loss1_bw1000,lossblindref,2,true,4194304,1860487,2254411,62,1,31,0,12,12,12
rtt300_loss1_bw1000,cubicref,0,true,4194304,3467115,1209738,28,2,26,0,12,12,12
rtt300_loss1_bw1000,cubicref,1,true,4194304,3040263,1379585,36,2,34,0,12,12,12
rtt300_loss1_bw1000,cubicref,2,true,4194304,3348377,1252637,33,2,31,0,12,12,12
rtt300_loss1_bw1000,newrenoref,0,true,4194304,3467115,1209738,28,2,26,0,12,12,12
rtt300_loss1_bw1000,newrenoref,1,true,4194304,3636660,1153339,37,3,33,0,12,12,12
rtt300_loss1_bw1000,newrenoref,2,true,4194304,3348377,1252637,33,2,31,0,12,12,12
rtt300_loss3_bw10,edgecc,0,true,4194304,10190678,411582,9068,8,2262,0,202883,298758,298937
rtt300_loss3_bw10,edgecc,1,true,4194304,10418040,402600,9838,9,2233,0,93766,224813,237565
rtt300_loss3_bw10,edgecc,2,true,4194304,9016993,465155,11303,10,2229,0,27846,100428,106744
rtt300_loss3_bw10,edgecc_no_prand,0,true,4194304,10190678,411582,9068,8,2262,0,202883,298758,298937
rtt300_loss3_bw10,edgecc_no_prand,1,true,4194304,10418040,402600,9838,9,2233,0,93766,224813,237565
rtt300_loss3_bw10,edgecc_no_prand,2,true,4194304,9016993,465155,11303,10,2229,0,27846,100428,106744
rtt300_loss3_bw10,edgecc_loss_blind,0,true,4194304,10190678,411582,9068,8,2262,0,202883,298758,298937
rtt300_loss3_bw10,edgecc_loss_blind,1,true,4194304,10418040,402600,9838,9,2233,0,93766,224813,237565
rtt300_loss3_bw10,edgecc_loss_blind,2,true,4194304,9016993,465155,11303,10,2229,0,27846,100428,106744
rtt300_loss3_bw10,edgecc_prior,0,true,4194304,13357326,314007,9533,9,2314,0,170098,298811,298950
rtt300_loss3_bw10,edgecc_prior,1,true,4194304,9078395,462009,8990,7,2283,0,178000,298821,298966
rtt300_loss3_bw10,edgecc_prior,2,true,4194304,10168086,412496,9765,8,2270,0,180454,298787,298963
rtt300_loss3_bw10,bbr3ref,0,true,4194304,11523482,363978,9442,8,2352,0,286208,298888,298992
rtt300_loss3_bw10,bbr3ref,1,true,4194304,11194224,374684,9178,8,2352,0,278032,298880,298992
rtt300_loss3_bw10,bbr3ref,2,true,4194304,11203507,374374,8885,8,2352,0,275800,298880,298992
rtt300_loss3_bw10,lossblindref,0,true,4194304,10190678,411582,9068,8,2262,0,202883,298758,298937
rtt300_loss3_bw10,lossblindref,1,true,4194304,10418040,402600,9838,9,2233,0,93766,224813,237565
rtt300_loss3_bw10,lossblindref,2,true,4194304,9016993,465155,11303,10,2229,0,27846,100428,106744
rtt300_loss3_bw10,cubicref,0,true,4194304,7456207,562525,1682,3,935,0,102290,241171,298276
rtt300_loss3_bw10,cubicref,1,true,4194304,7528139,557150,526,6,263,0,2069,111903,298415
rtt300_loss3_bw10,cubicref,2,true,4194304,9626346,435710,1820,8,1666,0,3746,298406,298905
rtt300_loss3_bw10,newrenoref,0,true,4194304,7445142,563361,1882,5,1742,0,6574,298575,298920
rtt300_loss3_bw10,newrenoref,1,true,4194304,9445203,444067,1853,6,1523,0,13956,298229,298847
rtt300_loss3_bw10,newrenoref,2,false,524140,60000000,8735,125,108,10,0,1168,1168,1168
rtt300_loss3_bw100,edgecc,0,true,4194304,2458308,1706175,1657,2,88,0,117,67175,91946
rtt300_loss3_bw100,edgecc,1,true,4194304,2476280,1693792,1217,2,89,0,24081,80811,85809
rtt300_loss3_bw100,edgecc,2,true,4194304,2363990,1774247,963,2,93,0,5813,54575,60425
rtt300_loss3_bw100,edgecc_no_prand,0,true,4194304,2458308,1706175,1657,2,88,0,117,67175,91946
rtt300_loss3_bw100,edgecc_no_prand,1,true,4194304,2476280,1693792,1217,2,89,0,24081,80811,85809
rtt300_loss3_bw100,edgecc_no_prand,2,true,4194304,2363990,1774247,963,2,93,0,5813,54575,60425
rtt300_loss3_bw100,edgecc_loss_blind,0,true,4194304,2458308,1706175,1657,2,88,0,117,67175,91946
rtt300_loss3_bw100,edgecc_loss_blind,1,true,4194304,2476280,1693792,1217,2,89,0,24081,80811,85809
rtt300_loss3_bw100,edgecc_loss_blind,2,true,4194304,2363990,1774247,963,2,93,0,5813,54575,60425
rtt300_loss3_bw100,edgecc_prior,0,true,4194304,1635131,2565118,90,1,88,0,29535,116192,124760
rtt300_loss3_bw100,edgecc_prior,1,true,4194304,1545085,2714610,93,1,91,0,29280,121078,129982
rtt300_loss3_bw100,edgecc_prior,2,true,4194304,1680325,2496126,101,1,98,0,28176,123164,131807
rtt300_loss3_bw100,bbr3ref,0,true,4194304,1945281,2156142,90,1,88,0,148070,279227,290770
rtt300_loss3_bw100,bbr3ref,1,true,4194304,1864342,2249750,93,1,91,0,147130,278755,290415
rtt300_loss3_bw100,bbr3ref,2,true,4194304,3033986,1382440,101,2,97,0,146666,278174,289713
rtt300_loss3_bw100,lossblindref,0,true,4194304,2458308,1706175,1657,2,88,0,117,67175,91946
rtt300_loss3_bw100,lossblindref,1,true,4194304,2476280,1693792,1217,2,89,0,24081,80811,85809
rtt300_loss3_bw100,lossblindref,2,true,4194304,2363990,1774247,963,2,93,0,5813,54575,60425
rtt300_loss3_bw100,cubicref,0,true,4194304,4602596,911290,274,4,86,0,117,29624,39569
rtt300_loss3_bw100,cubicref,1,true,4194304,5754998,728810,269,5,90,0,117,64221,73400
rtt300_loss3_bw100,cubicref,2,true,4194304,5660891,740926,179,5,97,0,12749,96849,105582
rtt300_loss3_bw100,newrenoref,0,true,4194304,4600525,911701,159,4,86,0,117,9465,13284
rtt300_loss3_bw100,newrenoref,1,true,4194304,6225196,673762,144,6,92,0,117,237,646
rtt300_loss3_bw100,newrenoref,2,false,525600,60000000,8760,126,109,10,0,117,117,117
rtt300_loss3_bw1000,edgecc,0,true,4194304,2400025,1747608,1379,2,88,0,12,12,12
rtt300_loss3_bw1000,edgecc,1,true,4194304,2458491,1706048,1168,2,88,0,12,12,12
rtt300_loss3_bw1000,edgecc,2,true,4194304,2297796,1825359,971,2,93,0,12,12,12
rtt300_loss3_bw1000,edgecc_no_prand,0,true,4194304,2400025,1747608,1379,2,88,0,12,12,12
rtt300_loss3_bw1000,edgecc_no_prand,1,true,4194304,2458491,1706048,1168,2,88,0,12,12,12
rtt300_loss3_bw1000,edgecc_no_prand,2,true,4194304,2297796,1825359,971,2,93,0,12,12,12
rtt300_loss3_bw1000,edgecc_loss_blind,0,true,4194304,2400025,1747608,1379,2,88,0,12,12,12
rtt300_loss3_bw1000,edgecc_loss_blind,1,true,4194304,2458491,1706048,1168,2,88,0,12,12,12
rtt300_loss3_bw1000,edgecc_loss_blind,2,true,4194304,2297796,1825359,971,2,93,0,12,12,12
rtt300_loss3_bw1000,edgecc_prior,0,true,4194304,1300131,3226062,90,1,88,0,12,12,12
rtt300_loss3_bw1000,edgecc_prior,1,true,4194304,1300102,3226134,93,1,91,0,12,12,12
rtt300_loss3_bw1000,edgecc_prior,2,true,4194304,1900040,2207481,101,2,97,0,12,12,12
rtt300_loss3_bw1000,bbr3ref,0,true,4194304,1567463,2675855,90,1,88,0,13932,26256,27348
rtt300_loss3_bw1000,bbr3ref,1,true,4194304,1559163,2690099,93,1,91,0,13836,26220,27312
rtt300_loss3_bw1000,bbr3ref,2,true,4194304,2210925,1897081,101,2,97,0,13788,26148,27240
rtt300_loss3_bw1000,lossblindref,0,true,4194304,2400025,1747608,1379,2,88,0,12,12,12
rtt300_loss3_bw1000,lossblindref,1,true,4194304,2458491,1706048,1168,2,88,0,12,12,12
rtt300_loss3_bw1000,lossblindref,2,true,4194304,2297796,1825359,971,2,93,0,12,12,12
rtt300_loss3_bw1000,cubicref,0,true,4194304,4509574,930088,180,5,82,0,12,12,12
rtt300_loss3_bw1000,cubicref,1,true,4194304,5894925,711511,267,7,95,0,12,12,12
rtt300_loss3_bw1000,cubicref,2,true,4194304,5146626,814961,180,6,95,0,12,12,12
rtt300_loss3_bw1000,newrenoref,0,true,4194304,4584692,914849,147,5,87,0,12,12,12
rtt300_loss3_bw1000,newrenoref,1,true,4194304,5928894,707434,144,7,92,0,12,12,12
rtt300_loss3_bw1000,newrenoref,2,false,529980,60000000,8833,124,109,8,0,12,12,12
rtt300_loss5_bw10,edgecc,0,true,4194304,9629070,435587,8822,8,2219,0,7000,298840,298946
rtt300_loss5_bw10,edgecc,1,true,4194304,8748151,479450,11403,11,2229,0,6130,48866,53326
rtt300_loss5_bw10,edgecc,2,true,4194304,10765489,389606,11295,11,2229,0,27846,100428,106744
rtt300_loss5_bw10,edgecc_no_prand,0,true,4194304,9629070,435587,8822,8,2219,0,7000,298840,298946
rtt300_loss5_bw10,edgecc_no_prand,1,true,4194304,8748151,479450,11403,11,2229,0,6130,48866,53326
rtt300_loss5_bw10,edgecc_no_prand,2,true,4194304,10765489,389606,11295,11,2229,0,27846,100428,106744
rtt300_loss5_bw10,edgecc_loss_blind,0,true,4194304,9629070,435587,8822,8,2219,0,7000,298840,298946
rtt300_loss5_bw10,edgecc_loss_blind,1,true,4194304,8748151,479450,11403,11,2229,0,6130,48866,53326
rtt300_loss5_bw10,edgecc_loss_blind,2,true,4194304,10765489,389606,11295,11,2229,0,27846,100428,106744
rtt300_loss5_bw10,edgecc_prior,0,true,4194304,11565361,362660,8472,8,2268,0,172095,298819,298980
rtt300_loss5_bw10,edgecc_prior,1,true,4194304,10366365,404607,8483,7,2271,0,175089,298755,298932
rtt300_loss5_bw10,edgecc_prior,2,true,4194304,11364511,369070,9763,8,2270,0,180632,298787,298963
rtt300_loss5_bw10,bbr3ref,0,true,4194304,12067110,347581,8403,8,2352,0,274528,298872,298992
rtt300_loss5_bw10,bbr3ref,1,true,4194304,10640514,394182,8699,8,2352,0,274528,298872,298992
rtt300_loss5_bw10,bbr3ref,2,true,4194304,13022359,322084,9708,9,2352,0,275696,298872,298992
rtt300_loss5_bw10,lossblindref,0,true,4194304,9629070,435587,8822,8,2219,0,7000,298840,298946
rtt300_loss5_bw10,lossblindref,1,true,4194304,8748151,479450,11403,11,2229,0,6130,48866,53326
rtt300_loss5_bw10,lossblindref,2,true,4194304,10765489,389606,11295,11,2229,0,27846,100428,106744
rtt300_loss5_bw10,cubicref,0,true,4194304,11430128,366951,1054,10,681,0,10568,249757,298552
rtt300_loss5_bw10,cubicref,1,true,4194304,8406458,498938,476,9,225,0,1168,109737,275300
rtt300_loss5_bw10,cubicref,2,true,4194304,12122090,346005,1997,8,1806,0,10686,298345,298800
rtt300_loss5_bw10,newrenoref,0,false,402960,60000000,6716,120,109,12,0,1168,1168,2336
rtt300_loss5_bw10,newrenoref,1,false,766500,60000000,12775,138,107,33,0,1168,1168,1168
rtt300_loss5_bw10,newrenoref,2,false,519760,60000000,8662,127,108,12,0,1168,1168,1168
rtt300_loss5_bw100,edgecc,0,true,4194304,2745266,1527831,1674,3,162,0,117,64137,89203
rtt300_loss5_bw100,edgecc,1,true,4194304,3052762,1373937,802,3,155,0,8430,68255,75557
rtt300_loss5_bw100,edgecc,2,true,4194304,2376438,1764954,1055,2,156,0,5038,52495,58507
rtt300_loss5_bw100,edgecc_no_prand,0,true,4194304,2745266,1527831,1674,3,162,0,117,64137,89203
rtt300_loss5_bw100,edgecc_no_prand,1,true,4194304,3052762,1373937,802,3,155,0,8430,68255,75557
rtt300_loss5_bw100,edgecc_no_prand,2,true,4194304,2376438,1764954,1055,2,156,0,5038,52495,58507
rtt300_loss5_bw100,edgecc_loss_blind,0,true,4194304,2745266,1527831,1674,3,162,0,117,64137,89203
rtt300_loss5_bw100,edgecc_loss_blind,1,true,4194304,3052762,1373937,802,3,155,0,8430,68255,75557
rtt300_loss5_bw100,edgecc_loss_blind,2,true,4194304,2376438,1764954,1055,2,156,0,5038,52495,58507
rtt300_loss5_bw100,edgecc_prior,0,true,4194304,1525232,2749944,171,1,162,0,27357,105789,114251
rtt300_loss5_bw100,edgecc_prior,1,true,4194304,1538152,2726846,153,1,145,0,28251,117764,126524
rtt300_loss5_bw100,edgecc_prior,2,true,4194304,1537521,2727965,164,1,152,0,26904,118800,127330
rtt300_loss5_bw100,bbr3ref,0,true,4194304,2131523,1967749,171,1,161,0,142805,271037,282342
rtt300_loss5_bw100,bbr3ref,1,true,4194304,3012107,1392481,153,2,144,0,143741,272788,284331
rtt300_loss5_bw100,bbr3ref,2,true,4194304,2134239,1965245,164,1,151,0,143511,272090,283512
rtt300_loss5_bw100,lossblindref,0,true,4194304,2745266,1527831,1674,3,162,0,117,64137,89203
rtt300_loss5_bw100,lossblindref,1,true,4194304,3052762,1373937,802,3,155,0,8430,68255,75557
rtt300_loss5_bw100,lossblindref,2,true,4194304,2376438,1764954,1055,2,156,0,5038,52495,58507
rtt300_loss5_bw100,cubicref,0,true,4194304,7405259,566395,319,7,164,0,117,44260,52534
rtt300_loss5_bw100,cubicref,1,false,1332980,60000000,22216,166,101,51,0,117,117,117
rtt300_loss5_bw100,cubicref,2,true,4194304,6882963,609374,320,7,159,0,117,34415,42963
rtt300_loss5_bw100,newrenoref,0,false,404420,60000000,6740,121,110,12,0,117,117,234
rtt300_loss5_bw100,newrenoref,1,false,767960,60000000,12799,139,108,33,0,117,117,117
rtt300_loss5_bw100,newrenoref,2,false,521220,60000000,8687,128,109,12,0,117,117,117
rtt300_loss5_bw1000,edgecc,0,true,4194304,2640128,1588674,1387,3,163,0,12,12,12
rtt300_loss5_bw1000,edgecc,1,true,4194304,2816454,1489214,808,3,155,0,12,12,12
rtt300_loss5_bw1000,edgecc,2,true,4194304,2908246,1442210,1074,3,156,0,12,12,12
rtt300_loss5_bw1000,edgecc_no_prand,0,true,4194304,2640128,1588674,1387,3,163,0,12,12,12
rtt300_loss5_bw1000,edgecc_no_prand,1,true,4194304,2816454,1489214,808,3,155,0,12,12,12
rtt300_loss5_bw1000,edgecc_no_prand,2,true,4194304,2908246,1442210,1074,3,156,0,12,12,12
rtt300_loss5_bw1000,edgecc_loss_blind,0,true,4194304,2640128,1588674,1387,3,163,0,12,12,12
rtt300_loss5_bw1000,edgecc_loss_blind,1,true,4194304,2816454,1489214,808,3,155,0,12,12,12
rtt300_loss5_bw1000,edgecc_loss_blind,2,true,4194304,2908246,1442210,1074,3,156,0,12,12,12
rtt300_loss5_bw1000,edgecc_prior,0,true,4194304,1301209,3223389,171,1,161,0,12,12,12
rtt300_loss5_bw1000,edgecc_prior,1,true,4194304,1900040,2207481,153,2,144,0,12,12,12
rtt300_loss5_bw1000,edgecc_prior,2,true,4194304,1301584,3222461,164,1,151,0,12,12,12
rtt300_loss5_bw1000,bbr3ref,0,true,4194304,1854647,2261510,171,1,161,0,13392,25416,26484
rtt300_loss5_bw1000,bbr3ref,1,true,4194304,2208753,1898946,153,2,144,0,13488,25608,26688
rtt300_loss5_bw1000,bbr3ref,2,true,4194304,1855071,2260993,164,1,151,0,13476,25524,26604
rtt300_loss5_bw1000,lossblindref,0,true,4194304,2640128,1588674,1387,3,163,0,12,12,12
rtt300_loss5_bw1000,lossblindref,1,true,4194304,2816454,1489214,808,3,155,0,12,12,12
rtt300_loss5_bw1000,lossblindref,2,true,4194304,2908246,1442210,1074,3,156,0,12,12,12
rtt300_loss5_bw1000,cubicref,0,true,4194304,6404137,654936,269,8,164,0,12,12,12
rtt300_loss5_bw1000,cubicref,1,true,4194304,12949646,323893,272,16,148,0,12,12,12
rtt300_loss5_bw1000,cubicref,2,true,4194304,5793250,723998,239,7,159,0,12,12,12
rtt300_loss5_bw1000,newrenoref,0,false,411720,60000000,6862,116,108,15,0,12,12,12
rtt300_loss5_bw1000,newrenoref,1,true,4194304,8247587,508549,323,11,152,0,12,12,12
rtt300_loss5_bw1000,newrenoref,2,false,525600,60000000,8760,126,108,15,0,12,12,12
harsh_rtt200_loss10_bw10,edgecc,0,true,2097152,6012059,348824,3102,7,1026,0,102974,199486,199696
harsh_rtt200_loss10_bw10,edgecc,1,true,2097152,4628056,453138,3241,5,1029,0,129073,199412,199676
harsh_rtt200_loss10_bw10,edgecc,2,true,2097152,7063881,296883,2903,6,1032,0,137592,199508,199667
harsh_rtt200_loss10_bw10,edgecc_no_prand,0,true,2097152,6012059,348824,3102,7,1026,0,102974,199486,199696
harsh_rtt200_loss10_bw10,edgecc_no_prand,1,true,2097152,4628056,453138,3241,5,1029,0,129073,199412,199676
harsh_rtt200_loss10_bw10,edgecc_no_prand,2,true,2097152,7063881,296883,2903,6,1032,0,137592,199508,199667
harsh_rtt200_loss10_bw10,edgecc_loss_blind,0,true,2097152,6012059,348824,3102,7,1026,0,102974,199486,199696
harsh_rtt200_loss10_bw10,edgecc_loss_blind,1,true,2097152,4628056,453138,3241,5,1029,0,129073,199412,199676
harsh_rtt200_loss10_bw10,edgecc_loss_blind,2,true,2097152,7063881,296883,2903,6,1032,0,137592,199508,199667
harsh_rtt200_loss10_bw10,edgecc_prior,0,true,2097152,5335094,393086,2757,6,1053,0,111433,199450,199642
harsh_rtt200_loss10_bw10,edgecc_prior,1,true,2097152,4420152,474452,3227,5,1054,0,112895,199469,199677
harsh_rtt200_loss10_bw10,edgecc_prior,2,true,2097152,6047730,346766,3025,6,1055,0,114451,199444,199652
harsh_rtt200_loss10_bw10,bbr3ref,0,true,2097152,6210121,337699,3205,6,1132,0,158560,199552,199688
harsh_rtt200_loss10_bw10,bbr3ref,1,true,2097152,6981854,300371,3290,7,1132,0,158664,199552,199688
harsh_rtt200_loss10_bw10,bbr3ref,2,true,2097152,6379753,328719,3351,6,1132,0,161000,199552,199688
harsh_rtt200_loss10_bw10,lossblindref,0,true,2097152,6012059,348824,3102,7,1026,0,102974,199486,199696
harsh_rtt200_loss10_bw10,lossblindref,1,true,2097152,4628056,453138,3241,5,1029,0,129073,199412,199676
harsh_rtt200_loss10_bw10,lossblindref,2,true,2097152,7063881,296883,2903,6,1032,0,137592,199508,199667
harsh_rtt200_loss10_bw10,cubicref,0,true,2097152,6611634,317191,625,6,496,0,19074,198997,199535
harsh_rtt200_loss10_bw10,cubicref,1,true,2097152,7800344,268853,874,7,765,0,7260,199378,199679
harsh_rtt200_loss10_bw10,cubicref,2,true,2097152,7070712,296597,1589,5,922,0,76697,199401,199644
harsh_rtt200_loss10_bw10,newrenoref,0,true,2097152,6686723,313629,915,6,780,0,26410,199124,199599
harsh_rtt200_loss10_bw10,newrenoref,1,true,2097152,5087462,412219,610,6,455,0,4496,194103,199347
harsh_rtt200_loss10_bw10,newrenoref,2,true,2097152,58588115,35794,1639,38,926,0,66922,199309,199623
harsh_rtt200_loss10_bw100,edgecc,0,true,2097152,2357547,889548,228,3,159,0,775,22995,26304
harsh_rtt200_loss10_bw100,edgecc,1,true,2097152,2031360,1032388,164,2,150,0,707,24854,27950
harsh_rtt200_loss10_bw100,edgecc,2,true,2097152,1534776,1366422,166,1,143,0,500,23544,26865
harsh_rtt200_loss10_bw100,edgecc_no_prand,0,true,2097152,2357547,889548,228,3,159,0,775,22995,26304
harsh_rtt200_loss10_bw100,edgecc_no_prand,1,true,2097152,2031360,1032388,164,2,150,0,707,24854,27950
harsh_rtt200_loss10_bw100,edgecc_no_prand,2,true,2097152,1534776,1366422,166,1,143,0,500,23544,26865
harsh_rtt200_loss10_bw100,edgecc_loss_blind,0,true,2097152,2357547,889548,228,3,159,0,775,22995,26304
harsh_rtt200_loss10_bw100,edgecc_loss_blind,1,true,2097152,2031360,1032388,164,2,150,0,707,24854,27950
harsh_rtt200_loss10_bw100,edgecc_loss_blind,2,true,2097152,1534776,1366422,166,1,143,0,500,23544,26865
harsh_rtt200_loss10_bw100,edgecc_prior,0,true,2097152,1687950,1242425,178,2,161,0,2419,38697,41973
harsh_rtt200_loss10_bw100,edgecc_prior,1,true,2097152,1684365,1245069,164,2,148,0,3232,37497,40575
harsh_rtt200_loss10_bw100,edgecc_prior,2,true,2097152,1203268,1742880,166,1,142,0,2185,36516,39723
harsh_rtt200_loss10_bw100,bbr3ref,0,true,2097152,1868440,1122407,178,2,161,0,66668,126453,131694
harsh_rtt200_loss10_bw100,bbr3ref,1,true,2097152,1936520,1082948,164,2,150,0,67249,127623,132985
harsh_rtt200_loss10_bw100,bbr3ref,2,true,2097152,1402340,1495466,166,1,143,0,67838,128438,133804
harsh_rtt200_loss10_bw100,lossblindref,0,true,2097152,2357547,889548,228,3,159,0,775,22995,26304
harsh_rtt200_loss10_bw100,lossblindref,1,true,2097152,2031360,1032388,164,2,150,0,707,24854,27950
harsh_rtt200_loss10_bw100,lossblindref,2,true,2097152,1534776,1366422,166,1,143,0,500,23544,26865
harsh_rtt200_loss10_bw100,cubicref,0,true,2097152,3176473,660214,260,4,163,0,117,117,117
harsh_rtt200_loss10_bw100,cubicref,1,true,2097152,3333608,629093,167,5,149,0,459,21118,23902
harsh_rtt200_loss10_bw100,cubicref,2,true,2097152,2913269,719862,166,1,144,0,137,10489,13783
harsh_rtt200_loss10_bw100,newrenoref,0,true,2097152,171218763,12248,576,459,154,0,117,117,117
harsh_rtt200_loss10_bw100,newrenoref,1,true,2097152,10430535,201058,250,24,145,0,117,117,117
harsh_rtt200_loss10_bw100,newrenoref,2,true,2097152,2134878,982328,166,1,143,0,468,27440,31091
harsh_rtt200_loss20_bw10,edgecc,0,true,2097152,6005065,349230,2997,7,1025,0,97966,199517,199700
harsh_rtt200_loss20_bw10,edgecc,1,true,2097152,5997539,349668,3187,7,1017,0,75459,199272,199602
harsh_rtt200_loss20_bw10,edgecc,2,true,2097152,6862888,305578,3367,7,1026,0,80892,199374,199652
harsh_rtt200_loss20_bw10,edgecc_no_prand,0,true,2097152,6005065,349230,2997,7,1025,0,97966,199517,199700
harsh_rtt200_loss20_bw10,edgecc_no_prand,1,true,2097152,5997539,349668,3187,7,1017,0,75459,199272,199602
harsh_rtt200_loss20_bw10,edgecc_no_prand,2,true,2097152,6862888,305578,3367,7,1026,0,80892,199374,199652
harsh_rtt200_loss20_bw10,edgecc_loss_blind,0,true,2097152,6005065,349230,2997,7,1025,0,97966,199517,199700
harsh_rtt200_loss20_bw10,edgecc_loss_blind,1,true,2097152,5997539,349668,3187,7,1017,0,75459,199272,199602
harsh_rtt200_loss20_bw10,edgecc_loss_blind,2,true,2097152,6862888,305578,3367,7,1026,0,80892,199374,199652
harsh_rtt200_loss20_bw10,edgecc_prior,0,true,2097152,5201939,403148,3120,6,1051,0,108729,199474,199687
harsh_rtt200_loss20_bw10,edgecc_prior,1,true,2097152,7609616,275592,3205,8,1048,0,106493,199462,199652
harsh_rtt200_loss20_bw10,edgecc_prior,2,true,2097152,14791036,141785,3157,7,1052,0,110199,199515,199659
harsh_rtt200_loss20_bw10,bbr3ref,0,true,2097152,6985123,300231,3194,7,1132,0,157288,199552,199688
harsh_rtt200_loss20_bw10,bbr3ref,1,true,2097152,6815868,307686,3335,8,1132,0,156120,199552,199688
harsh_rtt200_loss20_bw10,bbr3ref,2,true,2097152,5808839,361027,3077,6,1132,0,156120,199552,199688
harsh_rtt200_loss20_bw10,lossblindref,0,true,2097152,6005065,349230,2997,7,1025,0,97966,199517,199700
harsh_rtt200_loss20_bw10,lossblindref,1,true,2097152,5997539,349668,3187,7,1017,0,75459,199272,199602
harsh_rtt200_loss20_bw10,lossblindref,2,true,2097152,6862888,305578,3367,7,1026,0,80892,199374,199652
harsh_rtt200_loss20_bw10,cubicref,0,true,2097152,7277914,288152,808,8,582,0,34833,198844,199495
harsh_rtt200_loss20_bw10,cubicref,1,true,2097152,8346371,251265,1069,6,853,0,12924,199215,199586
harsh_rtt200_loss20_bw10,cubicref,2,true,2097152,10620274,197466,706,8,531,0,2846,177818,199374
harsh_rtt200_loss20_bw10,newrenoref,0,true,2097152,10859097,193123,829,10,636,0,3460,198586,199548
harsh_rtt200_loss20_bw10,newrenoref,1,true,2097152,6611569,317194,562,7,404,0,6303,126133,199229
harsh_rtt200_loss20_bw10,newrenoref,2,true,2097152,9583571,218827,511,9,373,0,7988,162518,198454
harsh_rtt200_loss20_bw100,edgecc,0,true,2097152,2661773,787877,587,4,306,0,234,15211,17836
harsh_rtt200_loss20_bw100,edgecc,1,true,2097152,2052982,1021515,687,3,278,0,117,6757,12807
harsh_rtt200_loss20_bw100,edgecc,2,true,2097152,2512931,834544,697,4,276,0,117,7280,14228
harsh_rtt200_loss20_bw100,edgecc_no_prand,0,true,2097152,2661773,787877,587,4,306,0,234,15211,17836
harsh_rtt200_loss20_bw100,edgecc_no_prand,1,true,2097152,2052982,1021515,687,3,278,0,117,6757,12807
harsh_rtt200_loss20_bw100,edgecc_no_prand,2,true,2097152,2512931,834544,697,4,276,0,117,7280,14228
harsh_rtt200_loss20_bw100,edgecc_loss_blind,0,true,2097152,2661773,787877,587,4,306,0,234,15211,17836
harsh_rtt200_loss20_bw100,edgecc_loss_blind,1,true,2097152,2052982,1021515,687,3,278,0,117,6757,12807
harsh_rtt200_loss20_bw100,edgecc_loss_blind,2,true,2097152,2512931,834544,697,4,276,0,117,7280,14228
harsh_rtt200_loss20_bw100,edgecc_prior,0,true,2097152,2133810,982820,397,3,310,0,1687,28316,31013
harsh_rtt200_loss20_bw100,edgecc_prior,1,true,2097152,3528117,594411,337,5,276,0,2419,28644,31062
harsh_rtt200_loss20_bw100,edgecc_prior,2,true,2097152,2126109,986380,358,3,272,0,2378,27244,29983
harsh_rtt200_loss20_bw100,bbr3ref,0,true,2097152,2468236,849656,397,3,308,0,58127,110073,114733
harsh_rtt200_loss20_bw100,bbr3ref,1,true,2097152,4483708,467727,337,5,280,0,59648,113115,117892
harsh_rtt200_loss20_bw100,bbr3ref,2,true,2097152,2483557,844414,358,3,274,0,59999,113700,118594
harsh_rtt200_loss20_bw100,lossblindref,0,true,2097152,2661773,787877,587,4,306,0,234,15211,17836
harsh_rtt200_loss20_bw100,lossblindref,1,true,2097152,2052982,1021515,687,3,278,0,117,6757,12807
harsh_rtt200_loss20_bw100,lossblindref,2,true,2097152,2512931,834544,697,4,276,0,117,7280,14228
harsh_rtt200_loss20_bw100,cubicref,0,true,2097152,3599375,582643,409,7,311,0,117,117,117
harsh_rtt200_loss20_bw100,cubicref,1,true,2097152,5484694,382364,341,8,280,0,249,18114,20544
harsh_rtt200_loss20_bw100,cubicref,2,true,2097152,3847894,545012,358,4,291,0,117,2866,3686
harsh_rtt200_loss20_bw100,newrenoref,0,true,2097152,115121891,18216,564,266,315,0,117,117,117
harsh_rtt200_loss20_bw100,newrenoref,1,true,2097152,4761018,440483,337,6,276,0,117,8884,11104
harsh_rtt200_loss20_bw100,newrenoref,2,true,2097152,4769313,439717,358,6,279,0,117,5220,6252
harsh_rtt200_loss30_bw10,edgecc,0,true,2097152,12310646,170352,3709,8,1016,0,1168,198559,199676
harsh_rtt200_loss30_bw10,edgecc,1,true,2097152,10040913,208860,3207,10,1027,0,78996,199328,199593
harsh_rtt200_loss30_bw10,edgecc,2,true,2097152,9205176,227823,3015,9,1019,0,64444,198994,199581
harsh_rtt200_loss30_bw10,edgecc_no_prand,0,true,2097152,12310646,170352,3709,8,1016,0,1168,198559,199676
harsh_rtt200_loss30_bw10,edgecc_no_prand,1,true,2097152,10040913,208860,3207,10,1027,0,78996,199328,199593
harsh_rtt200_loss30_bw10,edgecc_no_prand,2,true,2097152,9205176,227823,3015,9,1019,0,64444,198994,199581
harsh_rtt200_loss30_bw10,edgecc_loss_blind,0,true,2097152,12310646,170352,3709,8,1016,0,1168,198559,199676
harsh_rtt200_loss30_bw10,edgecc_loss_blind,1,true,2097152,10040913,208860,3207,10,1027,0,78996,199328,199593
harsh_rtt200_loss30_bw10,edgecc_loss_blind,2,true,2097152,9205176,227823,3015,9,1019,0,64444,198994,199581
harsh_rtt200_loss30_bw10,edgecc_prior,0,true,2097152,9997524,209767,2813,7,969,0,53488,199193,199617
harsh_rtt200_loss30_bw10,edgecc_prior,1,true,2097152,8489456,247030,997,7,448,0,41617,163248,177264
harsh_rtt200_loss30_bw10,edgecc_prior,2,true,2097152,16386234,127982,3113,9,1050,0,105954,199330,199622
harsh_rtt200_loss30_bw10,bbr3ref,0,true,2097152,11645182,180087,2164,8,818,0,186608,199506,199680
harsh_rtt200_loss30_bw10,bbr3ref,1,true,2097152,6969704,300895,2881,8,1132,0,152304,199552,199688
harsh_rtt200_loss30_bw10,bbr3ref,2,true,2097152,33556078,62496,3382,11,1132,0,154744,199552,199688
harsh_rtt200_loss30_bw10,lossblindref,0,true,2097152,12310646,170352,3709,8,1016,0,1168,198559,199676
harsh_rtt200_loss30_bw10,lossblindref,1,true,2097152,10040913,208860,3207,10,1027,0,78996,199328,199593
harsh_rtt200_loss30_bw10,lossblindref,2,true,2097152,9205176,227823,3015,9,1019,0,64444,198994,199581
harsh_rtt200_loss30_bw10,cubicref,0,true,2097152,174871357,11992,1771,122,930,0,34521,199218,199615
harsh_rtt200_loss30_bw10,cubicref,1,true,2097152,96785922,21667,1263,20,863,0,24480,198981,199490
harsh_rtt200_loss30_bw10,cubicref,2,false,1900920,240000000,7920,797,495,371,0,1168,1168,1168
harsh_rtt200_loss30_bw10,newrenoref,0,false,1765140,240000000,7354,1385,111,904,0,27917,199176,199612
harsh_rtt200_loss30_bw10,newrenoref,1,true,2097152,45092066,46508,1044,22,713,0,18723,188081,199419
harsh_rtt200_loss30_bw10,newrenoref,2,false,1604540,240000000,6685,712,492,319,0,1168,1168,1168
harsh_rtt200_loss30_bw100,edgecc,0,true,2097152,4201427,499152,1530,7,433,0,117,13899,14031
harsh_rtt200_loss30_bw100,edgecc,1,true,2097152,3330347,629709,897,5,442,0,159,6225,8067
harsh_rtt200_loss30_bw100,edgecc,2,true,2097152,3314253,632767,841,5,419,0,117,6713,8500
harsh_rtt200_loss30_bw100,edgecc_no_prand,0,true,2097152,4201427,499152,1530,7,433,0,117,13899,14031
harsh_rtt200_loss30_bw100,edgecc_no_prand,1,true,2097152,3330347,629709,897,5,442,0,159,6225,8067
harsh_rtt200_loss30_bw100,edgecc_no_prand,2,true,2097152,3314253,632767,841,5,419,0,117,6713,8500
harsh_rtt200_loss30_bw100,edgecc_loss_blind,0,true,2097152,4201427,499152,1530,7,433,0,117,13899,14031
harsh_rtt200_loss30_bw100,edgecc_loss_blind,1,true,2097152,3330347,629709,897,5,442,0,159,6225,8067
harsh_rtt200_loss30_bw100,edgecc_loss_blind,2,true,2097152,3314253,632767,841,5,419,0,117,6713,8500
harsh_rtt200_loss30_bw100,edgecc_prior,0,true,2097152,2511777,834927,618,3,437,0,1265,13120,14905
harsh_rtt200_loss30_bw100,edgecc_prior,1,true,2097152,2999749,699109,628,5,451,0,1257,21638,23597
harsh_rtt200_loss30_bw100,edgecc_prior,2,true,2097152,2962509,707897,605,5,420,0,993,17820,19851
harsh_rtt200_loss30_bw100,bbr3ref,0,true,2097152,3117683,672663,618,3,437,0,42837,81114,84459
harsh_rtt200_loss30_bw100,bbr3ref,1,true,2097152,4213787,497688,628,5,442,0,50054,95093,99172
harsh_rtt200_loss30_bw100,bbr3ref,2,true,2097152,3923355,534530,605,5,415,0,51809,98135,102331
harsh_rtt200_loss30_bw100,lossblindref,0,true,2097152,4201427,499152,1530,7,433,0,117,13899,14031
harsh_rtt200_loss30_bw100,lossblindref,1,true,2097152,3330347,629709,897,5,442,0,159,6225,8067
harsh_rtt200_loss30_bw100,lossblindref,2,true,2097152,3314253,632767,841,5,419,0,117,6713,8500
harsh_rtt200_loss30_bw100,cubicref,0,true,2097152,34166229,61380,629,42,436,0,117,8313,10119
harsh_rtt200_loss30_bw100,cubicref,1,true,2097152,10463366,200428,632,13,439,0,117,117,117
harsh_rtt200_loss30_bw100,cubicref,2,false,1914060,240000000,7975,784,488,374,0,117,117,117
harsh_rtt200_loss30_bw100,newrenoref,0,true,2097152,38212027,54881,628,45,432,0,117,2880,4250
harsh_rtt200_loss30_bw100,newrenoref,1,true,2097152,5390084,389075,628,8,456,0,117,117,117
harsh_rtt200_loss30_bw100,newrenoref,2,false,1551980,240000000,6466,692,491,309,0,117,117,117
harsh_rtt250_loss10_bw10,edgecc,0,true,2097152,6617091,316929,2674,5,936,0,118522,249585,249907
harsh_rtt250_loss10_bw10,edgecc,1,true,2097152,6698243,313089,2570,5,939,0,145791,249684,249891
harsh_rtt250_loss10_bw10,edgecc,2,true,2097152,5427558,386389,2917,6,944,0,48858,145931,154063
harsh_rtt250_loss10_bw10,edgecc_no_prand,0,true,2097152,6617091,316929,2674,5,936,0,118522,249585,249907
harsh_rtt250_loss10_bw10,edgecc_no_prand,1,true,2097152,6698243,313089,2570,5,939,0,145791,249684,249891
harsh_rtt250_loss10_bw10,edgecc_no_prand,2,true,2097152,5427558,386389,2917,6,944,0,48858,145931,154063
harsh_rtt250_loss10_bw10,edgecc_loss_blind,0,true,2097152,6617091,316929,2674,5,936,0,118522,249585,249907
harsh_rtt250_loss10_bw10,edgecc_loss_blind,1,true,2097152,6698243,313089,2570,5,939,0,145791,249684,249891
harsh_rtt250_loss10_bw10,edgecc_loss_blind,2,true,2097152,5427558,386389,2917,6,944,0,48858,145931,154063
harsh_rtt250_loss10_bw10,edgecc_prior,0,true,2097152,5389223,389138,2735,5,975,0,128033,249617,249855
harsh_rtt250_loss10_bw10,edgecc_prior,1,true,2097152,5607755,373973,2142,5,980,0,130265,249634,249906
harsh_rtt250_loss10_bw10,edgecc_prior,2,true,2097152,5518274,380037,2415,5,981,0,131170,249624,249885
harsh_rtt250_loss10_bw10,bbr3ref,0,true,2097152,5701248,367840,2586,5,1089,0,180544,249752,249912
harsh_rtt250_loss10_bw10,bbr3ref,1,true,2097152,6679023,313990,2630,6,1089,0,182880,249752,249912
harsh_rtt250_loss10_bw10,bbr3ref,2,true,2097152,6827418,307166,2591,5,1089,0,182984,249752,249912
harsh_rtt250_loss10_bw10,lossblindref,0,true,2097152,6617091,316929,2674,5,936,0,118522,249585,249907
harsh_rtt250_loss10_bw10,lossblindref,1,true,2097152,6698243,313089,2570,5,939,0,145791,249684,249891
harsh_rtt250_loss10_bw10,lossblindref,2,true,2097152,5427558,386389,2917,6,944,0,48858,145931,154063
harsh_rtt250_loss10_bw10,cubicref,0,true,2097152,88819079,23611,348,177,168,0,1168,1168,1168
harsh_rtt250_loss10_bw10,cubicref,1,true,2097152,5734501,365707,463,6,322,0,4304,179054,249500
harsh_rtt250_loss10_bw10,cubicref,2,true,2097152,6352711,330119,290,5,156,0,11790,160572,203280
harsh_rtt250_loss10_bw10,newrenoref,0,false,1665860,240000000,6941,582,515,119,0,1168,1168,1168
harsh_rtt250_loss10_bw10,newrenoref,1,true,2097152,8546667,245376,1035,7,676,0,20436,249267,249832
harsh_rtt250_loss10_bw10,newrenoref,2,false,1903840,240000000,7932,608,515,143,0,1168,1168,1168
harsh_rtt250_loss10_bw100,edgecc,0,true,2097152,2280495,919603,718,3,168,0,205,4794,5803
harsh_rtt250_loss10_bw100,edgecc,1,true,2097152,1814189,1155972,687,2,146,0,217,6295,7635
harsh_rtt250_loss10_bw100,edgecc,2,true,2097152,2274808,921902,801,3,143,0,170,3217,3869
harsh_rtt250_loss10_bw100,edgecc_no_prand,0,true,2097152,2280495,919603,718,3,168,0,205,4794,5803
harsh_rtt250_loss10_bw100,edgecc_no_prand,1,true,2097152,1814189,1155972,687,2,146,0,217,6295,7635
harsh_rtt250_loss10_bw100,edgecc_no_prand,2,true,2097152,2274808,921902,801,3,143,0,170,3217,3869
harsh_rtt250_loss10_bw100,edgecc_loss_blind,0,true,2097152,2280495,919603,718,3,168,0,205,4794,5803
harsh_rtt250_loss10_bw100,edgecc_loss_blind,1,true,2097152,1814189,1155972,687,2,146,0,217,6295,7635
harsh_rtt250_loss10_bw100,edgecc_loss_blind,2,true,2097152,2274808,921902,801,3,143,0,170,3217,3869
harsh_rtt250_loss10_bw100,edgecc_prior,0,true,2097152,1816501,1154500,178,2,160,0,117,28801,31514
harsh_rtt250_loss10_bw100,edgecc_prior,1,true,2097152,1815255,1155293,164,2,150,0,117,28683,31144
harsh_rtt250_loss10_bw100,edgecc_prior,2,true,2097152,1253958,1672426,166,1,142,0,117,30639,33254
harsh_rtt250_loss10_bw100,bbr3ref,0,true,2097152,2185531,959561,178,2,161,0,66668,126453,131694
harsh_rtt250_loss10_bw100,bbr3ref,1,true,2097152,2321589,903326,164,2,150,0,67249,127623,132985
harsh_rtt250_loss10_bw100,bbr3ref,2,true,2097152,1678547,1249385,166,1,143,0,67838,128438,133804
harsh_rtt250_loss10_bw100,lossblindref,0,true,2097152,2280495,919603,718,3,168,0,205,4794,5803
harsh_rtt250_loss10_bw100,lossblindref,1,true,2097152,1814189,1155972,687,2,146,0,217,6295,7635
harsh_rtt250_loss10_bw100,lossblindref,2,true,2097152,2274808,921902,801,3,143,0,170,3217,3869
harsh_rtt250_loss10_bw100,cubicref,0,true,2097152,7163323,292762,207,9,155,0,117,117,117
harsh_rtt250_loss10_bw100,cubicref,1,true,2097152,5549988,377866,215,7,146,0,117,1700,3102
harsh_rtt250_loss10_bw100,cubicref,2,true,2097152,4886179,429200,227,6,148,0,117,304,649
harsh_rtt250_loss10_bw100,newrenoref,0,false,1784120,240000000,7433,609,520,135,0,117,117,117
harsh_rtt250_loss10_bw100,newrenoref,1,true,2097152,6268395,334559,193,7,143,0,117,3959,6067
harsh_rtt250_loss10_bw100,newrenoref,2,true,2097152,8218935,255161,186,11,152,0,117,1351,1667
harsh_rtt250_loss20_bw10,edgecc,0,true,2097152,6763195,310083,2356,5,937,0,111054,249616,249877
harsh_rtt250_loss20_bw10,edgecc,1,true,2097152,6785675,309055,2408,6,930,0,94303,249500,249848
harsh_rtt250_loss20_bw10,edgecc,2,true,2097152,6591663,318152,2478,5,929,0,90490,249589,249904
harsh_rtt250_loss20_bw10,edgecc_no_prand,0,true,2097152,6763195,310083,2356,5,937,0,111054,249616,249877
harsh_rtt250_loss20_bw10,edgecc_no_prand,1,true,2097152,6785675,309055,2408,6,930,0,94303,249500,249848
harsh_rtt250_loss20_bw10,edgecc_no_prand,2,true,2097152,6591663,318152,2478,5,929,0,90490,249589,249904
harsh_rtt250_loss20_bw10,edgecc_loss_blind,0,true,2097152,6763195,310083,2356,5,937,0,111054,249616,249877
harsh_rtt250_loss20_bw10,edgecc_loss_blind,1,true,2097152,6785675,309055,2408,6,930,0,94303,249500,249848
harsh_rtt250_loss20_bw10,edgecc_loss_blind,2,true,2097152,6591663,318152,2478,5,929,0,90490,249589,249904
harsh_rtt250_loss20_bw10,edgecc_prior,0,true,2097152,5543953,378277,2308,5,980,0,123877,249610,249866
harsh_rtt250_loss20_bw10,edgecc_prior,1,true,2097152,8499319,246743,2430,7,976,0,122053,249644,249901
harsh_rtt250_loss20_bw10,edgecc_prior,2,true,2097152,6372639,329086,2685,6,980,0,123601,249714,249844
harsh_rtt250_loss20_bw10,bbr3ref,0,true,2097152,7537721,278220,3430,6,1089,0,178000,249736,249912
harsh_rtt250_loss20_bw10,bbr3ref,1,true,2097152,8691838,241278,2508,7,1089,0,178104,249736,249912
harsh_rtt250_loss20_bw10,bbr3ref,2,true,2097152,6943039,302051,2538,5,1089,0,179272,249736,249912
harsh_rtt250_loss20_bw10,lossblindref,0,true,2097152,6763195,310083,2356,5,937,0,111054,249616,249877
harsh_rtt250_loss20_bw10,lossblindref,1,true,2097152,6785675,309055,2408,6,930,0,94303,249500,249848
harsh_rtt250_loss20_bw10,lossblindref,2,true,2097152,6591663,318152,2478,5,929,0,90490,249589,249904
harsh_rtt250_loss20_bw10,cubicref,0,true,2097152,196066645,10696,630,371,290,0,1168,1168,1168
harsh_rtt250_loss20_bw10,cubicref,1,true,2097152,53930998,38885,420,101,271,0,1168,1168,1168
harsh_rtt250_loss20_bw10,cubicref,2,true,2097152,27251534,76955,1104,41,701,0,12906,249274,249753
harsh_rtt250_loss20_bw10,newrenoref,0,false,1426420,240000000,5943,573,455,206,0,1168,1168,1168
harsh_rtt250_loss20_bw10,newrenoref,1,false,1492120,240000000,6217,568,455,201,0,1168,1168,1168
harsh_rtt250_loss20_bw10,newrenoref,2,false,1417660,240000000,5906,557,457,185,0,1168,1168,1168
harsh_rtt250_loss20_bw100,edgecc,0,true,2097152,3279246,639522,916,5,309,0,145,2111,2906
harsh_rtt250_loss20_bw100,edgecc,1,true,2097152,4356354,481400,1224,6,283,0,4575,8702,9026
harsh_rtt250_loss20_bw100,edgecc,2,true,2097152,2816836,744506,1207,4,286,0,5229,9677,10142
harsh_rtt250_loss20_bw100,edgecc_no_prand,0,true,2097152,3279246,639522,916,5,309,0,145,2111,2906
harsh_rtt250_loss20_bw100,edgecc_no_prand,1,true,2097152,4356354,481400,1224,6,283,0,4575,8702,9026
harsh_rtt250_loss20_bw100,edgecc_no_prand,2,true,2097152,2816836,744506,1207,4,286,0,5229,9677,10142
harsh_rtt250_loss20_bw100,edgecc_loss_blind,0,true,2097152,3279246,639522,916,5,309,0,145,2111,2906
harsh_rtt250_loss20_bw100,edgecc_loss_blind,1,true,2097152,4356354,481400,1224,6,283,0,4575,8702,9026
harsh_rtt250_loss20_bw100,edgecc_loss_blind,2,true,2097152,2816836,744506,1207,4,286,0,5229,9677,10142
harsh_rtt250_loss20_bw100,edgecc_prior,0,true,2097152,2904953,721922,397,3,310,0,117,21866,23787
harsh_rtt250_loss20_bw100,edgecc_prior,1,true,2097152,3975947,527459,337,5,279,0,117,19482,21225
harsh_rtt250_loss20_bw100,edgecc_prior,2,true,2097152,2879819,728223,358,3,275,0,117,18489,20712
harsh_rtt250_loss20_bw100,bbr3ref,0,true,2097152,2862550,732616,397,3,308,0,58127,110073,114733
harsh_rtt250_loss20_bw100,bbr3ref,1,true,2097152,5083708,412524,337,5,280,0,59648,113115,117892
harsh_rtt250_loss20_bw100,bbr3ref,2,true,2097152,2878162,728642,358,3,274,0,59999,113700,118594
harsh_rtt250_loss20_bw100,lossblindref,0,true,2097152,3279246,639522,916,5,309,0,145,2111,2906
harsh_rtt250_loss20_bw100,lossblindref,1,true,2097152,4356354,481400,1224,6,283,0,4575,8702,9026
harsh_rtt250_loss20_bw100,lossblindref,2,true,2097152,2816836,744506,1207,4,286,0,5229,9677,10142
harsh_rtt250_loss20_bw100,cubicref,0,true,2097152,8265524,253722,400,10,302,0,117,726,1764
harsh_rtt250_loss20_bw100,cubicref,1,true,2097152,213006873,9845,648,419,283,0,117,117,117
harsh_rtt250_loss20_bw100,cubicref,2,true,2097152,7689374,272733,379,10,278,0,117,117,117
harsh_rtt250_loss20_bw100,newrenoref,0,true,2097152,9351187,224265,402,12,306,0,117,117,165
harsh_rtt250_loss20_bw100,newrenoref,1,false,1540300,240000000,6417,594,488,204,0,117,117,117
harsh_rtt250_loss20_bw100,newrenoref,2,false,1573880,240000000,6557,597,471,214,0,117,117,117
harsh_rtt250_loss30_bw10,edgecc,0,true,2097152,8114033,258459,3060,9,925,0,1640,4724,4962
harsh_rtt250_loss30_bw10,edgecc,1,true,2097152,13557836,154681,2250,11,944,0,90015,249493,249786
harsh_rtt250_loss30_bw10,edgecc,2,true,2097152,8730384,240213,2967,10,928,0,3526,46324,51807
harsh_rtt250_loss30_bw10,edgecc_no_prand,0,true,2097152,8114033,258459,3060,9,925,0,1640,4724,4962
harsh_rtt250_loss30_bw10,edgecc_no_prand,1,true,2097152,13557836,154681,2250,11,944,0,90015,249493,249786
harsh_rtt250_loss30_bw10,edgecc_no_prand,2,true,2097152,8730384,240213,2967,10,928,0,3526,46324,51807
harsh_rtt250_loss30_bw10,edgecc_loss_blind,0,true,2097152,8114033,258459,3060,9,925,0,1640,4724,4962
harsh_rtt250_loss30_bw10,edgecc_loss_blind,1,true,2097152,13557836,154681,2250,11,944,0,90015,249493,249786
harsh_rtt250_loss30_bw10,edgecc_loss_blind,2,true,2097152,8730384,240213,2967,10,928,0,3526,46324,51807
harsh_rtt250_loss30_bw10,edgecc_prior,0,true,2097152,12181986,172151,2088,8,868,0,48931,168325,186941
harsh_rtt250_loss30_bw10,edgecc_prior,1,true,2097152,32481596,64564,1204,8,588,0,68912,197351,209656
harsh_rtt250_loss30_bw10,edgecc_prior,2,true,2097152,10375342,202128,2663,8,983,0,122220,249616,249836
harsh_rtt250_loss30_bw10,bbr3ref,0,true,2097152,7259239,288894,2157,6,844,0,235888,249684,249888
harsh_rtt250_loss30_bw10,bbr3ref,1,true,2097152,8697678,241116,2404,7,1089,0,174288,249728,249912
harsh_rtt250_loss30_bw10,bbr3ref,2,true,2097152,9279490,225998,3251,8,1089,0,176728,249728,249912
harsh_rtt250_loss30_bw10,lossblindref,0,true,2097152,8114033,258459,3060,9,925,0,1640,4724,4962
harsh_rtt250_loss30_bw10,lossblindref,1,true,2097152,13557836,154681,2250,11,944,0,90015,249493,249786
harsh_rtt250_loss30_bw10,lossblindref,2,true,2097152,8730384,240213,2967,10,928,0,3526,46324,51807
harsh_rtt250_loss30_bw10,cubicref,0,false,1308160,240000000,5450,547,335,260,0,1168,1168,1168
harsh_rtt250_loss30_bw10,cubicref,1,true,2097152,11533887,181825,854,12,573,0,9416,230004,249452
harsh_rtt250_loss30_bw10,cubicref,2,true,2097152,134074630,15641,1457,66,843,0,49035,249315,249848
harsh_rtt250_loss30_bw10,newrenoref,0,false,1900920,240000000,7920,1249,109,832,0,43605,249523,249838
harsh_rtt250_loss30_bw10,newrenoref,1,true,2097152,7407410,283115,633,9,444,0,1168,64402,80553
harsh_rtt250_loss30_bw10,newrenoref,2,false,1178220,240000000,4909,535,401,226,0,1168,1168,1168
harsh_rtt250_loss30_bw100,edgecc,0,true,2097152,4925775,425750,1307,7,435,0,137,5119,7294
harsh_rtt250_loss30_bw100,edgecc,1,true,2097152,4274714,490594,1477,6,449,0,555,1077,1391
harsh_rtt250_loss30_bw100,edgecc,2,true,2097152,3278920,639586,1315,5,414,0,638,2497,2856
harsh_rtt250_loss30_bw100,edgecc_no_prand,0,true,2097152,4925775,425750,1307,7,435,0,137,5119,7294
harsh_rtt250_loss30_bw100,edgecc_no_prand,1,true,2097152,4274714,490594,1477,6,449,0,555,1077,1391
harsh_rtt250_loss30_bw100,edgecc_no_prand,2,true,2097152,3278920,639586,1315,5,414,0,638,2497,2856
harsh_rtt250_loss30_bw100,edgecc_loss_blind,0,true,2097152,4925775,425750,1307,7,435,0,137,5119,7294
harsh_rtt250_loss30_bw100,edgecc_loss_blind,1,true,2097152,4274714,490594,1477,6,449,0,555,1077,1391
harsh_rtt250_loss30_bw100,edgecc_loss_blind,2,true,2097152,3278920,639586,1315,5,414,0,638,2497,2856
harsh_rtt250_loss30_bw100,edgecc_prior,0,true,2097152,2810663,746141,618,3,442,0,117,6646,7683
harsh_rtt250_loss30_bw100,edgecc_prior,1,true,2097152,3920217,534958,628,5,445,0,117,14788,16129
harsh_rtt250_loss30_bw100,edgecc_prior,2,true,2097152,3355133,625057,605,5,420,0,117,11427,12916
harsh_rtt250_loss30_bw100,bbr3ref,0,true,2097152,3517683,596174,618,3,437,0,42837,81114,84459
harsh_rtt250_loss30_bw100,bbr3ref,1,true,2097152,4763787,440227,628,5,442,0,50054,95093,99172
harsh_rtt250_loss30_bw100,bbr3ref,2,true,2097152,4651303,450874,605,5,415,0,51809,98135,102331
harsh_rtt250_loss30_bw100,lossblindref,0,true,2097152,4925775,425750,1307,7,435,0,137,5119,7294
harsh_rtt250_loss30_bw100,lossblindref,1,true,2097152,4274714,490594,1477,6,449,0,555,1077,1391
harsh_rtt250_loss30_bw100,lossblindref,2,true,2097152,3278920,639586,1315,5,414,0,638,2497,2856
harsh_rtt250_loss30_bw100,cubicref,0,true,2097152,42088717,49826,629,42,437,0,117,2367,3527
harsh_rtt250_loss30_bw100,cubicref,1,true,2097152,12493365,167861,628,10,432,0,117,117,117
harsh_rtt250_loss30_bw100,cubicref,2,true,2097152,45300809,46293,606,26,417,0,117,1582,2035
harsh_rtt250_loss30_bw100,newrenoref,0,true,2097152,38492993,54481,633,47,442,0,117,521,928
harsh_rtt250_loss30_bw100,newrenoref,1,true,2097152,10132514,206972,628,12,455,0,117,117,117
harsh_rtt250_loss30_bw100,newrenoref,2,false,1216180,240000000,5067,536,393,234,0,117,117,117
harsh_rtt300_loss10_bw10,edgecc,0,true,2097152,5551691,377750,2773,6,846,0,1168,19148,22426
harsh_rtt300_loss10_bw10,edgecc,1,true,2097152,4448370,471442,2742,5,852,0,4676,43982,47486
harsh_rtt300_loss10_bw10,edgecc,2,true,2097152,4777462,438967,2633,5,853,0,21106,87190,94054
harsh_rtt300_loss10_bw10,edgecc_no_prand,0,true,2097152,5551691,377750,2773,6,846,0,1168,19148,22426
harsh_rtt300_loss10_bw10,edgecc_no_prand,1,true,2097152,4448370,471442,2742,5,852,0,4676,43982,47486
harsh_rtt300_loss10_bw10,edgecc_no_prand,2,true,2097152,4777462,438967,2633,5,853,0,21106,87190,94054
harsh_rtt300_loss10_bw10,edgecc_loss_blind,0,true,2097152,5551691,377750,2773,6,846,0,1168,19148,22426
harsh_rtt300_loss10_bw10,edgecc_loss_blind,1,true,2097152,4448370,471442,2742,5,852,0,4676,43982,47486
harsh_rtt300_loss10_bw10,edgecc_loss_blind,2,true,2097152,4777462,438967,2633,5,853,0,21106,87190,94054
harsh_rtt300_loss10_bw10,edgecc_prior,0,true,2097152,7645788,274288,2239,5,895,0,144547,298616,298942
harsh_rtt300_loss10_bw10,edgecc_prior,1,true,2097152,6586151,318418,1905,5,900,0,150785,298612,298894
harsh_rtt300_loss10_bw10,edgecc_prior,2,true,2097152,5358753,391350,1975,4,903,0,152016,298635,298936
harsh_rtt300_loss10_bw10,bbr3ref,0,true,2097152,6788411,308931,2153,5,1046,0,203696,298768,298944
harsh_rtt300_loss10_bw10,bbr3ref,1,true,2097152,6822524,307386,2188,5,1047,0,204864,298760,298944
harsh_rtt300_loss10_bw10,bbr3ref,2,true,2097152,6216086,337374,2218,4,1046,0,206136,298768,298944
harsh_rtt300_loss10_bw10,lossblindref,0,true,2097152,5551691,377750,2773,6,846,0,1168,19148,22426
harsh_rtt300_loss10_bw10,lossblindref,1,true,2097152,4448370,471442,2742,5,852,0,4676,43982,47486
harsh_rtt300_loss10_bw10,lossblindref,2,true,2097152,4777462,438967,2633,5,853,0,21106,87190,94054
harsh_rtt300_loss10_bw10,cubicref,0,true,2097152,50041893,41907,259,80,165,0,1168,1168,1168
harsh_rtt300_loss10_bw10,cubicref,1,true,2097152,8050809,260489,366,6,155,0,25496,123162,132634
harsh_rtt300_loss10_bw10,cubicref,2,true,2097152,9307789,225311,682,7,569,0,4856,273333,298783
harsh_rtt300_loss10_bw10,newrenoref,0,false,1360720,240000000,5669,492,432,103,0,1168,1168,1168
harsh_rtt300_loss10_bw10,newrenoref,1,false,1646880,240000000,6862,502,423,122,0,1168,1168,1168
harsh_rtt300_loss10_bw10,newrenoref,2,true,2097152,12662562,165618,404,11,294,0,1168,234628,298469
harsh_rtt300_loss10_bw100,edgecc,0,true,2097152,3876129,541042,611,4,162,0,117,3099,6266
harsh_rtt300_loss10_bw100,edgecc,1,true,2097152,2722745,770234,691,3,145,0,117,1421,2227
harsh_rtt300_loss10_bw100,edgecc,2,true,2097152,2752207,761989,797,3,144,0,117,324,400
harsh_rtt300_loss10_bw100,edgecc_no_prand,0,true,2097152,3876129,541042,611,4,162,0,117,3099,6266
harsh_rtt300_loss10_bw100,edgecc_no_prand,1,true,2097152,2722745,770234,691,3,145,0,117,1421,2227
harsh_rtt300_loss10_bw100,edgecc_no_prand,2,true,2097152,2752207,761989,797,3,144,0,117,324,400
harsh_rtt300_loss10_bw100,edgecc_loss_blind,0,true,2097152,3876129,541042,611,4,162,0,117,3099,6266
harsh_rtt300_loss10_bw100,edgecc_loss_blind,1,true,2097152,2722745,770234,691,3,145,0,117,1421,2227
harsh_rtt300_loss10_bw100,edgecc_loss_blind,2,true,2097152,2752207,761989,797,3,144,0,117,324,400
harsh_rtt300_loss10_bw100,edgecc_prior,0,true,2097152,1952425,1074126,178,2,161,0,117,20412,23910
harsh_rtt300_loss10_bw100,edgecc_prior,1,true,2097152,1951053,1074882,164,2,149,0,117,20535,23895
harsh_rtt300_loss10_bw100,edgecc_prior,2,true,2097152,1304693,1607391,166,1,143,0,117,20561,24059
harsh_rtt300_loss10_bw100,bbr3ref,0,true,2097152,2540043,825636,178,2,161,0,66668,126453,131694
harsh_rtt300_loss10_bw100,bbr3ref,1,true,2097152,2726101,769286,164,2,150,0,67249,127623,132985
harsh_rtt300_loss10_bw100,bbr3ref,2,true,2097152,1983059,1057533,166,1,143,0,67838,128438,133804
harsh_rtt300_loss10_bw100,lossblindref,0,true,2097152,3876129,541042,611,4,162,0,117,3099,6266
harsh_rtt300_loss10_bw100,lossblindref,1,true,2097152,2722745,770234,691,3,145,0,117,1421,2227
harsh_rtt300_loss10_bw100,lossblindref,2,true,2097152,2752207,761989,797,3,144,0,117,324,400
harsh_rtt300_loss10_bw100,cubicref,0,true,2097152,21052946,99613,228,31,166,0,117,117,117
harsh_rtt300_loss10_bw100,cubicref,1,true,2097152,5801406,361490,196,5,146,0,117,4713,6607
harsh_rtt300_loss10_bw100,cubicref,2,true,2097152,28234797,74275,228,43,149,0,117,117,117
harsh_rtt300_loss10_bw100,newrenoref,0,false,1365100,240000000,5687,489,433,101,0,117,117,117
harsh_rtt300_loss10_bw100,newrenoref,1,true,2097152,6138532,341637,179,6,143,0,117,117,117
harsh_rtt300_loss10_bw100,newrenoref,2,true,2097152,9853434,212834,186,11,153,0,117,196,298
harsh_rtt300_loss20_bw10,edgecc,0,true,2097152,5445277,385132,2821,7,845,0,1646,17010,18809
harsh_rtt300_loss20_bw10,edgecc,1,true,2097152,7870163,266468,1871,6,846,0,104570,298469,298795
harsh_rtt300_loss20_bw10,edgecc,2,true,2097152,9101175,230426,1945,6,847,0,104198,298425,298927
harsh_rtt300_loss20_bw10,edgecc_no_prand,0,true,2097152,5445277,385132,2821,7,845,0,1646,17010,18809
harsh_rtt300_loss20_bw10,edgecc_no_prand,1,true,2097152,7870163,266468,1871,6,846,0,104570,298469,298795
harsh_rtt300_loss20_bw10,edgecc_no_prand,2,true,2097152,9101175,230426,1945,6,847,0,104198,298425,298927
harsh_rtt300_loss20_bw10,edgecc_loss_blind,0,true,2097152,5445277,385132,2821,7,845,0,1646,17010,18809
harsh_rtt300_loss20_bw10,edgecc_loss_blind,1,true,2097152,7870163,266468,1871,6,846,0,104570,298469,298795
harsh_rtt300_loss20_bw10,edgecc_loss_blind,2,true,2097152,9101175,230426,1945,6,847,0,104198,298425,298927
harsh_rtt300_loss20_bw10,edgecc_prior,0,true,2097152,7946401,263912,1639,6,905,0,137759,298555,298964
harsh_rtt300_loss20_bw10,edgecc_prior,1,true,2097152,8474602,247463,1915,6,900,0,107771,298194,298719
harsh_rtt300_loss20_bw10,edgecc_prior,2,true,2097152,7629689,274867,2208,5,907,0,142144,298650,298919
harsh_rtt300_loss20_bw10,bbr3ref,0,true,2097152,7981391,262755,2107,5,1046,0,201152,298768,298944
harsh_rtt300_loss20_bw10,bbr3ref,1,true,2097152,7535163,278315,2911,6,1046,0,201256,298768,298944
harsh_rtt300_loss20_bw10,bbr3ref,2,true,2097152,7974383,262986,2117,5,1046,0,201256,298768,298944
harsh_rtt300_loss20_bw10,lossblindref,0,true,2097152,5445277,385132,2821,7,845,0,1646,17010,18809
harsh_rtt300_loss20_bw10,lossblindref,1,true,2097152,7870163,266468,1871,6,846,0,104570,298469,298795
harsh_rtt300_loss20_bw10,lossblindref,2,true,2097152,9101175,230426,1945,6,847,0,104198,298425,298927
harsh_rtt300_loss20_bw10,cubicref,0,true,2097152,36553555,57372,1038,21,708,0,46559,298323,298895
harsh_rtt300_loss20_bw10,cubicref,1,true,2097152,26148023,80203,482,30,377,0,1168,259505,298308
harsh_rtt300_loss20_bw10,cubicref,2,false,1845440,240000000,7689,598,387,257,0,1168,1168,1168
harsh_rtt300_loss20_bw10,newrenoref,0,false,1204500,240000000,5018,479,381,171,0,1168,1168,1168
harsh_rtt300_loss20_bw10,newrenoref,1,false,1267280,240000000,5280,461,368,166,0,1168,1168,1168
harsh_rtt300_loss20_bw10,newrenoref,2,false,1205960,240000000,5024,468,378,157,0,1168,1168,1168
harsh_rtt300_loss20_bw100,edgecc,0,true,2097152,3191362,657133,882,4,308,0,117,595,2138
harsh_rtt300_loss20_bw100,edgecc,1,true,2097152,3724818,563021,994,5,283,0,117,663,1070
harsh_rtt300_loss20_bw100,edgecc,2,true,2097152,4335454,483721,993,5,282,0,117,234,510
harsh_rtt300_loss20_bw100,edgecc_no_prand,0,true,2097152,3191362,657133,882,4,308,0,117,595,2138
harsh_rtt300_loss20_bw100,edgecc_no_prand,1,true,2097152,3724818,563021,994,5,283,0,117,663,1070
harsh_rtt300_loss20_bw100,edgecc_no_prand,2,true,2097152,4335454,483721,993,5,282,0,117,234,510
harsh_rtt300_loss20_bw100,edgecc_loss_blind,0,true,2097152,3191362,657133,882,4,308,0,117,595,2138
harsh_rtt300_loss20_bw100,edgecc_loss_blind,1,true,2097152,3724818,563021,994,5,283,0,117,663,1070
harsh_rtt300_loss20_bw100,edgecc_loss_blind,2,true,2097152,4335454,483721,993,5,282,0,117,234,510
harsh_rtt300_loss20_bw100,edgecc_prior,0,true,2097152,2585708,811055,397,3,307,0,117,16428,19038
harsh_rtt300_loss20_bw100,edgecc_prior,1,true,2097152,4468047,469366,337,5,281,0,117,14747,16101
harsh_rtt300_loss20_bw100,edgecc_prior,2,true,2097152,1939393,1081344,358,2,277,0,117,12823,14532
harsh_rtt300_loss20_bw100,bbr3ref,0,true,2097152,3317062,632231,397,3,308,0,58127,110073,114733
harsh_rtt300_loss20_bw100,bbr3ref,1,true,2097152,3029394,692267,362,3,280,0,59648,113115,117892
harsh_rtt300_loss20_bw100,bbr3ref,2,true,2097152,3332674,629270,358,3,274,0,59999,113700,118594
harsh_rtt300_loss20_bw100,lossblindref,0,true,2097152,3191362,657133,882,4,308,0,117,595,2138
harsh_rtt300_loss20_bw100,lossblindref,1,true,2097152,3724818,563021,994,5,283,0,117,663,1070
harsh_rtt300_loss20_bw100,lossblindref,2,true,2097152,4335454,483721,993,5,282,0,117,234,510
harsh_rtt300_loss20_bw100,cubicref,0,true,2097152,26731280,78453,402,15,303,0,117,541,949
harsh_rtt300_loss20_bw100,cubicref,1,false,2010420,240000000,8376,635,383,280,0,117,117,117
harsh_rtt300_loss20_bw100,cubicref,2,false,1833760,240000000,7640,600,396,255,0,117,117,117
harsh_rtt300_loss20_bw100,newrenoref,0,false,1226400,240000000,5110,477,380,175,0,117,117,117
harsh_rtt300_loss20_bw100,newrenoref,1,false,1181140,240000000,4921,463,382,156,0,117,117,117
harsh_rtt300_loss20_bw100,newrenoref,2,false,1220560,240000000,5085,468,377,156,0,117,117,117
harsh_rtt300_loss30_bw10,edgecc,0,true,2097152,7384054,284010,2514,9,797,0,2336,7828,8696
harsh_rtt300_loss30_bw10,edgecc,1,true,2097152,11179942,187581,2058,9,863,0,50436,194304,209392
harsh_rtt300_loss30_bw10,edgecc,2,true,2097152,9185164,228319,2640,8,849,0,1168,2814,3770
harsh_rtt300_loss30_bw10,edgecc_no_prand,0,true,2097152,7384054,284010,2514,9,797,0,2336,7828,8696
harsh_rtt300_loss30_bw10,edgecc_no_prand,1,true,2097152,11179942,187581,2058,9,863,0,50436,194304,209392
harsh_rtt300_loss30_bw10,edgecc_no_prand,2,true,2097152,9185164,228319,2640,8,849,0,1168,2814,3770
harsh_rtt300_loss30_bw10,edgecc_loss_blind,0,true,2097152,7384054,284010,2514,9,797,0,2336,7828,8696
harsh_rtt300_loss30_bw10,edgecc_loss_blind,1,true,2097152,11179942,187581,2058,9,863,0,50436,194304,209392
harsh_rtt300_loss30_bw10,edgecc_loss_blind,2,true,2097152,9185164,228319,2640,8,849,0,1168,2814,3770
harsh_rtt300_loss30_bw10,edgecc_prior,0,true,2097152,6720998,312029,2032,7,770,0,29231,110960,120954
harsh_rtt300_loss30_bw10,edgecc_prior,1,true,2097152,8863591,236602,1195,7,557,0,116775,239616,246304
harsh_rtt300_loss30_bw10,edgecc_prior,2,true,2097152,10166121,206288,1913,7,914,0,139660,298647,298996
harsh_rtt300_loss30_bw10,bbr3ref,0,true,2097152,7606448,275707,1628,6,921,0,224216,298806,298962
harsh_rtt300_loss30_bw10,bbr3ref,1,true,2097152,11565299,181331,2054,7,1047,0,196272,298760,298944
harsh_rtt300_loss30_bw10,bbr3ref,2,true,2097152,10550000,198782,2135,8,1046,0,198608,298768,298944
harsh_rtt300_loss30_bw10,lossblindref,0,true,2097152,7384054,284010,2514,9,797,0,2336,7828,8696
harsh_rtt300_loss30_bw10,lossblindref,1,true,2097152,11179942,187581,2058,9,863,0,50436,194304,209392
harsh_rtt300_loss30_bw10,lossblindref,2,true,2097152,9185164,228319,2640,8,849,0,1168,2814,3770
harsh_rtt300_loss30_bw10,cubicref,0,false,1146100,240000000,4775,494,316,222,0,1168,1168,1168
harsh_rtt300_loss30_bw10,cubicref,1,false,1184060,240000000,4933,525,323,251,0,1168,1168,1168
harsh_rtt300_loss30_bw10,cubicref,2,false,1334440,240000000,5560,535,329,265,0,1168,1168,1168
harsh_rtt300_loss30_bw10,newrenoref,0,true,2097152,138861196,15102,1112,80,756,0,50987,298183,298762
harsh_rtt300_loss30_bw10,newrenoref,1,false,913960,240000000,3808,420,307,182,0,1168,1168,1168
harsh_rtt300_loss30_bw10,newrenoref,2,false,976740,240000000,4069,448,333,190,0,1168,1168,1168
harsh_rtt300_loss30_bw100,edgecc,0,true,2097152,13027936,160973,1306,8,435,0,117,510,1307
harsh_rtt300_loss30_bw100,edgecc,1,true,2097152,5524678,379597,1096,7,447,0,117,310,578
harsh_rtt300_loss30_bw100,edgecc,2,true,2097152,4920364,426218,1140,7,433,0,117,280,468
harsh_rtt300_loss30_bw100,edgecc_no_prand,0,true,2097152,13027936,160973,1306,8,435,0,117,510,1307
harsh_rtt300_loss30_bw100,edgecc_no_prand,1,true,2097152,5524678,379597,1096,7,447,0,117,310,578
harsh_rtt300_loss30_bw100,edgecc_no_prand,2,true,2097152,4920364,426218,1140,7,433,0,117,280,468
harsh_rtt300_loss30_bw100,edgecc_loss_blind,0,true,2097152,13027936,160973,1306,8,435,0,117,510,1307
harsh_rtt300_loss30_bw100,edgecc_loss_blind,1,true,2097152,5524678,379597,1096,7,447,0,117,310,578
harsh_rtt300_loss30_bw100,edgecc_loss_blind,2,true,2097152,4920364,426218,1140,7,433,0,117,280,468
harsh_rtt300_loss30_bw100,edgecc_prior,0,true,2097152,2522817,831273,618,3,441,0,117,4032,4179
harsh_rtt300_loss30_bw100,edgecc_prior,1,true,2097152,4419947,474474,628,5,444,0,117,10630,11567
harsh_rtt300_loss30_bw100,edgecc_prior,2,true,2097152,3767702,556613,605,5,420,0,117,6596,7421
harsh_rtt300_loss30_bw100,bbr3ref,0,true,2097152,5161674,406292,727,5,437,0,42837,81114,84459
harsh_rtt300_loss30_bw100,bbr3ref,1,true,2097152,5541342,378455,661,5,442,0,50054,95093,99172
harsh_rtt300_loss30_bw100,bbr3ref,2,true,2097152,5455815,384388,605,5,415,0,51809,98135,102331
harsh_rtt300_loss30_bw100,lossblindref,0,true,2097152,13027936,160973,1306,8,435,0,117,510,1307
harsh_rtt300_loss30_bw100,lossblindref,1,true,2097152,5524678,379597,1096,7,447,0,117,310,578
harsh_rtt300_loss30_bw100,lossblindref,2,true,2097152,4920364,426218,1140,7,433,0,117,280,468
harsh_rtt300_loss30_bw100,cubicref,0,false,1255600,240000000,5231,521,307,248,0,117,117,117
harsh_rtt300_loss30_bw100,cubicref,1,false,1157780,240000000,4824,525,313,255,0,117,117,117
harsh_rtt300_loss30_bw100,cubicref,2,false,1343200,240000000,5596,538,330,266,0,117,117,117
harsh_rtt300_loss30_bw100,newrenoref,0,true,2097152,48238765,43474,633,49,440,0,117,260,368
harsh_rtt300_loss30_bw100,newrenoref,1,false,954840,240000000,3978,430,312,196,0,117,117,117
harsh_rtt300_loss30_bw100,newrenoref,2,false,1016160,240000000,4234,457,332,199,0,117,117,117
axis_buffer_025bdp,edgecc,0,true,4194304,1405382,2984458,77,1,77,0,117,11630,12484
axis_buffer_025bdp,edgecc,1,true,4194304,1401259,2993239,282,1,282,0,117,12475,12511
axis_buffer_025bdp,edgecc,2,true,4194304,1106636,3790138,346,1,341,0,117,12484,12512
axis_buffer_025bdp,edgecc_no_prand,0,true,4194304,1405382,2984458,77,1,77,0,117,11630,12484
axis_buffer_025bdp,edgecc_no_prand,1,true,4194304,1401259,2993239,282,1,282,0,117,12475,12511
axis_buffer_025bdp,edgecc_no_prand,2,true,4194304,1106636,3790138,346,1,341,0,117,12484,12512
axis_buffer_025bdp,edgecc_loss_blind,0,true,4194304,1405382,2984458,77,1,77,0,117,11630,12484
axis_buffer_025bdp,edgecc_loss_blind,1,true,4194304,1401259,2993239,282,1,282,0,117,12475,12511
axis_buffer_025bdp,edgecc_loss_blind,2,true,4194304,1106636,3790138,346,1,341,0,117,12484,12512
axis_buffer_025bdp,edgecc_prior,0,true,4194304,1453393,2885870,967,2,696,0,8911,12505,12516
axis_buffer_025bdp,edgecc_prior,1,true,4194304,1050351,3993240,465,1,462,0,6702,12493,12514
axis_buffer_025bdp,edgecc_prior,2,true,4194304,1452340,2887962,911,2,668,0,7731,12505,12519
axis_buffer_025bdp,bbr3ref,0,true,4194304,7881347,532181,21211,18,2493,0,12444,12511,12518
axis_buffer_025bdp,bbr3ref,1,true,4194304,7872923,532750,21216,18,2493,0,12444,12511,12518
axis_buffer_025bdp,bbr3ref,2,true,4194304,7881369,532179,21207,18,2493,0,12444,12511,12518
axis_buffer_025bdp,lossblindref,0,true,4194304,1405382,2984458,77,1,77,0,117,11630,12484
axis_buffer_025bdp,lossblindref,1,true,4194304,1401259,2993239,282,1,282,0,117,12475,12511
axis_buffer_025bdp,lossblindref,2,true,4194304,1106636,3790138,346,1,341,0,117,12484,12512
axis_buffer_025bdp,cubicref,0,true,4194304,2357170,1779381,3702,4,1981,0,117,12479,12511
axis_buffer_025bdp,cubicref,1,true,4194304,2551626,1643776,4056,4,2151,0,6018,12516,12516
axis_buffer_025bdp,cubicref,2,true,4194304,2263250,1853221,3914,3,2068,0,117,12500,12518
axis_buffer_025bdp,newrenoref,0,true,4194304,2177853,1925889,3637,3,1931,0,117,12487,12512
axis_buffer_025bdp,newrenoref,1,true,4194304,2271073,1846838,3791,3,2060,0,7187,12501,12517
axis_buffer_025bdp,newrenoref,2,true,4194304,4081843,1027551,3703,7,2009,0,117,12494,12516
axis_buffer_4bdp,edgecc,0,true,4194304,1135375,3694201,26,0,26,0,117,13368,17375
axis_buffer_4bdp,edgecc,1,true,4194304,1141899,3673095,34,0,34,0,117,34682,40055
axis_buffer_4bdp,edgecc,2,true,4194304,1006554,4166993,31,0,31,0,143,41859,47507
axis_buffer_4bdp,edgecc_no_prand,0,true,4194304,1135375,3694201,26,0,26,0,117,13368,17375
axis_buffer_4bdp,edgecc_no_prand,1,true,4194304,1141899,3673095,34,0,34,0,117,34682,40055
axis_buffer_4bdp,edgecc_no_prand,2,true,4194304,1006554,4166993,31,0,31,0,143,41859,47507
axis_buffer_4bdp,edgecc_loss_blind,0,true,4194304,1135375,3694201,26,0,26,0,117,13368,17375
axis_buffer_4bdp,edgecc_loss_blind,1,true,4194304,1141899,3673095,34,0,34,0,117,34682,40055
axis_buffer_4bdp,edgecc_loss_blind,2,true,4194304,1006554,4166993,31,0,31,0,143,41859,47507
axis_buffer_4bdp,edgecc_prior,0,true,4194304,489530,8568022,26,0,26,0,15115,65713,65925
axis_buffer_4bdp,edgecc_prior,1,true,4194304,546515,7674636,34,0,34,0,7400,46313,51796
axis_buffer_4bdp,edgecc_prior,2,true,4194304,509466,8232745,31,0,31,0,20682,62320,62437
axis_buffer_4bdp,bbr3ref,0,true,4194304,1101148,3809028,894,1,888,0,114034,200185,200280
axis_buffer_4bdp,bbr3ref,1,true,4194304,1101733,3807005,899,1,888,0,108785,199612,200279
axis_buffer_4bdp,bbr3ref,2,true,4194304,1101265,3808623,895,1,888,0,112049,199963,200280
axis_buffer_4bdp,lossblindref,0,true,4194304,1135375,3694201,26,0,26,0,117,13368,17375
axis_buffer_4bdp,lossblindref,1,true,4194304,1141899,3673095,34,0,34,0,117,34682,40055
axis_buffer_4bdp,lossblindref,2,true,4194304,1006554,4166993,31,0,31,0,143,41859,47507
axis_buffer_4bdp,cubicref,0,true,4194304,1980482,2117819,377,1,376,0,72529,188567,199088
axis_buffer_4bdp,cubicref,1,true,4194304,1878620,2232651,548,1,546,0,83825,191859,200212
axis_buffer_4bdp,cubicref,2,true,4194304,1833149,2288032,468,1,463,0,77380,189788,199838
axis_buffer_4bdp,newrenoref,0,true,4194304,1995559,2101819,328,1,327,0,72020,188879,199277
axis_buffer_4bdp,newrenoref,1,true,4194304,1671528,2509263,458,1,456,0,81597,191601,200223
axis_buffer_4bdp,newrenoref,2,true,4194304,1428564,2936028,407,1,404,0,76297,189853,200139
axis_policer,edgecc,0,true,4194304,1288090,3256219,323,1,303,0,117,157,234
axis_policer,edgecc,1,true,4194304,1329561,3154653,679,1,531,0,117,379,920
axis_policer,edgecc,2,true,4194304,1496854,2802079,780,2,595,0,117,380,859
axis_policer,edgecc_no_prand,0,true,4194304,1288090,3256219,323,1,303,0,117,157,234
axis_policer,edgecc_no_prand,1,true,4194304,1329561,3154653,679,1,531,0,117,379,920
axis_policer,edgecc_no_prand,2,true,4194304,1496854,2802079,780,2,595,0,117,380,859
axis_policer,edgecc_loss_blind,0,true,4194304,1288090,3256219,323,1,303,0,117,157,234
axis_policer,edgecc_loss_blind,1,true,4194304,1329561,3154653,679,1,531,0,117,379,920
axis_policer,edgecc_loss_blind,2,true,4194304,1496854,2802079,780,2,595,0,117,380,859
axis_policer,edgecc_prior,0,true,4194304,1850936,2266044,1359,3,924,0,117,5328,6585
axis_policer,edgecc_prior,1,true,4194304,1050786,3991587,509,1,505,0,117,5086,6468
axis_policer,edgecc_prior,2,true,4194304,1050333,3993308,144,1,142,0,117,3660,6369
axis_policer,bbr3ref,0,true,4194304,12758089,328756,36672,30,2589,0,4132,6944,7218
axis_policer,bbr3ref,1,true,4194304,12753524,328874,36623,30,2591,0,4015,6944,7218
axis_policer,bbr3ref,2,true,4194304,13288466,315634,37010,30,2590,0,4132,6944,7218
axis_policer,lossblindref,0,true,4194304,1288090,3256219,323,1,303,0,117,157,234
axis_policer,lossblindref,1,true,4194304,1329561,3154653,679,1,531,0,117,379,920
axis_policer,lossblindref,2,true,4194304,1496854,2802079,780,2,595,0,117,380,859
axis_policer,cubicref,0,true,4194304,2208258,1899372,3912,3,2057,0,117,6022,6570
axis_policer,cubicref,1,true,4194304,2615911,1603381,4306,4,2267,0,231,5325,5787
axis_policer,cubicref,2,true,4194304,2236002,1875805,4248,3,2153,0,117,5794,6322
axis_policer,newrenoref,0,true,4194304,6486852,646585,3826,9,2017,0,117,5752,6330
axis_policer,newrenoref,1,true,4194304,2215920,1892804,4113,3,2193,0,117,4679,5387
axis_policer,newrenoref,2,true,4194304,2203403,1903557,4031,3,2106,0,117,5448,6017
axis_jitter10ms,edgecc,0,true,4194304,1260044,3328696,1650,0,33,0,0,16069,20555
axis_jitter10ms,edgecc,1,true,4194304,1183719,3543327,1621,0,28,0,0,5445,9973
axis_jitter10ms,edgecc,2,true,4194304,1568192,2674611,1508,1,24,0,0,3144,8434
axis_jitter10ms,edgecc_no_prand,0,true,4194304,1260044,3328696,1650,0,33,0,0,16069,20555
axis_jitter10ms,edgecc_no_prand,1,true,4194304,1183719,3543327,1621,0,28,0,0,5445,9973
axis_jitter10ms,edgecc_no_prand,2,true,4194304,1568192,2674611,1508,1,24,0,0,3144,8434
axis_jitter10ms,edgecc_loss_blind,0,true,4194304,1260044,3328696,1650,0,33,0,0,16069,20555
axis_jitter10ms,edgecc_loss_blind,1,true,4194304,1183719,3543327,1621,0,28,0,0,5445,9973
axis_jitter10ms,edgecc_loss_blind,2,true,4194304,1568192,2674611,1508,1,24,0,0,3144,8434
axis_jitter10ms,edgecc_prior,0,true,4194304,1052327,3985742,1721,1,114,0,19363,46200,50252
axis_jitter10ms,edgecc_prior,1,true,4194304,1069458,3921896,1761,1,150,0,23981,46285,50463
axis_jitter10ms,edgecc_prior,2,true,4194304,1062476,3947669,2005,1,220,0,19482,35776,39095
axis_jitter10ms,bbr3ref,0,true,4194304,17870924,234699,450,0,32,0,0,8989,13953
axis_jitter10ms,bbr3ref,1,true,4194304,1444299,2904041,2351,2,362,0,30113,35826,38792
axis_jitter10ms,bbr3ref,2,true,4194304,1508487,2780470,3206,2,1303,0,31836,37919,39886
axis_jitter10ms,lossblindref,0,true,4194304,1260044,3328696,1650,0,33,0,0,16069,20555
axis_jitter10ms,lossblindref,1,true,4194304,1183719,3543327,1621,0,28,0,0,5445,9973
axis_jitter10ms,lossblindref,2,true,4194304,1568192,2674611,1508,1,24,0,0,3144,8434
axis_jitter10ms,cubicref,0,true,4194304,5385385,778830,3652,8,1594,0,0,34135,36343
axis_jitter10ms,cubicref,1,true,4194304,2825735,1484323,3336,4,1460,0,0,35505,39031
axis_jitter10ms,cubicref,2,true,4194304,2788181,1504315,3637,4,1590,0,0,33967,36333
axis_jitter10ms,newrenoref,0,true,4194304,4316045,971793,3449,7,1459,0,0,35621,37628
axis_jitter10ms,newrenoref,1,true,4194304,6254060,670652,3364,8,1442,0,897,36337,38691
axis_jitter10ms,newrenoref,2,true,4194304,7163660,585497,3626,7,1575,0,0,34051,35658
axis_codel_ecn,edgecc,0,true,4194304,1135375,3694201,26,0,26,398,117,13368,17375
axis_codel_ecn,edgecc,1,true,4194304,1158480,3620523,34,0,34,695,117,25337,30069
axis_codel_ecn,edgecc,2,true,4194304,1035413,4050851,31,0,31,717,117,27490,32630
axis_codel_ecn,edgecc_no_prand,0,true,4194304,1135375,3694201,26,0,26,398,117,13368,17375
axis_codel_ecn,edgecc_no_prand,1,true,4194304,1158480,3620523,34,0,34,695,117,25337,30069
axis_codel_ecn,edgecc_no_prand,2,true,4194304,1035413,4050851,31,0,31,717,117,27490,32630
axis_codel_ecn,edgecc_loss_blind,0,true,4194304,1135375,3694201,26,0,26,398,117,13368,17375
axis_codel_ecn,edgecc_loss_blind,1,true,4194304,1158480,3620523,34,0,34,695,117,25337,30069
axis_codel_ecn,edgecc_loss_blind,2,true,4194304,1035413,4050851,31,0,31,717,117,27490,32630
axis_codel_ecn,edgecc_prior,0,true,4194304,1050117,3994130,67,1,66,1909,7878,45223,50004
axis_codel_ecn,edgecc_prior,1,true,4194304,567506,7390765,34,0,34,1514,6702,38196,43496
axis_codel_ecn,edgecc_prior,2,true,4194304,554240,7567667,31,0,31,1846,7638,42089,47791
axis_codel_ecn,bbr3ref,0,true,4194304,2318113,1809361,5476,4,2172,2586,46059,50062,50074
axis_codel_ecn,bbr3ref,1,true,4194304,2317411,1809909,5451,4,2172,2582,40810,50059,50073
axis_codel_ecn,bbr3ref,2,true,4194304,2650117,1582686,5459,5,2172,2582,44191,50060,50073
axis_codel_ecn,lossblindref,0,true,4194304,1135375,3694201,26,0,26,398,117,13368,17375
axis_codel_ecn,lossblindref,1,true,4194304,1158480,3620523,34,0,34,695,117,25337,30069
axis_codel_ecn,lossblindref,2,true,4194304,1035413,4050851,31,0,31,717,117,27490,32630
axis_codel_ecn,cubicref,0,true,4194304,2471379,1697151,2732,3,1660,1340,5055,50003,50060
axis_codel_ecn,cubicref,1,true,4194304,2569410,1632399,3038,3,1830,1266,19824,50049,50073
axis_codel_ecn,cubicref,2,true,4194304,2570316,1631824,2954,3,1747,1042,10402,50020,50064
axis_codel_ecn,newrenoref,0,true,4194304,5783124,725266,2665,5,1610,1047,6334,50015,50065
axis_codel_ecn,newrenoref,1,true,4194304,8832439,474874,2846,9,1739,1307,20080,50036,50067
axis_codel_ecn,newrenoref,2,true,4194304,4726973,887312,2782,6,1688,1146,11546,50022,50060
axis_route_switch,edgecc,0,true,4194304,1135375,3694201,26,0,26,0,117,13368,17375
axis_route_switch,edgecc,1,true,4194304,1141899,3673095,34,0,34,0,117,34682,40055
axis_route_switch,edgecc,2,true,4194304,1006554,4166993,31,0,31,0,143,41859,47507
axis_route_switch,edgecc_no_prand,0,true,4194304,1135375,3694201,26,0,26,0,117,13368,17375
axis_route_switch,edgecc_no_prand,1,true,4194304,1141899,3673095,34,0,34,0,117,34682,40055
axis_route_switch,edgecc_no_prand,2,true,4194304,1006554,4166993,31,0,31,0,143,41859,47507
axis_route_switch,edgecc_loss_blind,0,true,4194304,1135375,3694201,26,0,26,0,117,13368,17375
axis_route_switch,edgecc_loss_blind,1,true,4194304,1141899,3673095,34,0,34,0,117,34682,40055
axis_route_switch,edgecc_loss_blind,2,true,4194304,1006554,4166993,31,0,31,0,143,41859,47507
axis_route_switch,edgecc_prior,0,true,4194304,496550,8446891,162,0,162,0,12091,50035,50056
axis_route_switch,edgecc_prior,1,true,4194304,581264,7215833,60,0,60,0,7200,45096,49977
axis_route_switch,edgecc_prior,2,true,4194304,1050468,3992795,138,1,134,0,18000,50035,50058
axis_route_switch,bbr3ref,0,true,4194304,2521038,1663721,5534,4,2172,0,46059,50062,50074
axis_route_switch,bbr3ref,1,true,4194304,2520453,1664107,5512,4,2172,0,40810,50059,50073
axis_route_switch,bbr3ref,2,true,4194304,2863455,1464770,5521,5,2172,0,44191,50060,50073
axis_route_switch,lossblindref,0,true,4194304,1135375,3694201,26,0,26,0,117,13368,17375
axis_route_switch,lossblindref,1,true,4194304,1141899,3673095,34,0,34,0,117,34682,40055
axis_route_switch,lossblindref,2,true,4194304,1006554,4166993,31,0,31,0,143,41859,47507
axis_route_switch,cubicref,0,true,4194304,3144749,1333748,2794,4,1660,0,5055,50003,50060
axis_route_switch,cubicref,1,true,4194304,2817527,1488647,3092,3,1830,0,19824,50049,50073
axis_route_switch,cubicref,2,true,4194304,2902885,1444874,3006,3,1747,0,10402,50020,50064
axis_route_switch,newrenoref,0,true,4194304,8829228,475047,2698,6,1610,0,6334,50015,50065
axis_route_switch,newrenoref,1,true,4194304,12520514,334994,2868,9,1739,0,20080,50036,50067
axis_route_switch,newrenoref,2,true,4194304,6324815,663150,2810,6,1688,0,11546,50022,50060
axis_concur10,edgecc,0,true,4194304,3236109,1296094,642,5,406,0,26913,50056,50073,flow=0
axis_concur10,edgecc,0,true,4194304,3198691,1311256,1220,5,625,0,49305,50064,50074,flow=1
axis_concur10,edgecc,0,true,4194304,3677648,1140485,658,5,491,0,20055,50058,50073,flow=2
axis_concur10,edgecc,0,true,4194304,3667172,1143743,351,4,240,0,7943,50035,50074,flow=3
axis_concur10,edgecc,0,true,4194304,4001395,1048210,700,4,460,0,48046,50056,50072,flow=4
axis_concur10,edgecc,0,true,4194304,3346569,1253314,773,5,540,0,42539,50053,50071,flow=5
axis_concur10,edgecc,0,true,4194304,2907149,1442755,1217,5,617,0,49815,50061,50074,flow=6
axis_concur10,edgecc,0,true,4194304,4065201,1031758,238,4,169,0,117,50023,50061,flow=7
axis_concur10,edgecc,0,true,4194304,3905932,1073829,888,4,552,0,41375,50058,50071,flow=8
axis_concur10,edgecc,0,true,4194304,3224526,1300750,899,5,555,0,48867,50056,50071,flow=9
axis_concur10,edgecc,0,fairness_min=1031758,fairness_max=1442755,fairness_ratio=0.715
axis_concur10,edgecc,1,true,4194304,3600479,1164929,573,5,385,0,45454,50053,50072,flow=0
axis_concur10,edgecc,1,true,4194304,1979996,2118339,1150,3,595,0,49952,50066,50074,flow=1
axis_concur10,edgecc,1,true,4194304,3623339,1157579,451,4,317,0,28818,50035,50068,flow=2
axis_concur10,edgecc,1,true,4194304,4283289,979225,479,4,320,0,353,50041,50068,flow=3
axis_concur10,edgecc,1,true,4194304,3604544,1163615,1106,7,434,0,33234,50051,50072,flow=4
axis_concur10,edgecc,1,true,4194304,2055735,2040294,827,3,522,0,49801,50056,50072,flow=5
axis_concur10,edgecc,1,true,4194304,4320014,970900,337,6,137,0,175,49834,50051,flow=6
axis_concur10,edgecc,1,true,4194304,4018969,1043626,751,4,433,0,38335,50052,50071,flow=7
axis_concur10,edgecc,1,true,4194304,2502033,1676358,568,3,359,0,38569,50042,50069,flow=8
axis_concur10,edgecc,1,true,4194304,4008886,1046251,501,4,428,0,22639,50044,50072,flow=9
axis_concur10,edgecc,1,fairness_min=970900,fairness_max=2118339,fairness_ratio=0.458
axis_concur10,edgecc,2,true,4194304,4540595,923734,1502,8,672,0,49970,50064,50074,flow=0
axis_concur10,edgecc,2,true,4194304,4082912,1027282,870,4,516,0,42430,50040,50071,flow=1
axis_concur10,edgecc,2,true,4194304,4149535,1010788,771,6,421,0,48904,50047,50071,flow=2
axis_concur10,edgecc,2,true,4194304,4565092,918777,488,4,303,0,718,50035,50064,flow=3
axis_concur10,edgecc,2,true,4194304,4140340,1013033,1361,7,696,0,49931,50062,50071,flow=4
axis_concur10,edgecc,2,true,4194304,3828629,1095510,640,5,465,0,28005,50056,50072,flow=5
axis_concur10,edgecc,2,true,4194304,3520736,1191314,639,4,466,0,31608,50038,50068,flow=6
axis_concur10,edgecc,2,true,4194304,3181692,1318262,1140,5,580,0,48229,50062,50074,flow=7
axis_concur10,edgecc,2,true,4194304,3706144,1131716,1079,6,459,0,33259,50055,50073,flow=8
axis_concur10,edgecc,2,true,4194304,3683781,1138586,494,4,352,0,37316,50035,50068,flow=9
axis_concur10,edgecc,2,fairness_min=918777,fairness_max=1318262,fairness_ratio=0.697
axis_concur10,edgecc_no_prand,0,true,4194304,3236109,1296094,642,5,406,0,26913,50056,50073,flow=0
axis_concur10,edgecc_no_prand,0,true,4194304,3198691,1311256,1220,5,625,0,49305,50064,50074,flow=1
axis_concur10,edgecc_no_prand,0,true,4194304,3677648,1140485,658,5,491,0,20055,50058,50073,flow=2
axis_concur10,edgecc_no_prand,0,true,4194304,3667172,1143743,351,4,240,0,7943,50035,50074,flow=3
axis_concur10,edgecc_no_prand,0,true,4194304,4001395,1048210,700,4,460,0,48046,50056,50072,flow=4
axis_concur10,edgecc_no_prand,0,true,4194304,3346569,1253314,773,5,540,0,42539,50053,50071,flow=5
axis_concur10,edgecc_no_prand,0,true,4194304,2907149,1442755,1217,5,617,0,49815,50061,50074,flow=6
axis_concur10,edgecc_no_prand,0,true,4194304,4065201,1031758,238,4,169,0,117,50023,50061,flow=7
axis_concur10,edgecc_no_prand,0,true,4194304,3905932,1073829,888,4,552,0,41375,50058,50071,flow=8
axis_concur10,edgecc_no_prand,0,true,4194304,3224526,1300750,899,5,555,0,48867,50056,50071,flow=9
axis_concur10,edgecc_no_prand,0,fairness_min=1031758,fairness_max=1442755,fairness_ratio=0.715
axis_concur10,edgecc_no_prand,1,true,4194304,3600479,1164929,573,5,385,0,45454,50053,50072,flow=0
axis_concur10,edgecc_no_prand,1,true,4194304,1979996,2118339,1150,3,595,0,49952,50066,50074,flow=1
axis_concur10,edgecc_no_prand,1,true,4194304,3623339,1157579,451,4,317,0,28818,50035,50068,flow=2
axis_concur10,edgecc_no_prand,1,true,4194304,4283289,979225,479,4,320,0,353,50041,50068,flow=3
axis_concur10,edgecc_no_prand,1,true,4194304,3604544,1163615,1106,7,434,0,33234,50051,50072,flow=4
axis_concur10,edgecc_no_prand,1,true,4194304,2055735,2040294,827,3,522,0,49801,50056,50072,flow=5
axis_concur10,edgecc_no_prand,1,true,4194304,4320014,970900,337,6,137,0,175,49834,50051,flow=6
axis_concur10,edgecc_no_prand,1,true,4194304,4018969,1043626,751,4,433,0,38335,50052,50071,flow=7
axis_concur10,edgecc_no_prand,1,true,4194304,2502033,1676358,568,3,359,0,38569,50042,50069,flow=8
axis_concur10,edgecc_no_prand,1,true,4194304,4008886,1046251,501,4,428,0,22639,50044,50072,flow=9
axis_concur10,edgecc_no_prand,1,fairness_min=970900,fairness_max=2118339,fairness_ratio=0.458
axis_concur10,edgecc_no_prand,2,true,4194304,4540595,923734,1502,8,672,0,49970,50064,50074,flow=0
axis_concur10,edgecc_no_prand,2,true,4194304,4082912,1027282,870,4,516,0,42430,50040,50071,flow=1
axis_concur10,edgecc_no_prand,2,true,4194304,4149535,1010788,771,6,421,0,48904,50047,50071,flow=2
axis_concur10,edgecc_no_prand,2,true,4194304,4565092,918777,488,4,303,0,718,50035,50064,flow=3
axis_concur10,edgecc_no_prand,2,true,4194304,4140340,1013033,1361,7,696,0,49931,50062,50071,flow=4
axis_concur10,edgecc_no_prand,2,true,4194304,3828629,1095510,640,5,465,0,28005,50056,50072,flow=5
axis_concur10,edgecc_no_prand,2,true,4194304,3520736,1191314,639,4,466,0,31608,50038,50068,flow=6
axis_concur10,edgecc_no_prand,2,true,4194304,3181692,1318262,1140,5,580,0,48229,50062,50074,flow=7
axis_concur10,edgecc_no_prand,2,true,4194304,3706144,1131716,1079,6,459,0,33259,50055,50073,flow=8
axis_concur10,edgecc_no_prand,2,true,4194304,3683781,1138586,494,4,352,0,37316,50035,50068,flow=9
axis_concur10,edgecc_no_prand,2,fairness_min=918777,fairness_max=1318262,fairness_ratio=0.697
axis_concur10,edgecc_loss_blind,0,true,4194304,3236109,1296094,642,5,406,0,26913,50056,50073,flow=0
axis_concur10,edgecc_loss_blind,0,true,4194304,3198691,1311256,1220,5,625,0,49305,50064,50074,flow=1
axis_concur10,edgecc_loss_blind,0,true,4194304,3677648,1140485,658,5,491,0,20055,50058,50073,flow=2
axis_concur10,edgecc_loss_blind,0,true,4194304,3667172,1143743,351,4,240,0,7943,50035,50074,flow=3
axis_concur10,edgecc_loss_blind,0,true,4194304,4001395,1048210,700,4,460,0,48046,50056,50072,flow=4
axis_concur10,edgecc_loss_blind,0,true,4194304,3346569,1253314,773,5,540,0,42539,50053,50071,flow=5
axis_concur10,edgecc_loss_blind,0,true,4194304,2907149,1442755,1217,5,617,0,49815,50061,50074,flow=6
axis_concur10,edgecc_loss_blind,0,true,4194304,4065201,1031758,238,4,169,0,117,50023,50061,flow=7
axis_concur10,edgecc_loss_blind,0,true,4194304,3905932,1073829,888,4,552,0,41375,50058,50071,flow=8
axis_concur10,edgecc_loss_blind,0,true,4194304,3224526,1300750,899,5,555,0,48867,50056,50071,flow=9
axis_concur10,edgecc_loss_blind,0,fairness_min=1031758,fairness_max=1442755,fairness_ratio=0.715
