cell,variant,replica,completed,delivered_bytes,fct_us,goodput_bps,retransmits,rto_events,drops,ce_marks,qdelay_p50_us,qdelay_p95_us,qdelay_p99_us
rtt5_loss0_bw10,edgecc,0,true,4194304,5033504,833277,235,8,198,0,1840,3008,3384
rtt5_loss0_bw10,edgecc,1,true,4194304,5033504,833277,235,8,198,0,1840,3008,3384
rtt5_loss0_bw10,edgecc,2,true,4194304,5033504,833277,235,8,198,0,1840,3008,3384
rtt5_loss0_bw10,edgecc_no_probe,0,true,4194304,5497824,762902,204,9,171,0,1168,3008,3136
rtt5_loss0_bw10,edgecc_no_probe,1,true,4194304,5497824,762902,204,9,171,0,1168,3008,3136
rtt5_loss0_bw10,edgecc_no_probe,2,true,4194304,5497824,762902,204,9,171,0,1168,3008,3136
rtt5_loss0_bw10,edgecc_no_utility,0,true,4194304,5231780,801697,268,8,233,0,1168,3008,3328
rtt5_loss0_bw10,edgecc_no_utility,1,true,4194304,5231780,801697,268,8,233,0,1168,3008,3328
rtt5_loss0_bw10,edgecc_no_utility,2,true,4194304,5231780,801697,268,8,233,0,1168,3008,3328
rtt5_loss0_bw10,edgecc_no_belief,0,true,4194304,3713460,1129486,47,2,36,0,1168,3008,3008
rtt5_loss0_bw10,edgecc_no_belief,1,true,4194304,3713460,1129486,47,2,36,0,1168,3008,3008
rtt5_loss0_bw10,edgecc_no_belief,2,true,4194304,3713460,1129486,47,2,36,0,1168,3008,3008
rtt5_loss0_bw10,edgecc_no_plateau,0,true,4194304,5033504,833277,235,8,198,0,1840,3008,3384
rtt5_loss0_bw10,edgecc_no_plateau,1,true,4194304,5033504,833277,235,8,198,0,1840,3008,3384
rtt5_loss0_bw10,edgecc_no_plateau,2,true,4194304,5033504,833277,235,8,198,0,1840,3008,3384
rtt5_loss0_bw10,edgecc_no_prand,0,true,4194304,5033504,833277,235,8,198,0,1840,3008,3384
rtt5_loss0_bw10,edgecc_no_prand,1,true,4194304,5033504,833277,235,8,198,0,1840,3008,3384
rtt5_loss0_bw10,edgecc_no_prand,2,true,4194304,5033504,833277,235,8,198,0,1840,3008,3384
rtt5_loss0_bw10,edgecc_loss_blind,0,true,4194304,4821028,870001,187,7,157,0,1168,3008,3360
rtt5_loss0_bw10,edgecc_loss_blind,1,true,4194304,4821028,870001,187,7,157,0,1168,3008,3360
rtt5_loss0_bw10,edgecc_loss_blind,2,true,4194304,4821028,870001,187,7,157,0,1168,3008,3360
rtt5_loss0_bw10,edgecc_prior,0,true,4194304,3364932,1246475,1,0,1,0,1840,1840,1840
rtt5_loss0_bw10,edgecc_prior,1,true,4194304,3364932,1246475,1,0,1,0,1840,1840,1840
rtt5_loss0_bw10,edgecc_prior,2,true,4194304,3364932,1246475,1,0,1,0,1840,1840,1840
rtt5_loss0_bw10,bbr3ref,0,true,4194304,4205168,997416,189,7,102,0,1840,3008,3008
rtt5_loss0_bw10,bbr3ref,1,true,4194304,4205168,997416,189,7,102,0,1840,3008,3008
rtt5_loss0_bw10,bbr3ref,2,true,4194304,4205168,997416,189,7,102,0,1840,3008,3008
rtt5_loss0_bw10,lossblindref,0,true,4194304,4821028,870001,187,7,157,0,1168,3008,3360
rtt5_loss0_bw10,lossblindref,1,true,4194304,4821028,870001,187,7,157,0,1168,3008,3360
rtt5_loss0_bw10,lossblindref,2,true,4194304,4821028,870001,187,7,157,0,1168,3008,3360
rtt5_loss0_bw10,cubicref,0,true,4194304,3394437,1235640,59,0,59,0,1840,3008,3008
rtt5_loss0_bw10,cubicref,1,true,4194304,3394437,1235640,59,0,59,0,1840,3008,3008
rtt5_loss0_bw10,cubicref,2,true,4194304,3394437,1235640,59,0,59,0,1840,3008,3008
rtt5_loss0_bw10,newrenoref,0,true,4194304,5514437,760604,48,0,48,0,1168,3008,3008
rtt5_loss0_bw10,newrenoref,1,true,4194304,5514437,760604,48,0,48,0,1168,3008,3008
rtt5_loss0_bw10,newrenoref,2,true,4194304,5514437,760604,48,0,48,0,1168,3008,3008
rtt5_loss0_bw100,edgecc,0,true,4194304,1041777,4026105,924,1,883,0,2786,2786,3978
rtt5_loss0_bw100,edgecc,1,true,4194304,1041777,4026105,924,1,883,0,2786,2786,3978
rtt5_loss0_bw100,edgecc,2,true,4194304,1041777,4026105,924,1,883,0,2786,2786,3978
rtt5_loss0_bw100,edgecc_no_probe,0,true,4194304,1058287,3963295,769,1,706,0,3371,3371,3956
rtt5_loss0_bw100,edgecc_no_probe,1,true,4194304,1058287,3963295,769,1,706,0,3371,3371,3956
rtt5_loss0_bw100,edgecc_no_probe,2,true,4194304,1058287,3963295,769,1,706,0,3371,3371,3956
rtt5_loss0_bw100,edgecc_no_utility,0,true,4194304,1041521,4027094,1606,1,1565,0,2084,3882,3939
rtt5_loss0_bw100,edgecc_no_utility,1,true,4194304,1041521,4027094,1606,1,1565,0,2084,3882,3939
rtt5_loss0_bw100,edgecc_no_utility,2,true,4194304,1041521,4027094,1606,1,1565,0,2084,3882,3939
rtt5_loss0_bw100,edgecc_no_belief,0,true,4194304,1029488,4074165,2593,1,2593,0,3371,3956,3969
rtt5_loss0_bw100,edgecc_no_belief,1,true,4194304,1029488,4074165,2593,1,2593,0,3371,3956,3969
rtt5_loss0_bw100,edgecc_no_belief,2,true,4194304,1029488,4074165,2593,1,2593,0,3371,3956,3969
rtt5_loss0_bw100,edgecc_no_plateau,0,true,4194304,1041777,4026105,924,1,883,0,2786,2786,3978
rtt5_loss0_bw100,edgecc_no_plateau,1,true,4194304,1041777,4026105,924,1,883,0,2786,2786,3978
rtt5_loss0_bw100,edgecc_no_plateau,2,true,4194304,1041777,4026105,924,1,883,0,2786,2786,3978
rtt5_loss0_bw100,edgecc_no_prand,0,true,4194304,1041777,4026105,924,1,883,0,2786,2786,3978
rtt5_loss0_bw100,edgecc_no_prand,1,true,4194304,1041777,4026105,924,1,883,0,2786,2786,3978
rtt5_loss0_bw100,edgecc_no_prand,2,true,4194304,1041777,4026105,924,1,883,0,2786,2786,3978
rtt5_loss0_bw100,edgecc_loss_blind,0,true,4194304,1041777,4026105,924,1,883,0,2786,2786,3978
rtt5_loss0_bw100,edgecc_loss_blind,1,true,4194304,1041777,4026105,924,1,883,0,2786,2786,3978
rtt5_loss0_bw100,edgecc_loss_blind,2,true,4194304,1041777,4026105,924,1,883,0,2786,2786,3978
rtt5_loss0_bw100,edgecc_prior,0,true,4194304,1045803,4010606,1552,1,1507,0,3137,3722,3956
rtt5_loss0_bw100,edgecc_prior,1,true,4194304,1045803,4010606,1552,1,1507,0,3137,3722,3956
rtt5_loss0_bw100,edgecc_prior,2,true,4194304,1045803,4010606,1552,1,1507,0,3137,3722,3956
rtt5_loss0_bw100,bbr3ref,0,true,4194304,1811978,2314765,2168,3,1940,0,3956,3956,3956
rtt5_loss0_bw100,bbr3ref,1,true,4194304,1811978,2314765,2168,3,1940,0,3956,3956,3956
rtt5_loss0_bw100,bbr3ref,2,true,4194304,1811978,2314765,2168,3,1940,0,3956,3956,3956
rtt5_loss0_bw100,lossblindref,0,true,4194304,1041777,4026105,924,1,883,0,2786,2786,3978
rtt5_loss0_bw100,lossblindref,1,true,4194304,1041777,4026105,924,1,883,0,2786,2786,3978
rtt5_loss0_bw100,lossblindref,2,true,4194304,1041777,4026105,924,1,883,0,2786,2786,3978
rtt5_loss0_bw100,cubicref,0,true,4194304,354249,11839988,128,0,128,0,2552,3956,3956
rtt5_loss0_bw100,cubicref,1,true,4194304,354249,11839988,128,0,128,0,2552,3956,3956
rtt5_loss0_bw100,cubicref,2,true,4194304,354249,11839988,128,0,128,0,2552,3956,3956
rtt5_loss0_bw100,newrenoref,0,true,4194304,362044,11585067,89,0,89,0,1918,3956,3956
rtt5_loss0_bw100,newrenoref,1,true,4194304,362044,11585067,89,0,89,0,1918,3956,3956
rtt5_loss0_bw100,newrenoref,2,true,4194304,362044,11585067,89,0,89,0,1918,3956,3956
rtt5_loss0_bw1000,edgecc,0,true,4194304,1012728,4141589,2034,1,2034,0,3396,4104,4104
rtt5_loss0_bw1000,edgecc,1,true,4194304,1012728,4141589,2034,1,2034,0,3396,4104,4104
rtt5_loss0_bw1000,edgecc,2,true,4194304,1012728,4141589,2034,1,2034,0,3396,4104,4104
rtt5_loss0_bw1000,edgecc_no_probe,0,true,4194304,1016737,4125259,2079,1,2079,0,3528,4104,4104
rtt5_loss0_bw1000,edgecc_no_probe,1,true,4194304,1016737,4125259,2079,1,2079,0,3528,4104,4104
rtt5_loss0_bw1000,edgecc_no_probe,2,true,4194304,1016737,4125259,2079,1,2079,0,3528,4104,4104
rtt5_loss0_bw1000,edgecc_no_utility,0,true,4194304,1032680,4061571,2085,1,2085,0,3456,4104,4104
rtt5_loss0_bw1000,edgecc_no_utility,1,true,4194304,1032680,4061571,2085,1,2085,0,3456,4104,4104
rtt5_loss0_bw1000,edgecc_no_utility,2,true,4194304,1032680,4061571,2085,1,2085,0,3456,4104,4104
rtt5_loss0_bw1000,edgecc_no_belief,0,true,4194304,1016738,4125255,2085,1,2085,0,3564,4104,4104
rtt5_loss0_bw1000,edgecc_no_belief,1,true,4194304,1016738,4125255,2085,1,2085,0,3564,4104,4104
rtt5_loss0_bw1000,edgecc_no_belief,2,true,4194304,1016738,4125255,2085,1,2085,0,3564,4104,4104
rtt5_loss0_bw1000,edgecc_no_plateau,0,true,4194304,1012728,4141589,2034,1,2034,0,3396,4104,4104
rtt5_loss0_bw1000,edgecc_no_plateau,1,true,4194304,1012728,4141589,2034,1,2034,0,3396,4104,4104
rtt5_loss0_bw1000,edgecc_no_plateau,2,true,4194304,1012728,4141589,2034,1,2034,0,3396,4104,4104
rtt5_loss0_bw1000,edgecc_no_prand,0,true,4194304,1012728,4141589,2034,1,2034,0,3396,4104,4104
rtt5_loss0_bw1000,edgecc_no_prand,1,true,4194304,1012728,4141589,2034,1,2034,0,3396,4104,4104
rtt5_loss0_bw1000,edgecc_no_prand,2,true,4194304,1012728,4141589,2034,1,2034,0,3396,4104,4104
rtt5_loss0_bw1000,edgecc_loss_blind,0,true,4194304,1012728,4141589,2034,1,2034,0,3396,4104,4104
rtt5_loss0_bw1000,edgecc_loss_blind,1,true,4194304,1012728,4141589,2034,1,2034,0,3396,4104,4104
rtt5_loss0_bw1000,edgecc_loss_blind,2,true,4194304,1012728,4141589,2034,1,2034,0,3396,4104,4104
rtt5_loss0_bw1000,edgecc_prior,0,true,4194304,1024658,4093369,2121,1,2121,0,2496,4104,4104
rtt5_loss0_bw1000,edgecc_prior,1,true,4194304,1024658,4093369,2121,1,2121,0,2496,4104,4104
rtt5_loss0_bw1000,edgecc_prior,2,true,4194304,1024658,4093369,2121,1,2121,0,2496,4104,4104
rtt5_loss0_bw1000,bbr3ref,0,true,4194304,1008094,4160627,2119,1,2119,0,3732,4104,4104
rtt5_loss0_bw1000,bbr3ref,1,true,4194304,1008094,4160627,2119,1,2119,0,3732,4104,4104
rtt5_loss0_bw1000,bbr3ref,2,true,4194304,1008094,4160627,2119,1,2119,0,3732,4104,4104
rtt5_loss0_bw1000,lossblindref,0,true,4194304,1012728,4141589,2034,1,2034,0,3396,4104,4104
rtt5_loss0_bw1000,lossblindref,1,true,4194304,1012728,4141589,2034,1,2034,0,3396,4104,4104
rtt5_loss0_bw1000,lossblindref,2,true,4194304,1012728,4141589,2034,1,2034,0,3396,4104,4104
rtt5_loss0_bw1000,cubicref,0,true,4194304,1004012,4177543,670,1,670,0,1580,4100,4100
rtt5_loss0_bw1000,cubicref,1,true,4194304,1004012,4177543,670,1,670,0,1580,4100,4100
rtt5_loss0_bw1000,cubicref,2,true,4194304,1004012,4177543,670,1,670,0,1580,4100,4100
rtt5_loss0_bw1000,newrenoref,0,true,4194304,1004012,4177543,670,1,670,0,1580,4100,4100
rtt5_loss0_bw1000,newrenoref,1,true,4194304,1004012,4177543,670,1,670,0,1580,4100,4100
rtt5_loss0_bw1000,newrenoref,2,true,4194304,1004012,4177543,670,1,670,0,1580,4100,4100
rtt5_loss0.1_bw10,edgecc,0,true,4194304,5268672,796083,237,7,210,0,1840,3008,3424
rtt5_loss0.1_bw10,edgecc,1,true,4194304,5692896,736761,213,10,174,0,1168,3008,3008
rtt5_loss0.1_bw10,edgecc,2,true,4194304,4470336,938252,288,4,274,0,1168,3008,3472
rtt5_loss0.1_bw10,edgecc_no_probe,0,true,4194304,4922372,852090,210,8,178,0,1168,3008,3136
rtt5_loss0.1_bw10,edgecc_no_probe,1,true,4194304,5930304,707266,214,10,177,0,1168,3008,3168
rtt5_loss0.1_bw10,edgecc_no_probe,2,true,4194304,5037844,832559,232,8,200,0,1168,3008,3304
rtt5_loss0.1_bw10,edgecc_no_utility,0,true,4194304,4829172,868534,213,7,174,0,1168,3008,3325
rtt5_loss0.1_bw10,edgecc_no_utility,1,true,4194304,4453632,941771,302,5,277,0,1840,3008,3504
rtt5_loss0.1_bw10,edgecc_no_utility,2,true,4194304,4830532,868290,237,7,200,0,1168,3008,3325
rtt5_loss0.1_bw10,edgecc_no_belief,0,true,4194304,3724468,1126148,51,2,40,0,1168,3008,3008
rtt5_loss0.1_bw10,edgecc_no_belief,1,true,4194304,3673012,1141924,46,1,41,0,1168,1840,3008
rtt5_loss0.1_bw10,edgecc_no_belief,2,true,4194304,3636596,1153359,44,1,39,0,1168,3008,3008
rtt5_loss0.1_bw10,edgecc_no_plateau,0,true,4194304,5268672,796083,237,7,210,0,1840,3008,3424
rtt5_loss0.1_bw10,edgecc_no_plateau,1,true,4194304,5692896,736761,213,10,174,0,1168,3008,3008
rtt5_loss0.1_bw10,edgecc_no_plateau,2,true,4194304,4470336,938252,288,4,274,0,1168,3008,3472
rtt5_loss0.1_bw10,edgecc_no_prand,0,true,4194304,5268672,796083,237,7,210,0,1840,3008,3424
rtt5_loss0.1_bw10,edgecc_no_prand,1,true,4194304,5692896,736761,213,10,174,0,1168,3008,3008
rtt5_loss0.1_bw10,edgecc_no_prand,2,true,4194304,4470336,938252,288,4,274,0,1168,3008,3472
rtt5_loss0.1_bw10,edgecc_loss_blind,0,true,4194304,5194128,807508,225,9,190,0,1168,3008,3408
rtt5_loss0.1_bw10,edgecc_loss_blind,1,true,4194304,5590208,750294,224,9,191,0,1168,3008,3424
rtt5_loss0.1_bw10,edgecc_loss_blind,2,true,4194304,4792260,875224,180,9,139,0,1168,3008,3008
rtt5_loss0.1_bw10,edgecc_prior,0,true,4194304,3374212,1243046,5,0,5,0,1840,1840,1840
rtt5_loss0.1_bw10,edgecc_prior,1,true,4194304,3376836,1242081,6,0,6,0,1840,1840,1840
rtt5_loss0.1_bw10,edgecc_prior,2,true,4194304,3371876,1243908,4,0,4,0,1840,1840,1840
rtt5_loss0.1_bw10,bbr3ref,0,true,4194304,4205168,997416,189,7,110,0,3008,3008,3008
rtt5_loss0.1_bw10,bbr3ref,1,true,4194304,4207284,996914,205,8,118,0,1840,3008,3008
rtt5_loss0.1_bw10,bbr3ref,2,true,4194304,3407504,1230902,217,7,130,0,3008,3008,3008
rtt5_loss0.1_bw10,lossblindref,0,true,4194304,5194128,807508,225,9,190,0,1168,3008,3408
rtt5_loss0.1_bw10,lossblindref,1,true,4194304,5590208,750294,224,9,191,0,1168,3008,3424
rtt5_loss0.1_bw10,lossblindref,2,true,4194304,4792260,875224,180,9,139,0,1168,3008,3008
rtt5_loss0.1_bw10,cubicref,0,true,4194304,3403691,1232281,59,0,59,0,1840,3008,3008
rtt5_loss0.1_bw10,cubicref,1,true,4194304,3605599,1163275,63,1,63,0,1840,3008,3008
rtt5_loss0.1_bw10,cubicref,2,true,4194304,3400275,1233519,61,0,61,0,1840,3008,3008
rtt5_loss0.1_bw10,newrenoref,0,true,4194304,5573384,752559,50,0,50,0,1168,3008,3008
rtt5_loss0.1_bw10,newrenoref,1,true,4194304,5592183,750029,51,0,51,0,1168,3008,3008
rtt5_loss0.1_bw10,newrenoref,2,true,4194304,5744812,730102,50,1,50,0,1168,3008,3008
rtt5_loss0.1_bw100,edgecc,0,true,4194304,1041777,4026105,928,1,887,0,2786,2786,3978
rtt5_loss0.1_bw100,edgecc,1,true,4194304,1029287,4074960,939,1,909,0,3956,3956,3956
rtt5_loss0.1_bw100,edgecc,2,true,4194304,1029287,4074960,938,1,908,0,3956,3956,3956
rtt5_loss0.1_bw100,edgecc_no_probe,0,true,4194304,1058287,3963295,773,1,710,0,3371,3371,3956
rtt5_loss0.1_bw100,edgecc_no_probe,1,true,4194304,1004234,4176620,708,1,706,0,117,468,3950
rtt5_loss0.1_bw100,edgecc_no_probe,2,true,4194304,1049638,3995952,790,1,733,0,3956,3956,3956
rtt5_loss0.1_bw100,edgecc_no_utility,0,true,4194304,1025053,4091792,1604,1,1580,0,3956,3956,3956
rtt5_loss0.1_bw100,edgecc_no_utility,1,true,4194304,1025053,4091792,1605,1,1581,0,3956,3956,3956
rtt5_loss0.1_bw100,edgecc_no_utility,2,true,4194304,1025053,4091792,1604,1,1580,0,3956,3956,3956
rtt5_loss0.1_bw100,edgecc_no_belief,0,true,4194304,1033148,4059732,2597,1,2593,0,3371,3956,3969
rtt5_loss0.1_bw100,edgecc_no_belief,1,true,4194304,1004234,4176620,719,1,717,0,117,506,3917
rtt5_loss0.1_bw100,edgecc_no_belief,2,true,4194304,1004234,4176620,717,1,715,0,3137,3137,3917
rtt5_loss0.1_bw100,edgecc_no_plateau,0,true,4194304,1041777,4026105,928,1,887,0,2786,2786,3978
rtt5_loss0.1_bw100,edgecc_no_plateau,1,true,4194304,1029287,4074960,939,1,909,0,3956,3956,3956
rtt5_loss0.1_bw100,edgecc_no_plateau,2,true,4194304,1029287,4074960,938,1,908,0,3956,3956,3956
rtt5_loss0.1_bw100,edgecc_no_prand,0,true,4194304,1041777,4026105,928,1,887,0,2786,2786,3978
rtt5_loss0.1_bw100,edgecc_no_prand,1,true,4194304,1029287,4074960,939,1,909,0,3956,3956,3956
rtt5_loss0.1_bw100,edgecc_no_prand,2,true,4194304,1029287,4074960,938,1,908,0,3956,3956,3956
rtt5_loss0.1_bw100,edgecc_loss_blind,0,true,4194304,1041777,4026105,928,1,887,0,2786,2786,3978
rtt5_loss0.1_bw100,edgecc_loss_blind,1,true,4194304,1029287,4074960,939,1,909,0,3956,3956,3956
rtt5_loss0.1_bw100,edgecc_loss_blind,2,true,4194304,1029287,4074960,938,1,908,0,3956,3956,3956
rtt5_loss0.1_bw100,edgecc_prior,0,true,4194304,1037053,4044445,1560,1,1523,0,3956,3956,3956
rtt5_loss0.1_bw100,edgecc_prior,1,true,4194304,1037053,4044445,1561,1,1524,0,3956,3956,3956
rtt5_loss0.1_bw100,edgecc_prior,2,true,4194304,1037053,4044445,1560,1,1523,0,3956,3956,3956
rtt5_loss0.1_bw100,bbr3ref,0,true,4194304,1811978,2314765,2167,3,1939,0,3956,3956,3956
rtt5_loss0.1_bw100,bbr3ref,1,true,4194304,1410223,2974213,2011,2,1929,0,3488,3911,3951
rtt5_loss0.1_bw100,bbr3ref,2,true,4194304,1811978,2314765,2167,3,1939,0,3956,3956,3956
rtt5_loss0.1_bw100,lossblindref,0,true,4194304,1041777,4026105,928,1,887,0,2786,2786,3978
rtt5_loss0.1_bw100,lossblindref,1,true,4194304,1029287,4074960,939,1,909,0,3956,3956,3956
rtt5_loss0.1_bw100,lossblindref,2,true,4194304,1029287,4074960,938,1,908,0,3956,3956,3956
rtt5_loss0.1_bw100,cubicref,0,true,4194304,388324,10801042,130,0,130,0,586,3925,3956
rtt5_loss0.1_bw100,cubicref,1,true,4194304,355743,11790264,130,0,130,0,1148,3922,3956
rtt5_loss0.1_bw100,cubicref,2,true,4194304,356176,11775931,131,0,131,0,2261,3946,3956
rtt5_loss0.1_bw100,newrenoref,0,true,4194304,493659,8496358,92,0,92,0,117,3844,3956
rtt5_loss0.1_bw100,newrenoref,1,true,4194304,401134,10456116,92,0,92,0,237,3839,3956
rtt5_loss0.1_bw100,newrenoref,2,true,4194304,404699,10364008,91,0,91,0,421,3840,3956
rtt5_loss0.1_bw1000,edgecc,0,true,4194304,1004048,4177393,2038,1,2034,0,3396,4104,4104
rtt5_loss0.1_bw1000,edgecc,1,true,4194304,1004036,4177443,1993,1,1990,0,3144,4104,4104
rtt5_loss0.1_bw1000,edgecc,2,true,4194304,1004012,4177543,2035,1,2034,0,3396,4104,4104
rtt5_loss0.1_bw1000,edgecc_no_probe,0,true,4194304,1008058,4160776,2083,1,2079,0,3528,4104,4104
rtt5_loss0.1_bw1000,edgecc_no_probe,1,true,4194304,1008046,4160825,2082,1,2079,0,3528,4104,4104
rtt5_loss0.1_bw1000,edgecc_no_probe,2,true,4194304,1008022,4160925,2080,1,2079,0,3528,4104,4104
rtt5_loss0.1_bw1000,edgecc_no_utility,0,true,4194304,1012070,4144282,2089,1,2085,0,3456,4104,4104
rtt5_loss0.1_bw1000,edgecc_no_utility,1,true,4194304,1012058,4144331,2088,1,2085,0,3456,4104,4104
rtt5_loss0.1_bw1000,edgecc_no_utility,2,true,4194304,1012034,4144429,2086,1,2085,0,3456,4104,4104
rtt5_loss0.1_bw1000,edgecc_no_belief,0,true,4194304,1008058,4160776,2089,1,2085,0,3564,4104,4104
rtt5_loss0.1_bw1000,edgecc_no_belief,1,true,4194304,1008046,4160825,2088,1,2085,0,3564,4104,4104
rtt5_loss0.1_bw1000,edgecc_no_belief,2,true,4194304,1008022,4160925,2086,1,2085,0,3564,4104,4104
rtt5_loss0.1_bw1000,edgecc_no_plateau,0,true,4194304,1004048,4177393,2038,1,2034,0,3396,4104,4104
rtt5_loss0.1_bw1000,edgecc_no_plateau,1,true,4194304,1004036,4177443,1993,1,1990,0,3144,4104,4104
rtt5_loss0.1_bw1000,edgecc_no_plateau,2,true,4194304,1004012,4177543,2035,1,2034,0,3396,4104,4104
rtt5_loss0.1_bw1000,edgecc_no_prand,0,true,4194304,1004048,4177393,2038,1,2034,0,3396,4104,4104
rtt5_loss0.1_bw1000,edgecc_no_prand,1,true,4194304,1004036,4177443,1993,1,1990,0,3144,4104,4104
rtt5_loss0.1_bw1000,edgecc_no_prand,2,true,4194304,1004012,4177543,2035,1,2034,0,3396,4104,4104
rtt5_loss0.1_bw1000,edgecc_loss_blind,0,true,4194304,1004048,4177393,2038,1,2034,0,3396,4104,4104
rtt5_loss0.1_bw1000,edgecc_loss_blind,1,true,4194304,1004036,4177443,1993,1,1990,0,3144,4104,4104
rtt5_loss0.1_bw1000,edgecc_loss_blind,2,true,4194304,1004012,4177543,2035,1,2034,0,3396,4104,4104
rtt5_loss0.1_bw1000,edgecc_prior,0,true,4194304,1004048,4177393,2125,1,2121,0,2496,4104,4104
rtt5_loss0.1_bw1000,edgecc_prior,1,true,4194304,1004036,4177443,2124,1,2121,0,2496,4104,4104
rtt5_loss0.1_bw1000,edgecc_prior,2,true,4194304,1004012,4177543,2122,1,2121,0,2496,4104,4104
rtt5_loss0.1_bw1000,bbr3ref,0,true,4194304,1008142,4160429,2123,1,2119,0,3732,4104,4104
rtt5_loss0.1_bw1000,bbr3ref,1,true,4194304,1008130,4160479,2122,1,2119,0,3720,4104,4104
rtt5_loss0.1_bw1000,bbr3ref,2,true,4194304,1008106,4160578,2120,1,2119,0,3732,4104,4104
rtt5_loss0.1_bw1000,lossblindref,0,true,4194304,1004048,4177393,2038,1,2034,0,3396,4104,4104
rtt5_loss0.1_bw1000,lossblindref,1,true,4194304,1004036,4177443,1993,1,1990,0,3144,4104,4104
rtt5_loss0.1_bw1000,lossblindref,2,true,4194304,1004012,4177543,2035,1,2034,0,3396,4104,4104
rtt5_loss0.1_bw1000,cubicref,0,true,4194304,65491,64043975,242,0,242,0,2348,4100,4100
rtt5_loss0.1_bw1000,cubicref,1,true,4194304,222526,18848601,5,0,5,0,12,12,12
rtt5_loss0.1_bw1000,cubicref,2,true,4194304,66401,63166277,3,0,3,0,644,656,768
rtt5_loss0.1_bw1000,newrenoref,0,true,4194304,1004012,4177543,242,1,241,0,12,4100,4100
rtt5_loss0.1_bw1000,newrenoref,1,true,4194304,377167,11120548,5,0,5,0,12,12,12
rtt5_loss0.1_bw1000,newrenoref,2,true,4194304,90079,46562506,3,0,3,0,12,356,768
rtt5_loss1_bw10,edgecc,0,true,4194304,5013444,836611,206,9,169,0,1168,3008,3432
rtt5_loss1_bw10,edgecc,1,true,4194304,4786564,876266,265,8,227,0,1168,3008,3424
rtt5_loss1_bw10,edgecc,2,true,4194304,5402528,776359,197,9,165,0,1168,3008,3224
rtt5_loss1_bw10,edgecc_no_probe,0,true,4194304,4625844,906711,231,7,201,0,1168,3008,3264
rtt5_loss1_bw10,edgecc_no_probe,1,true,4194304,6055328,692663,268,9,236,0,1168,3008,3384
rtt5_loss1_bw10,edgecc_no_probe,2,true,4194304,5617440,746657,271,11,230,0,1168,3008,3336
rtt5_loss1_bw10,edgecc_no_utility,0,true,4194304,4212420,995699,219,7,183,0,1168,3008,3356
rtt5_loss1_bw10,edgecc_no_utility,1,true,4194304,5109584,820869,266,8,245,0,1168,3008,3294
rtt5_loss1_bw10,edgecc_no_utility,2,true,4194304,3908980,1072991,304,5,280,0,1168,3008,3504
rtt5_loss1_bw10,edgecc_no_belief,0,true,4194304,3838244,1092766,69,2,61,0,1168,3008,3008
rtt5_loss1_bw10,edgecc_no_belief,1,true,4194304,3909540,1072838,74,1,70,0,1168,2336,3008
rtt5_loss1_bw10,edgecc_no_belief,2,true,4194304,3866884,1084672,71,1,67,0,1168,3008,3008
rtt5_loss1_bw10,edgecc_no_plateau,0,true,4194304,5013444,836611,206,9,169,0,1168,3008,3432
rtt5_loss1_bw10,edgecc_no_plateau,1,true,4194304,4786564,876266,265,8,227,0,1168,3008,3424
rtt5_loss1_bw10,edgecc_no_plateau,2,true,4194304,5402528,776359,197,9,165,0,1168,3008,3224
rtt5_loss1_bw10,edgecc_no_prand,0,true,4194304,5013444,836611,206,9,169,0,1168,3008,3432
rtt5_loss1_bw10,edgecc_no_prand,1,true,4194304,4786564,876266,265,8,227,0,1168,3008,3424
rtt5_loss1_bw10,edgecc_no_prand,2,true,4194304,5402528,776359,197,9,165,0,1168,3008,3224
rtt5_loss1_bw10,edgecc_loss_blind,0,true,4194304,4568224,918147,253,9,218,0,1168,3008,3424
rtt5_loss1_bw10,edgecc_loss_blind,1,true,4194304,5338672,785645,278,8,249,0,1168,3008,3408
rtt5_loss1_bw10,edgecc_loss_blind,2,true,4194304,4705252,891409,203,9,171,0,1168,3008,3408
rtt5_loss1_bw10,edgecc_prior,0,true,4194304,3454116,1214291,27,0,27,0,1840,1840,2336
rtt5_loss1_bw10,edgecc_prior,1,true,4194304,3493508,1200599,35,0,35,0,1840,1840,2336
rtt5_loss1_bw10,edgecc_prior,2,true,4194304,3483668,1203990,32,0,32,0,1840,1840,2336
rtt5_loss1_bw10,bbr3ref,0,true,4194304,5007504,837603,361,10,254,0,1840,3008,3008
rtt5_loss1_bw10,bbr3ref,1,true,4194304,5405168,775980,399,11,301,0,1168,3008,3008
rtt5_loss1_bw10,bbr3ref,2,true,4194304,5006336,837799,401,10,306,0,1840,3008,3008
rtt5_loss1_bw10,lossblindref,0,true,4194304,4568224,918147,253,9,218,0,1168,3008,3424
rtt5_loss1_bw10,lossblindref,1,true,4194304,5338672,785645,278,8,249,0,1168,3008,3408
rtt5_loss1_bw10,lossblindref,2,true,4194304,4705252,891409,203,9,171,0,1168,3008,3408
rtt5_loss1_bw10,cubicref,0,true,4194304,3446263,1217058,72,0,72,0,1840,3008,3008
rtt5_loss1_bw10,cubicref,1,true,4194304,3518419,1192099,73,0,73,0,1840,3008,3008
rtt5_loss1_bw10,cubicref,2,true,4194304,3441367,1218790,78,0,78,0,1840,3008,3008
rtt5_loss1_bw10,newrenoref,0,true,4194304,6080714,689771,63,1,62,0,1168,3008,3008
rtt5_loss1_bw10,newrenoref,1,true,4194304,6138992,683223,66,1,65,0,1168,3008,3008
rtt5_loss1_bw10,newrenoref,2,true,4194304,6315665,664111,64,1,64,0,1168,3008,3008
rtt5_loss1_bw100,edgecc,0,true,4194304,1032936,4060565,944,1,913,0,3956,3956,3956
rtt5_loss1_bw100,edgecc,1,true,4194304,1029053,4075887,971,1,942,0,3956,3956,3956
rtt5_loss1_bw100,edgecc,2,true,4194304,1032936,4060565,933,1,902,0,3956,3956,3956
rtt5_loss1_bw100,edgecc_no_probe,0,true,4194304,1049755,3995507,807,1,749,0,3956,3956,3956
rtt5_loss1_bw100,edgecc_no_probe,1,true,4194304,1642347,2553847,740,2,724,0,117,564,3950
rtt5_loss1_bw100,edgecc_no_probe,2,true,4194304,1039159,4036248,808,1,751,0,3956,3956,3956
rtt5_loss1_bw100,edgecc_no_utility,0,true,4194304,1025170,4091325,1597,1,1572,0,3956,3956,3963
rtt5_loss1_bw100,edgecc_no_utility,1,true,4194304,1028936,4076350,1606,1,1578,0,3371,3884,3956
rtt5_loss1_bw100,edgecc_no_utility,2,true,4194304,1029170,4075423,1604,1,1574,0,3371,3882,3932
rtt5_loss1_bw100,edgecc_no_belief,0,true,4194304,1004468,4175647,740,1,736,0,2903,2903,3917
rtt5_loss1_bw100,edgecc_no_belief,1,true,4194304,1424146,2945136,748,1,736,0,117,585,3917
rtt5_loss1_bw100,edgecc_no_belief,2,true,4194304,1012351,4143132,745,1,736,0,2318,2435,3917
rtt5_loss1_bw100,edgecc_no_plateau,0,true,4194304,1032936,4060565,944,1,913,0,3956,3956,3956
rtt5_loss1_bw100,edgecc_no_plateau,1,true,4194304,1029053,4075887,971,1,942,0,3956,3956,3956
rtt5_loss1_bw100,edgecc_no_plateau,2,true,4194304,1032936,4060565,933,1,902,0,3956,3956,3956
rtt5_loss1_bw100,edgecc_no_prand,0,true,4194304,1032936,4060565,944,1,913,0,3956,3956,3956
rtt5_loss1_bw100,edgecc_no_prand,1,true,4194304,1029053,4075887,971,1,942,0,3956,3956,3956
rtt5_loss1_bw100,edgecc_no_prand,2,true,4194304,1032936,4060565,933,1,902,0,3956,3956,3956
rtt5_loss1_bw100,edgecc_loss_blind,0,true,4194304,1032936,4060565,944,1,913,0,3956,3956,3956
rtt5_loss1_bw100,edgecc_loss_blind,1,true,4194304,1029053,4075887,971,1,942,0,3956,3956,3956
rtt5_loss1_bw100,edgecc_loss_blind,2,true,4194304,1032936,4060565,933,1,902,0,3956,3956,3956
rtt5_loss1_bw100,edgecc_prior,0,true,4194304,1037170,4043988,1554,1,1516,0,3956,3956,3956
rtt5_loss1_bw100,edgecc_prior,1,true,4194304,1037521,4042620,1563,1,1520,0,3254,3861,3956
rtt5_loss1_bw100,edgecc_prior,2,true,4194304,1041287,4027999,1561,1,1517,0,3254,3839,3956
rtt5_loss1_bw100,bbr3ref,0,true,4194304,1812095,2314615,2167,3,1936,0,3956,3956,3956
rtt5_loss1_bw100,bbr3ref,1,true,4194304,1804351,2324549,2062,3,1938,0,329,3912,3951
rtt5_loss1_bw100,bbr3ref,2,true,4194304,1811861,2314914,2179,3,1954,0,3956,3956,3956
rtt5_loss1_bw100,lossblindref,0,true,4194304,1032936,4060565,944,1,913,0,3956,3956,3956
rtt5_loss1_bw100,lossblindref,1,true,4194304,1029053,4075887,971,1,942,0,3956,3956,3956
rtt5_loss1_bw100,lossblindref,2,true,4194304,1032936,4060565,933,1,902,0,3956,3956,3956
rtt5_loss1_bw100,cubicref,0,true,4194304,1008234,4160050,151,1,149,0,117,3926,3956
rtt5_loss1_bw100,cubicref,1,true,4194304,1027677,4081344,433,1,405,0,3956,3956,3956
rtt5_loss1_bw100,cubicref,2,true,4194304,1031386,4066667,427,1,395,0,3956,3956,3956
rtt5_loss1_bw100,newrenoref,0,true,4194304,1670921,2510174,113,0,113,0,117,2500,3956
rtt5_loss1_bw100,newrenoref,1,true,4194304,1004117,4177106,179,1,178,0,3878,3956,3956
rtt5_loss1_bw100,newrenoref,2,true,4194304,1014131,4135860,151,1,148,0,3917,3956,3956
rtt5_loss1_bw1000,edgecc,0,true,4194304,1024108,4095568,2056,1,2034,0,3384,4104,4104
rtt5_loss1_bw1000,edgecc,1,true,4194304,1024096,4095616,2012,1,1990,0,3132,4104,4104
rtt5_loss1_bw1000,edgecc,2,true,4194304,1024108,4095568,2056,1,2034,0,3384,4104,4104
rtt5_loss1_bw1000,edgecc_no_probe,0,true,4194304,1028082,4079736,2102,1,2079,0,3528,4104,4104
rtt5_loss1_bw1000,edgecc_no_probe,1,true,4194304,1028141,4079502,2101,1,2079,0,3528,4104,4104
rtt5_loss1_bw1000,edgecc_no_probe,2,true,4194304,1028130,4079546,2102,1,2079,0,3528,4104,4104
rtt5_loss1_bw1000,edgecc_no_utility,0,true,4194304,1028130,4079546,2108,1,2085,0,3456,4104,4104
rtt5_loss1_bw1000,edgecc_no_utility,1,true,4194304,1032154,4063641,2107,1,2085,0,3456,4104,4104
rtt5_loss1_bw1000,edgecc_no_utility,2,true,4194304,1032142,4063688,2108,1,2085,0,3456,4104,4104
rtt5_loss1_bw1000,edgecc_no_belief,0,true,4194304,1028106,4079641,2108,1,2085,0,3564,4104,4104
rtt5_loss1_bw1000,edgecc_no_belief,1,true,4194304,1028141,4079502,2107,1,2085,0,3552,4104,4104
rtt5_loss1_bw1000,edgecc_no_belief,2,true,4194304,1028130,4079546,2108,1,2085,0,3564,4104,4104
rtt5_loss1_bw1000,edgecc_no_plateau,0,true,4194304,1024108,4095568,2056,1,2034,0,3384,4104,4104
rtt5_loss1_bw1000,edgecc_no_plateau,1,true,4194304,1024096,4095616,2012,1,1990,0,3132,4104,4104
rtt5_loss1_bw1000,edgecc_no_plateau,2,true,4194304,1024108,4095568,2056,1,2034,0,3384,4104,4104
rtt5_loss1_bw1000,edgecc_no_prand,0,true,4194304,1024108,4095568,2056,1,2034,0,3384,4104,4104
rtt5_loss1_bw1000,edgecc_no_prand,1,true,4194304,1024096,4095616,2012,1,1990,0,3132,4104,4104
rtt5_loss1_bw1000,edgecc_no_prand,2,true,4194304,1024108,4095568,2056,1,2034,0,3384,4104,4104
rtt5_loss1_bw1000,edgecc_loss_blind,0,true,4194304,1024108,4095568,2056,1,2034,0,3384,4104,4104
rtt5_loss1_bw1000,edgecc_loss_blind,1,true,4194304,1024096,4095616,2012,1,1990,0,3132,4104,4104
rtt5_loss1_bw1000,edgecc_loss_blind,2,true,4194304,1024108,4095568,2056,1,2034,0,3384,4104,4104
rtt5_loss1_bw1000,edgecc_prior,0,true,4194304,1024096,4095616,2144,1,2121,0,2496,4104,4104
rtt5_loss1_bw1000,edgecc_prior,1,true,4194304,1024138,4095448,2143,1,2121,0,2496,4104,4104
rtt5_loss1_bw1000,edgecc_prior,2,true,4194304,1024120,4095520,2144,1,2121,0,2496,4104,4104
rtt5_loss1_bw1000,bbr3ref,0,true,4194304,1008370,4159489,2142,1,2119,0,3720,4104,4104
rtt5_loss1_bw1000,bbr3ref,1,true,4194304,1008358,4159538,2141,1,2119,0,3720,4104,4104
rtt5_loss1_bw1000,bbr3ref,2,true,4194304,1008370,4159489,2142,1,2119,0,3720,4104,4104
rtt5_loss1_bw1000,lossblindref,0,true,4194304,1024108,4095568,2056,1,2034,0,3384,4104,4104
rtt5_loss1_bw1000,lossblindref,1,true,4194304,1024096,4095616,2012,1,1990,0,3132,4104,4104
rtt5_loss1_bw1000,lossblindref,2,true,4194304,1024108,4095568,2056,1,2034,0,3384,4104,4104
rtt5_loss1_bw1000,cubicref,0,true,4194304,193888,21632612,26,0,26,0,12,12,12
rtt5_loss1_bw1000,cubicref,1,true,4194304,650675,6446081,34,0,34,0,12,12,12
rtt5_loss1_bw1000,cubicref,2,true,4194304,1013643,4137851,324,1,321,0,952,3809,4097
rtt5_loss1_bw1000,newrenoref,0,true,4194304,1004012,4177543,26,1,25,0,12,12,12
rtt5_loss1_bw1000,newrenoref,1,true,4194304,1221500,3433732,34,0,34,0,12,12,12
rtt5_loss1_bw1000,newrenoref,2,true,4194304,1612199,2601604,31,1,31,0,12,12,12
rtt5_loss3_bw10,edgecc,0,true,4194304,4555668,920678,248,7,218,0,1168,3008,3456
rtt5_loss3_bw10,edgecc,1,true,4194304,5566260,753522,208,10,173,0,1168,3008,3292
rtt5_loss3_bw10,edgecc,2,true,4194304,5853456,716551,233,11,198,0,1168,2336,3504
rtt5_loss3_bw10,edgecc_no_probe,0,true,4194304,5427280,772818,226,9,196,0,1168,3008,3104
rtt5_loss3_bw10,edgecc_no_probe,1,true,4194304,5392496,777803,218,9,186,0,1168,3008,3120
rtt5_loss3_bw10,edgecc_no_probe,2,true,4194304,5245552,799592,233,9,198,0,1168,3008,3504
rtt5_loss3_bw10,edgecc_no_utility,0,true,4194304,5436432,771517,224,8,199,0,1168,3008,3504
rtt5_loss3_bw10,edgecc_no_utility,1,true,4194304,5009540,837263,201,9,168,0,1168,3008,3008
rtt5_loss3_bw10,edgecc_no_utility,2,true,4194304,6055408,692654,205,11,174,0,1168,3008,3504
rtt5_loss3_bw10,edgecc_no_belief,0,true,4194304,4995860,839555,135,4,124,0,1168,1168,2336
rtt5_loss3_bw10,edgecc_no_belief,1,true,4194304,5306164,790458,145,7,120,0,1168,1168,2336
rtt5_loss3_bw10,edgecc_no_belief,2,true,4194304,4972292,843535,214,3,188,0,1168,1840,3008
rtt5_loss3_bw10,edgecc_no_plateau,0,true,4194304,4555668,920678,248,7,218,0,1168,3008,3456
rtt5_loss3_bw10,edgecc_no_plateau,1,true,4194304,5566260,753522,208,10,173,0,1168,3008,3292
rtt5_loss3_bw10,edgecc_no_plateau,2,true,4194304,5853456,716551,233,11,198,0,1168,2336,3504
rtt5_loss3_bw10,edgecc_no_prand,0,true,4194304,4555668,920678,248,7,218,0,1168,3008,3456
rtt5_loss3_bw10,edgecc_no_prand,1,true,4194304,5566260,753522,208,10,173,0,1168,3008,3292
rtt5_loss3_bw10,edgecc_no_prand,2,true,4194304,5853456,716551,233,11,198,0,1168,2336,3504
rtt5_loss3_bw10,edgecc_loss_blind,0,true,4194304,4962544,845192,217,8,186,0,1168,3008,3344
rtt5_loss3_bw10,edgecc_loss_blind,1,true,4194304,6012676,697576,272,10,237,0,1168,3008,3432
rtt5_loss3_bw10,edgecc_loss_blind,2,true,4194304,6754192,620992,236,14,196,0,1168,2336,3344
rtt5_loss3_bw10,edgecc_prior,0,true,4194304,3773172,1111612,91,0,91,0,1168,2336,2336
rtt5_loss3_bw10,edgecc_prior,1,true,4194304,5004228,838152,192,8,164,0,1168,3008,3008
rtt5_loss3_bw10,edgecc_prior,2,true,4194304,4751940,882650,224,9,189,0,1168,3008,3424
rtt5_loss3_bw10,bbr3ref,0,true,4194304,7005168,598744,593,15,498,0,1168,3008,3390
rtt5_loss3_bw10,bbr3ref,1,true,4194304,7007504,598544,753,16,626,0,1168,3008,3428
rtt5_loss3_bw10,bbr3ref,2,true,4194304,7805168,537375,744,17,598,0,1168,3008,3390
rtt5_loss3_bw10,lossblindref,0,true,4194304,4962544,845192,217,8,186,0,1168,3008,3344
rtt5_loss3_bw10,lossblindref,1,true,4194304,6012676,697576,272,10,237,0,1168,3008,3432
rtt5_loss3_bw10,lossblindref,2,true,4194304,6754192,620992,236,14,196,0,1168,2336,3344
rtt5_loss3_bw10,cubicref,0,true,4194304,4138194,1013559,110,2,108,0,1174,3008,3008
rtt5_loss3_bw10,cubicref,1,true,4194304,6675300,628331,452,13,347,0,1223,3008,3008
rtt5_loss3_bw10,cubicref,2,true,4194304,4576953,916396,123,5,119,0,1177,3008,3008
rtt5_loss3_bw10,newrenoref,0,true,4194304,8003234,524076,107,6,105,0,1168,3008,3008
rtt5_loss3_bw10,newrenoref,1,true,4194304,9090136,461412,109,9,105,0,1168,3008,3008
rtt5_loss3_bw10,newrenoref,2,true,4194304,9947963,421624,120,13,119,0,1168,3008,3008
rtt5_loss3_bw100,edgecc,0,true,4194304,1404117,2987147,232,2,228,0,117,1265,2691
rtt5_loss3_bw100,edgecc,1,true,4194304,4162608,1007614,887,8,842,0,117,3501,3954
rtt5_loss3_bw100,edgecc,2,true,4194304,3040050,1379682,612,5,575,0,117,2336,3946
rtt5_loss3_bw100,edgecc_no_probe,0,true,4194304,1930581,2172560,484,2,467,0,117,744,3950
rtt5_loss3_bw100,edgecc_no_probe,1,true,4194304,2054773,2041249,443,3,418,0,117,2109,3931
rtt5_loss3_bw100,edgecc_no_probe,2,true,4194304,2386843,1757260,449,3,433,0,117,2220,3956
rtt5_loss3_bw100,edgecc_no_utility,0,true,4194304,2049667,2046334,276,3,268,0,117,351,2805
rtt5_loss3_bw100,edgecc_no_utility,1,true,4194304,2389547,1755271,1149,3,1102,0,117,702,3969
rtt5_loss3_bw100,edgecc_no_utility,2,true,4194304,1820307,2304173,636,3,604,0,117,1170,3933
rtt5_loss3_bw100,edgecc_no_belief,0,true,4194304,1404117,2987147,465,2,449,0,234,1967,3876
rtt5_loss3_bw100,edgecc_no_belief,1,true,4194304,1012702,4141696,284,1,272,0,329,2903,3876
rtt5_loss3_bw100,edgecc_no_belief,2,true,4194304,1807890,2319999,742,2,712,0,117,1031,3897
rtt5_loss3_bw100,edgecc_no_plateau,0,true,4194304,1404117,2987147,232,2,228,0,117,1265,2691
rtt5_loss3_bw100,edgecc_no_plateau,1,true,4194304,4162608,1007614,887,8,842,0,117,3501,3954
rtt5_loss3_bw100,edgecc_no_plateau,2,true,4194304,3040050,1379682,612,5,575,0,117,2336,3946
rtt5_loss3_bw100,edgecc_no_prand,0,true,4194304,1404117,2987147,232,2,228,0,117,1265,2691
rtt5_loss3_bw100,edgecc_no_prand,1,true,4194304,4162608,1007614,887,8,842,0,117,3501,3954
rtt5_loss3_bw100,edgecc_no_prand,2,true,4194304,3040050,1379682,612,5,575,0,117,2336,3946
rtt5_loss3_bw100,edgecc_loss_blind,0,true,4194304,1404117,2987147,232,2,228,0,117,1265,2691
rtt5_loss3_bw100,edgecc_loss_blind,1,true,4194304,2554235,1642097,838,4,798,0,117,2220,3945
rtt5_loss3_bw100,edgecc_loss_blind,2,true,4194304,2060943,2035138,777,3,747,0,117,2808,3978
rtt5_loss3_bw100,edgecc_prior,0,true,4194304,1404117,2987147,706,2,679,0,1148,3605,3935
rtt5_loss3_bw100,edgecc_prior,1,true,4194304,1496380,2802967,179,2,166,0,117,557,2767
rtt5_loss3_bw100,edgecc_prior,2,true,4194304,2423907,1730389,107,3,98,0,117,1053,2650
rtt5_loss3_bw100,bbr3ref,0,true,4194304,3408680,1230477,3084,7,2448,0,117,3947,3972
rtt5_loss3_bw100,bbr3ref,1,true,4194304,3809733,1100944,2424,8,1659,0,117,3922,3978
rtt5_loss3_bw100,bbr3ref,2,true,4194304,1804117,2324851,724,3,698,0,329,1265,3956
rtt5_loss3_bw100,lossblindref,0,true,4194304,1404117,2987147,232,2,228,0,117,1265,2691
rtt5_loss3_bw100,lossblindref,1,true,4194304,2554235,1642097,838,4,798,0,117,2220,3945
rtt5_loss3_bw100,lossblindref,2,true,4194304,2060943,2035138,777,3,747,0,117,2808,3978
rtt5_loss3_bw100,cubicref,0,true,4194304,1961762,2138028,90,1,89,0,117,117,446
rtt5_loss3_bw100,cubicref,1,true,4194304,2610248,1606860,773,5,493,0,3488,3839,3978
rtt5_loss3_bw100,cubicref,2,true,4194304,2929133,1431926,101,5,97,0,117,117,117
rtt5_loss3_bw100,newrenoref,0,true,4194304,4225075,992717,90,3,87,0,117,117,234
rtt5_loss3_bw100,newrenoref,1,true,4194304,6276416,668264,93,8,90,0,117,117,117
rtt5_loss3_bw100,newrenoref,2,true,4194304,5460329,768141,101,8,100,0,117,117,117
rtt5_loss3_bw1000,edgecc,0,true,4194304,1404012,2987370,906,2,878,0,12,4104,4104
rtt5_loss3_bw1000,edgecc,1,true,4194304,1404012,2987370,2269,2,2209,0,2652,4104,4104
rtt5_loss3_bw1000,edgecc,2,true,4194304,1404034,2987323,2321,2,2243,0,2868,4104,4104
rtt5_loss3_bw1000,edgecc_no_probe,0,true,4194304,1404012,2987370,1431,2,1383,0,34,4104,4104
rtt5_loss3_bw1000,edgecc_no_probe,1,true,4194304,1004012,4177543,94,1,93,0,12,2568,3792
rtt5_loss3_bw1000,edgecc_no_probe,2,true,4194304,1404024,2987344,1370,2,1320,0,24,4104,4104
rtt5_loss3_bw1000,edgecc_no_utility,0,true,4194304,1404012,2987370,1510,2,1459,0,48,4104,4104
rtt5_loss3_bw1000,edgecc_no_utility,1,true,4194304,1611748,2602332,97,2,90,0,12,264,864
rtt5_loss3_bw1000,edgecc_no_utility,2,true,4194304,1404034,2987323,2323,2,2245,0,2880,4104,4104
rtt5_loss3_bw1000,edgecc_no_belief,0,true,4194304,1404012,2987370,1515,2,1468,0,3552,4104,4104
rtt5_loss3_bw1000,edgecc_no_belief,1,true,4194304,1404012,2987370,2241,2,2183,0,2484,4104,4104
rtt5_loss3_bw1000,edgecc_no_belief,2,true,4194304,1404024,2987344,859,2,826,0,3452,4104,4104
rtt5_loss3_bw1000,edgecc_no_plateau,0,true,4194304,1404012,2987370,906,2,878,0,12,4104,4104
rtt5_loss3_bw1000,edgecc_no_plateau,1,true,4194304,1404012,2987370,2269,2,2209,0,2652,4104,4104
rtt5_loss3_bw1000,edgecc_no_plateau,2,true,4194304,1404034,2987323,2321,2,2243,0,2868,4104,4104
rtt5_loss3_bw1000,edgecc_no_prand,0,true,4194304,1404012,2987370,906,2,878,0,12,4104,4104
rtt5_loss3_bw1000,edgecc_no_prand,1,true,4194304,1404012,2987370,2269,2,2209,0,2652,4104,4104
rtt5_loss3_bw1000,edgecc_no_prand,2,true,4194304,1404034,2987323,2321,2,2243,0,2868,4104,4104
rtt5_loss3_bw1000,edgecc_loss_blind,0,true,4194304,1404012,2987370,906,2,878,0,12,4104,4104
rtt5_loss3_bw1000,edgecc_loss_blind,1,true,4194304,1404012,2987370,2266,2,2206,0,2628,4104,4104
rtt5_loss3_bw1000,edgecc_loss_blind,2,true,4194304,1404034,2987323,2321,2,2243,0,2868,4104,4104
rtt5_loss3_bw1000,edgecc_prior,0,true,4194304,1404012,2987370,647,2,626,0,12,3816,4104
rtt5_loss3_bw1000,edgecc_prior,1,true,4194304,1004036,4177443,138,1,135,0,12,2832,3984
rtt5_loss3_bw1000,edgecc_prior,2,true,4194304,1404012,2987370,127,2,120,0,12,2628,3840
rtt5_loss3_bw1000,bbr3ref,0,true,4194304,1404024,2987344,1916,2,1857,0,3980,4104,4104
rtt5_loss3_bw1000,bbr3ref,1,true,4194304,1404012,2987370,1617,2,1568,0,4016,4104,4104
rtt5_loss3_bw1000,bbr3ref,2,true,4194304,1404036,2987319,1558,2,1502,0,3804,4104,4104
rtt5_loss3_bw1000,lossblindref,0,true,4194304,1404012,2987370,906,2,878,0,12,4104,4104
rtt5_loss3_bw1000,lossblindref,1,true,4194304,1404012,2987370,2266,2,2206,0,2628,4104,4104
rtt5_loss3_bw1000,lossblindref,2,true,4194304,1404034,2987323,2321,2,2243,0,2868,4104,4104
rtt5_loss3_bw1000,cubicref,0,true,4194304,1916407,2188629,90,1,89,0,12,12,12
rtt5_loss3_bw1000,cubicref,1,true,4194304,2214833,1893733,509,4,494,0,12,4092,4104
rtt5_loss3_bw1000,cubicref,2,true,4194304,2919800,1436503,101,5,97,0,12,12,12
rtt5_loss3_bw1000,newrenoref,0,true,4194304,4241684,988829,90,3,87,0,12,12,12
rtt5_loss3_bw1000,newrenoref,1,true,4194304,6213580,675022,93,8,90,0,12,12,12
rtt5_loss3_bw1000,newrenoref,2,true,4194304,5382493,779249,101,8,100,0,12,12,12
rtt5_loss5_bw10,edgecc,0,true,4194304,6050000,693273,245,10,211,0,1168,2336,3120
rtt5_loss5_bw10,edgecc,1,true,4194304,5928464,707485,208,13,165,0,1168,2336,3120
rtt5_loss5_bw10,edgecc,2,true,4194304,6347200,660811,229,10,200,0,1168,2336,3504
rtt5_loss5_bw10,edgecc_no_probe,0,true,4194304,6039296,694502,241,11,205,0,1168,2336,3504
rtt5_loss5_bw10,edgecc_no_probe,1,true,4194304,7184336,583812,241,14,202,0,1168,2336,3484
rtt5_loss5_bw10,edgecc_no_probe,2,true,4194304,6172944,679465,239,10,208,0,1168,2336,3504
rtt5_loss5_bw10,edgecc_no_utility,0,true,4194304,5644788,743040,241,11,203,0,1168,2336,3008
rtt5_loss5_bw10,edgecc_no_utility,1,true,4194304,6329296,662680,222,13,185,0,1168,2336,3008
rtt5_loss5_bw10,edgecc_no_utility,2,true,4194304,6338576,661710,217,11,184,0,1168,2336,3008
rtt5_loss5_bw10,edgecc_no_belief,0,true,4194304,6078528,690019,239,10,203,0,1168,2336,3120
rtt5_loss5_bw10,edgecc_no_belief,1,true,4194304,6444180,650866,183,13,146,0,1168,2336,2336
rtt5_loss5_bw10,edgecc_no_belief,2,true,4194304,6107248,686774,289,9,245,0,1168,2336,3008
rtt5_loss5_bw10,edgecc_no_plateau,0,true,4194304,6050000,693273,245,10,211,0,1168,2336,3120
rtt5_loss5_bw10,edgecc_no_plateau,1,true,4194304,5928464,707485,208,13,165,0,1168,2336,3120
rtt5_loss5_bw10,edgecc_no_plateau,2,true,4194304,6347200,660811,229,10,200,0,1168,2336,3504
rtt5_loss5_bw10,edgecc_no_prand,0,true,4194304,6045776,693757,240,10,206,0,1168,2336,3232
rtt5_loss5_bw10,edgecc_no_prand,1,true,4194304,5928464,707485,208,13,165,0,1168,2336,3120
rtt5_loss5_bw10,edgecc_no_prand,2,true,4194304,6347200,660811,229,10,200,0,1168,2336,3504
rtt5_loss5_bw10,edgecc_loss_blind,0,true,4194304,6174676,679275,287,10,254,0,1168,2336,3418
rtt5_loss5_bw10,edgecc_loss_blind,1,true,4194304,6747812,621579,221,15,175,0,1168,2336,3008
rtt5_loss5_bw10,edgecc_loss_blind,2,true,4194304,7172260,584795,326,15,286,0,1168,3008,3504
rtt5_loss5_bw10,edgecc_prior,0,true,4194304,5863072,715376,209,11,174,0,1168,2336,3008
rtt5_loss5_bw10,edgecc_prior,1,true,4194304,7519472,557792,197,15,155,0,1168,2336,3008
rtt5_loss5_bw10,edgecc_prior,2,true,4194304,4823412,869571,193,8,170,0,1168,2336,3008
rtt5_loss5_bw10,bbr3ref,0,true,4194304,11405168,367754,1284,26,1161,0,1168,3390,3466
rtt5_loss5_bw10,bbr3ref,1,true,4194304,9405168,445957,929,22,738,0,1168,3162,3466
rtt5_loss5_bw10,bbr3ref,2,true,4194304,11404948,367761,1171,27,994,0,1168,3314,3466
rtt5_loss5_bw10,lossblindref,0,true,4194304,6174676,679275,287,10,254,0,1168,2336,3418
rtt5_loss5_bw10,lossblindref,1,true,4194304,6747812,621579,221,15,175,0,1168,2336,3008
rtt5_loss5_bw10,lossblindref,2,true,4194304,7172260,584795,326,15,286,0,1168,3008,3504
rtt5_loss5_bw10,cubicref,0,true,4194304,9622945,435864,1658,21,1082,0,1168,3008,3355
rtt5_loss5_bw10,cubicref,1,true,4194304,5325749,787551,226,8,197,0,1168,2649,3008
rtt5_loss5_bw10,cubicref,2,true,4194304,6849155,612382,312,11,259,0,1168,3008,3008
rtt5_loss5_bw10,newrenoref,0,true,4194304,15029255,279075,183,30,168,0,1168,2899,3008
rtt5_loss5_bw10,newrenoref,1,true,4194304,12189494,344091,159,15,155,0,1168,2000,3008
rtt5_loss5_bw10,newrenoref,2,true,4194304,13809047,303735,177,24,170,0,1168,3008,3008
rtt5_loss5_bw100,edgecc,0,true,4194304,2680358,1564829,412,5,380,0,117,351,3890
rtt5_loss5_bw100,edgecc,1,true,4194304,4176014,1004379,165,8,140,0,117,234,936
rtt5_loss5_bw100,edgecc,2,true,4194304,3628197,1156029,808,6,765,0,117,3015,3950
rtt5_loss5_bw100,edgecc_no_probe,0,true,4194304,4182663,1002783,394,8,358,0,117,351,3894
rtt5_loss5_bw100,edgecc_no_probe,1,true,4194304,4219475,994034,165,8,140,0,117,234,936
rtt5_loss5_bw100,edgecc_no_probe,2,true,4194304,3050778,1374830,516,4,496,0,117,2802,3957
rtt5_loss5_bw100,edgecc_no_utility,0,true,4194304,3453884,1214373,486,6,453,0,117,234,3907
rtt5_loss5_bw100,edgecc_no_utility,1,true,4194304,4170610,1005681,165,8,140,0,117,234,936
rtt5_loss5_bw100,edgecc_no_utility,2,true,4194304,3843992,1091132,692,6,652,0,117,351,3933
rtt5_loss5_bw100,edgecc_no_belief,0,true,4194304,3297177,1272089,519,5,486,0,117,1499,3956
rtt5_loss5_bw100,edgecc_no_belief,1,true,4194304,3653601,1147991,895,6,833,0,117,351,3930
rtt5_loss5_bw100,edgecc_no_belief,2,true,4194304,3180270,1318851,803,4,759,0,117,717,3897
rtt5_loss5_bw100,edgecc_no_plateau,0,true,4194304,2680358,1564829,412,5,380,0,117,351,3890
rtt5_loss5_bw100,edgecc_no_plateau,1,true,4194304,4176014,1004379,165,8,140,0,117,234,936
rtt5_loss5_bw100,edgecc_no_plateau,2,true,4194304,3628197,1156029,808,6,765,0,117,3015,3950
rtt5_loss5_bw100,edgecc_no_prand,0,true,4194304,2680358,1564829,412,5,380,0,117,351,3890
rtt5_loss5_bw100,edgecc_no_prand,1,true,4194304,4176014,1004379,165,8,140,0,117,234,936
rtt5_loss5_bw100,edgecc_no_prand,2,true,4194304,3628197,1156029,808,6,765,0,117,3015,3950
rtt5_loss5_bw100,edgecc_loss_blind,0,true,4194304,2917906,1437436,445,5,411,0,117,234,3912
rtt5_loss5_bw100,edgecc_loss_blind,1,true,4194304,4270018,982268,415,7,387,0,117,234,3969
rtt5_loss5_bw100,edgecc_loss_blind,2,true,4194304,3078047,1362651,666,5,632,0,117,2322,3936
rtt5_loss5_bw100,edgecc_prior,0,true,4194304,4341513,966092,190,8,161,0,117,1025,3334
rtt5_loss5_bw100,edgecc_prior,1,true,4194304,4073540,1029645,165,7,144,0,117,234,2650
rtt5_loss5_bw100,edgecc_prior,2,true,4194304,3212087,1305787,169,5,155,0,117,1170,2375
rtt5_loss5_bw100,bbr3ref,0,true,4194304,1404117,2987147,575,2,542,0,329,1499,3947
rtt5_loss5_bw100,bbr3ref,1,true,4194304,2604117,1610643,1640,4,1553,0,117,3950,3964
rtt5_loss5_bw100,bbr3ref,2,true,4194304,5004117,838170,1844,7,1464,0,117,3921,3956
rtt5_loss5_bw100,lossblindref,0,true,4194304,2917906,1437436,445,5,411,0,117,234,3912
rtt5_loss5_bw100,lossblindref,1,true,4194304,4270018,982268,415,7,387,0,117,234,3969
rtt5_loss5_bw100,lossblindref,2,true,4194304,3078047,1362651,666,5,632,0,117,2322,3936
rtt5_loss5_bw100,cubicref,0,true,4194304,3454319,1214220,456,8,351,0,117,3839,3956
rtt5_loss5_bw100,cubicref,1,true,4194304,4166749,1006613,153,6,146,0,117,117,117
rtt5_loss5_bw100,cubicref,2,true,4194304,3741359,1121064,164,6,157,0,117,605,1803
rtt5_loss5_bw100,newrenoref,0,true,4194304,9331626,449471,171,19,158,0,117,117,117
rtt5_loss5_bw100,newrenoref,1,true,4194304,7917526,529749,153,10,150,0,117,117,117
rtt5_loss5_bw100,newrenoref,2,true,4194304,7974337,525975,164,15,156,0,117,117,477
rtt5_loss5_bw1000,edgecc,0,true,4194304,1012072,4144274,171,1,161,0,12,2216,2616
rtt5_loss5_bw1000,edgecc,1,true,4194304,2604036,1610693,2227,5,2124,0,2100,4104,4104
rtt5_loss5_bw1000,edgecc,2,true,4194304,5404024,776144,2377,12,2243,0,2868,4104,4104
rtt5_loss5_bw1000,edgecc_no_probe,0,true,4194304,1012036,4144421,171,1,162,0,12,3270,3720
rtt5_loss5_bw1000,edgecc_no_probe,1,true,4194304,4212034,995790,2238,9,2134,0,2160,4104,4104
rtt5_loss5_bw1000,edgecc_no_probe,2,true,4194304,1804024,2324971,1425,3,1338,0,24,4104,4104
rtt5_loss5_bw1000,edgecc_no_utility,0,true,4194304,1012060,4144323,171,1,160,0,24,2448,3145
rtt5_loss5_bw1000,edgecc_no_utility,1,true,4194304,1404012,2987370,153,2,138,0,12,480,750
rtt5_loss5_bw1000,edgecc_no_utility,2,true,4194304,6216175,674740,2380,14,2245,0,2880,4104,4104
rtt5_loss5_bw1000,edgecc_no_belief,0,true,4194304,1012140,4143995,281,1,271,0,3068,4040,4101
rtt5_loss5_bw1000,edgecc_no_belief,1,true,4194304,1008106,4160578,153,1,145,0,12,189,648
rtt5_loss5_bw1000,edgecc_no_belief,2,true,4194304,1404036,2987319,914,2,854,0,3044,4104,4104
rtt5_loss5_bw1000,edgecc_no_plateau,0,true,4194304,1012072,4144274,171,1,161,0,12,2216,2616
rtt5_loss5_bw1000,edgecc_no_plateau,1,true,4194304,2604036,1610693,2227,5,2124,0,2100,4104,4104
rtt5_loss5_bw1000,edgecc_no_plateau,2,true,4194304,5404024,776144,2377,12,2243,0,2868,4104,4104
rtt5_loss5_bw1000,edgecc_no_prand,0,true,4194304,1012072,4144274,171,1,161,0,12,2216,2616
rtt5_loss5_bw1000,edgecc_no_prand,1,true,4194304,2604036,1610693,2227,5,2124,0,2100,4104,4104
rtt5_loss5_bw1000,edgecc_no_prand,2,true,4194304,5404024,776144,2377,12,2243,0,2868,4104,4104
rtt5_loss5_bw1000,edgecc_loss_blind,0,true,4194304,1008072,4160718,171,1,164,0,12,2424,2828
rtt5_loss5_bw1000,edgecc_loss_blind,1,true,4194304,1804024,2324971,2112,3,2013,0,1356,4104,4104
rtt5_loss5_bw1000,edgecc_loss_blind,2,true,4194304,2204036,1903010,2377,4,2243,0,2868,4104,4104
rtt5_loss5_bw1000,edgecc_prior,0,true,4194304,1016048,4128056,171,1,158,0,12,672,1692
rtt5_loss5_bw1000,edgecc_prior,1,true,4194304,1404012,2987370,153,2,142,0,12,1332,2520
rtt5_loss5_bw1000,edgecc_prior,2,true,4194304,1012060,4144323,186,1,175,0,12,2664,3840
rtt5_loss5_bw1000,bbr3ref,0,true,4194304,1408036,2978832,1542,2,1448,0,3300,4104,4104
rtt5_loss5_bw1000,bbr3ref,1,true,4194304,1408024,2978858,1543,2,1467,0,3456,4104,4104
rtt5_loss5_bw1000,bbr3ref,2,true,4194304,1408036,2978832,1614,2,1515,0,3756,4104,4104
rtt5_loss5_bw1000,lossblindref,0,true,4194304,1008072,4160718,171,1,164,0,12,2424,2828
rtt5_loss5_bw1000,lossblindref,1,true,4194304,1804024,2324971,2112,3,2013,0,1356,4104,4104
rtt5_loss5_bw1000,lossblindref,2,true,4194304,2204036,1903010,2377,4,2243,0,2868,4104,4104
rtt5_loss5_bw1000,cubicref,0,true,4194304,3489405,1202011,877,7,830,0,12,3684,4104
rtt5_loss5_bw1000,cubicref,1,true,4194304,4141073,1012854,153,8,141,0,12,12,12
rtt5_loss5_bw1000,cubicref,2,true,4194304,3452150,1214983,462,7,431,0,12,4104,4104
rtt5_loss5_bw1000,newrenoref,0,true,4194304,9262155,452843,171,19,158,0,12,12,12
rtt5_loss5_bw1000,newrenoref,1,true,4194304,7790021,538420,153,10,150,0,12,12,12
rtt5_loss5_bw1000,newrenoref,2,true,4194304,6935014,604801,164,13,158,0,12,12,12
rtt10_loss0_bw10,edgecc,0,true,4194304,3507940,1195660,55,0,55,0,7520,8176,9344
rtt10_loss0_bw10,edgecc,1,true,4194304,3507940,1195660,55,0,55,0,7520,8176,9344
rtt10_loss0_bw10,edgecc,2,true,4194304,3507940,1195660,55,0,55,0,7520,8176,9344
rtt10_loss0_bw10,edgecc_no_probe,0,true,4194304,3461844,1211580,25,0,25,0,7520,8176,8176
rtt10_loss0_bw10,edgecc_no_probe,1,true,4194304,3461844,1211580,25,0,25,0,7520,8176,8176
rtt10_loss0_bw10,edgecc_no_probe,2,true,4194304,3461844,1211580,25,0,25,0,7520,8176,8176
rtt10_loss0_bw10,edgecc_no_utility,0,true,4194304,4903572,855356,488,4,457,0,4016,8688,9045
rtt10_loss0_bw10,edgecc_no_utility,1,true,4194304,4903572,855356,488,4,457,0,4016,8688,9045
rtt10_loss0_bw10,edgecc_no_utility,2,true,4194304,4903572,855356,488,4,457,0,4016,8688,9045
rtt10_loss0_bw10,edgecc_no_belief,0,true,4194304,7118964,589173,276,2,254,0,1168,7520,8688
rtt10_loss0_bw10,edgecc_no_belief,1,true,4194304,7118964,589173,276,2,254,0,1168,7520,8688
rtt10_loss0_bw10,edgecc_no_belief,2,true,4194304,7118964,589173,276,2,254,0,1168,7520,8688
rtt10_loss0_bw10,edgecc_no_plateau,0,true,4194304,3531796,1187583,55,0,55,0,7520,9344,9344
rtt10_loss0_bw10,edgecc_no_plateau,1,true,4194304,3531796,1187583,55,0,55,0,7520,9344,9344
rtt10_loss0_bw10,edgecc_no_plateau,2,true,4194304,3531796,1187583,55,0,55,0,7520,9344,9344
rtt10_loss0_bw10,edgecc_no_prand,0,true,4194304,3507940,1195660,55,0,55,0,7520,8176,9344
rtt10_loss0_bw10,edgecc_no_prand,1,true,4194304,3507940,1195660,55,0,55,0,7520,8176,9344
rtt10_loss0_bw10,edgecc_no_prand,2,true,4194304,3507940,1195660,55,0,55,0,7520,8176,9344
rtt10_loss0_bw10,edgecc_loss_blind,0,true,4194304,4120068,1018018,208,2,194,0,7520,8176,9344
rtt10_loss0_bw10,edgecc_loss_blind,1,true,4194304,4120068,1018018,208,2,194,0,7520,8176,9344
rtt10_loss0_bw10,edgecc_loss_blind,2,true,4194304,4120068,1018018,208,2,194,0,7520,8176,9344
rtt10_loss0_bw10,edgecc_prior,0,true,4194304,4795796,874579,437,4,415,0,6352,8688,8688
rtt10_loss0_bw10,edgecc_prior,1,true,4194304,4795796,874579,437,4,415,0,6352,8688,8688
rtt10_loss0_bw10,edgecc_prior,2,true,4194304,4795796,874579,437,4,415,0,6352,8688,8688
rtt10_loss0_bw10,bbr3ref,0,true,4194304,5150948,814278,1555,9,1390,0,8688,8688,8688
rtt10_loss0_bw10,bbr3ref,1,true,4194304,5150948,814278,1555,9,1390,0,8688,8688,8688
rtt10_loss0_bw10,bbr3ref,2,true,4194304,5150948,814278,1555,9,1390,0,8688,8688,8688
rtt10_loss0_bw10,lossblindref,0,true,4194304,4120068,1018018,208,2,194,0,7520,8176,9344
rtt10_loss0_bw10,lossblindref,1,true,4194304,4120068,1018018,208,2,194,0,7520,8176,9344
rtt10_loss0_bw10,lossblindref,2,true,4194304,4120068,1018018,208,2,194,0,7520,8176,9344
rtt10_loss0_bw10,cubicref,0,true,4194304,3429525,1222998,51,0,51,0,5184,8688,8688
rtt10_loss0_bw10,cubicref,1,true,4194304,3429525,1222998,51,0,51,0,5184,8688,8688
rtt10_loss0_bw10,cubicref,2,true,4194304,3429525,1222998,51,0,51,0,5184,8688,8688
rtt10_loss0_bw10,newrenoref,0,true,4194304,3916553,1070917,36,0,36,0,4016,8688,8688
rtt10_loss0_bw10,newrenoref,1,true,4194304,3916553,1070917,36,0,36,0,4016,8688,8688
rtt10_loss0_bw10,newrenoref,2,true,4194304,3916553,1070917,36,0,36,0,4016,8688,8688
rtt10_loss0_bw100,edgecc,0,true,4194304,1799964,2330215,2578,1,2578,0,9422,9913,9940
rtt10_loss0_bw100,edgecc,1,true,4194304,1799964,2330215,2578,1,2578,0,9422,9913,9940
rtt10_loss0_bw100,edgecc,2,true,4194304,1799964,2330215,2578,1,2578,0,9422,9913,9940
rtt10_loss0_bw100,edgecc_no_probe,0,true,4194304,1627866,2576565,2545,1,2458,0,5559,9908,9942
rtt10_loss0_bw100,edgecc_no_probe,1,true,4194304,1627866,2576565,2545,1,2458,0,5559,9908,9942
rtt10_loss0_bw100,edgecc_no_probe,2,true,4194304,1627866,2576565,2545,1,2458,0,5559,9908,9942
rtt10_loss0_bw100,edgecc_no_utility,0,true,4194304,1676694,2501532,2594,1,2594,0,9827,9932,9942
rtt10_loss0_bw100,edgecc_no_utility,1,true,4194304,1676694,2501532,2594,1,2594,0,9827,9932,9942
rtt10_loss0_bw100,edgecc_no_utility,2,true,4194304,1676694,2501532,2594,1,2594,0,9827,9932,9942
rtt10_loss0_bw100,edgecc_no_belief,0,true,4194304,1234105,3398660,2598,1,2598,0,9828,9930,9936
rtt10_loss0_bw100,edgecc_no_belief,1,true,4194304,1234105,3398660,2598,1,2598,0,9828,9930,9936
rtt10_loss0_bw100,edgecc_no_belief,2,true,4194304,1234105,3398660,2598,1,2598,0,9828,9930,9936
rtt10_loss0_bw100,edgecc_no_plateau,0,true,4194304,1799964,2330215,2578,1,2578,0,9422,9913,9940
rtt10_loss0_bw100,edgecc_no_plateau,1,true,4194304,1799964,2330215,2578,1,2578,0,9422,9913,9940
rtt10_loss0_bw100,edgecc_no_plateau,2,true,4194304,1799964,2330215,2578,1,2578,0,9422,9913,9940
rtt10_loss0_bw100,edgecc_no_prand,0,true,4194304,1799964,2330215,2578,1,2578,0,9422,9913,9940
rtt10_loss0_bw100,edgecc_no_prand,1,true,4194304,1799964,2330215,2578,1,2578,0,9422,9913,9940
rtt10_loss0_bw100,edgecc_no_prand,2,true,4194304,1799964,2330215,2578,1,2578,0,9422,9913,9940
rtt10_loss0_bw100,edgecc_loss_blind,0,true,4194304,1799964,2330215,2578,1,2578,0,9422,9913,9940
rtt10_loss0_bw100,edgecc_loss_blind,1,true,4194304,1799964,2330215,2578,1,2578,0,9422,9913,9940
rtt10_loss0_bw100,edgecc_loss_blind,2,true,4194304,1799964,2330215,2578,1,2578,0,9422,9913,9940
rtt10_loss0_bw100,edgecc_prior,0,true,4194304,1643722,2551711,2597,1,2597,0,8724,9923,9941
rtt10_loss0_bw100,edgecc_prior,1,true,4194304,1643722,2551711,2597,1,2597,0,8724,9923,9941
rtt10_loss0_bw100,edgecc_prior,2,true,4194304,1643722,2551711,2597,1,2597,0,8724,9923,9941
rtt10_loss0_bw100,bbr3ref,0,true,4194304,1428285,2936601,2728,2,2654,0,9839,9931,9942
rtt10_loss0_bw100,bbr3ref,1,true,4194304,1428285,2936601,2728,2,2654,0,9839,9931,9942
rtt10_loss0_bw100,bbr3ref,2,true,4194304,1428285,2936601,2728,2,2654,0,9839,9931,9942
rtt10_loss0_bw100,lossblindref,0,true,4194304,1799964,2330215,2578,1,2578,0,9422,9913,9940
rtt10_loss0_bw100,lossblindref,1,true,4194304,1799964,2330215,2578,1,2578,0,9422,9913,9940
rtt10_loss0_bw100,lossblindref,2,true,4194304,1799964,2330215,2578,1,2578,0,9422,9913,9940
rtt10_loss0_bw100,cubicref,0,true,4194304,392190,10694571,316,0,316,0,5335,9890,9932
rtt10_loss0_bw100,cubicref,1,true,4194304,392190,10694571,316,0,316,0,5335,9890,9932
rtt10_loss0_bw100,cubicref,2,true,4194304,392190,10694571,316,0,316,0,5335,9890,9932
rtt10_loss0_bw100,newrenoref,0,true,4194304,400328,10477168,224,0,224,0,1568,9890,9916
rtt10_loss0_bw100,newrenoref,1,true,4194304,400328,10477168,224,0,224,0,1568,9890,9916
rtt10_loss0_bw100,newrenoref,2,true,4194304,400328,10477168,224,0,224,0,1568,9890,9916
rtt10_loss0_bw1000,edgecc,0,true,4194304,1051521,3988797,1035,1,1035,0,6806,10262,10271
rtt10_loss0_bw1000,edgecc,1,true,4194304,1051521,3988797,1035,1,1035,0,6806,10262,10271
rtt10_loss0_bw1000,edgecc,2,true,4194304,1051521,3988797,1035,1,1035,0,6806,10262,10271
rtt10_loss0_bw1000,edgecc_no_probe,0,true,4194304,1010034,4152636,1053,1,1053,0,7020,10272,10272
rtt10_loss0_bw1000,edgecc_no_probe,1,true,4194304,1010034,4152636,1053,1,1053,0,7020,10272,10272
rtt10_loss0_bw1000,edgecc_no_probe,2,true,4194304,1010034,4152636,1053,1,1053,0,7020,10272,10272
rtt10_loss0_bw1000,edgecc_no_utility,0,true,4194304,119812,35007378,1144,0,1144,0,7463,10271,10271
rtt10_loss0_bw1000,edgecc_no_utility,1,true,4194304,119812,35007378,1144,0,1144,0,7463,10271,10271
rtt10_loss0_bw1000,edgecc_no_utility,2,true,4194304,119812,35007378,1144,0,1144,0,7463,10271,10271
rtt10_loss0_bw1000,edgecc_no_belief,0,true,4194304,1041686,4026457,1513,1,1513,0,6481,10261,10261
rtt10_loss0_bw1000,edgecc_no_belief,1,true,4194304,1041686,4026457,1513,1,1513,0,6481,10261,10261
rtt10_loss0_bw1000,edgecc_no_belief,2,true,4194304,1041686,4026457,1513,1,1513,0,6481,10261,10261
rtt10_loss0_bw1000,edgecc_no_plateau,0,true,4194304,1051521,3988797,1035,1,1035,0,6806,10262,10271
rtt10_loss0_bw1000,edgecc_no_plateau,1,true,4194304,1051521,3988797,1035,1,1035,0,6806,10262,10271
rtt10_loss0_bw1000,edgecc_no_plateau,2,true,4194304,1051521,3988797,1035,1,1035,0,6806,10262,10271
rtt10_loss0_bw1000,edgecc_no_prand,0,true,4194304,1051521,3988797,1035,1,1035,0,6806,10262,10271
rtt10_loss0_bw1000,edgecc_no_prand,1,true,4194304,1051521,3988797,1035,1,1035,0,6806,10262,10271
rtt10_loss0_bw1000,edgecc_no_prand,2,true,4194304,1051521,3988797,1035,1,1035,0,6806,10262,10271
rtt10_loss0_bw1000,edgecc_loss_blind,0,true,4194304,1051521,3988797,1035,1,1035,0,6806,10262,10271
rtt10_loss0_bw1000,edgecc_loss_blind,1,true,4194304,1051521,3988797,1035,1,1035,0,6806,10262,10271
rtt10_loss0_bw1000,edgecc_loss_blind,2,true,4194304,1051521,3988797,1035,1,1035,0,6806,10262,10271
rtt10_loss0_bw1000,edgecc_prior,0,true,4194304,1041775,4026113,1424,1,1424,0,4128,10272,10272
rtt10_loss0_bw1000,edgecc_prior,1,true,4194304,1041775,4026113,1424,1,1424,0,4128,10272,10272
rtt10_loss0_bw1000,edgecc_prior,2,true,4194304,1041775,4026113,1424,1,1424,0,4128,10272,10272
rtt10_loss0_bw1000,bbr3ref,0,true,4194304,1020022,4111974,1535,1,1535,0,6648,10272,10272
rtt10_loss0_bw1000,bbr3ref,1,true,4194304,1020022,4111974,1535,1,1535,0,6648,10272,10272
rtt10_loss0_bw1000,bbr3ref,2,true,4194304,1020022,4111974,1535,1,1535,0,6648,10272,10272
rtt10_loss0_bw1000,lossblindref,0,true,4194304,1051521,3988797,1035,1,1035,0,6806,10262,10271
rtt10_loss0_bw1000,lossblindref,1,true,4194304,1051521,3988797,1035,1,1035,0,6806,10262,10271
rtt10_loss0_bw1000,lossblindref,2,true,4194304,1051521,3988797,1035,1,1035,0,6806,10262,10271
rtt10_loss0_bw1000,cubicref,0,true,4194304,127952,32780292,0,0,0,0,12,3794,4366
rtt10_loss0_bw1000,cubicref,1,true,4194304,127952,32780292,0,0,0,0,12,3794,4366
rtt10_loss0_bw1000,cubicref,2,true,4194304,127952,32780292,0,0,0,0,12,3794,4366
rtt10_loss0_bw1000,newrenoref,0,true,4194304,127952,32780292,0,0,0,0,12,3794,4366
rtt10_loss0_bw1000,newrenoref,1,true,4194304,127952,32780292,0,0,0,0,12,3794,4366
rtt10_loss0_bw1000,newrenoref,2,true,4194304,127952,32780292,0,0,0,0,12,3794,4366
rtt10_loss0.1_bw10,edgecc,0,true,4194304,4933892,850100,376,3,357,0,4672,8176,9288
rtt10_loss0.1_bw10,edgecc,1,true,4194304,4387188,956034,370,1,366,0,2848,8176,9216
rtt10_loss0.1_bw10,edgecc,2,true,4194304,3641796,1151713,66,1,58,0,7520,8176,9344
rtt10_loss0.1_bw10,edgecc_no_probe,0,true,4194304,3658468,1146464,65,1,56,0,7520,8176,8688
rtt10_loss0.1_bw10,edgecc_no_probe,1,true,4194304,3517908,1192272,30,0,30,0,6352,8688,8688
rtt10_loss0.1_bw10,edgecc_no_probe,2,true,4194304,3455460,1213819,28,0,28,0,7520,8688,8688
rtt10_loss0.1_bw10,edgecc_no_utility,0,true,4194304,4859604,863095,444,6,403,0,7520,8688,8688
rtt10_loss0.1_bw10,edgecc_no_utility,1,true,4194304,4643748,903215,326,6,275,0,7520,8688,8688
rtt10_loss0.1_bw10,edgecc_no_utility,2,true,4194304,4162336,1007680,314,4,279,0,7520,8688,8688
rtt10_loss0.1_bw10,edgecc_no_belief,0,true,4194304,7139268,587497,280,2,258,0,1168,7520,8688
rtt10_loss0.1_bw10,edgecc_no_belief,1,true,4194304,6983428,600608,293,2,278,0,1168,8688,8688
rtt10_loss0.1_bw10,edgecc_no_belief,2,true,4194304,7086644,591860,286,2,266,0,1168,8688,8688
rtt10_loss0.1_bw10,edgecc_no_plateau,0,true,4194304,4009764,1046022,394,0,394,0,3504,8688,9344
rtt10_loss0.1_bw10,edgecc_no_plateau,1,true,4194304,4840596,866485,447,2,438,0,1680,8688,8840
rtt10_loss0.1_bw10,edgecc_no_plateau,2,true,4194304,3572452,1174068,82,0,82,0,8176,8688,9344
rtt10_loss0.1_bw10,edgecc_no_prand,0,true,4194304,4933892,850100,376,3,357,0,4672,8176,9288
rtt10_loss0.1_bw10,edgecc_no_prand,1,true,4194304,4387188,956034,370,1,366,0,2848,8176,9216
rtt10_loss0.1_bw10,edgecc_no_prand,2,true,4194304,3641796,1151713,66,1,58,0,7520,8176,9344
rtt10_loss0.1_bw10,edgecc_loss_blind,0,true,4194304,5137428,816420,385,6,347,0,5184,8688,8688
rtt10_loss0.1_bw10,edgecc_loss_blind,1,true,4194304,5671860,739493,503,3,495,0,2848,7520,8868
rtt10_loss0.1_bw10,edgecc_loss_blind,2,true,4194304,5059892,828931,375,5,346,0,7520,7520,8744
rtt10_loss0.1_bw10,edgecc_prior,0,true,4194304,5593956,749792,463,6,417,0,1680,8688,8784
rtt10_loss0.1_bw10,edgecc_prior,1,true,4194304,4630212,905855,369,3,352,0,7520,8688,8688
rtt10_loss0.1_bw10,edgecc_prior,2,true,4194304,4665412,899021,521,3,512,0,7520,8688,8688
rtt10_loss0.1_bw10,bbr3ref,0,true,4194304,4441136,944421,1527,7,1385,0,8688,8688,8688
rtt10_loss0.1_bw10,bbr3ref,1,true,4194304,4691412,894038,1637,8,1470,0,8688,8688,8688
rtt10_loss0.1_bw10,bbr3ref,2,true,4194304,4309776,973206,1543,7,1409,0,8688,8688,8688
rtt10_loss0.1_bw10,lossblindref,0,true,4194304,5137428,816420,385,6,347,0,5184,8688,8688
rtt10_loss0.1_bw10,lossblindref,1,true,4194304,5671860,739493,503,3,495,0,2848,7520,8868
rtt10_loss0.1_bw10,lossblindref,2,true,4194304,5059892,828931,375,5,346,0,7520,7520,8744
rtt10_loss0.1_bw10,cubicref,0,true,4194304,3436816,1220404,54,0,54,0,5184,8688,8688
rtt10_loss0.1_bw10,cubicref,1,true,4194304,3431523,1222286,54,0,54,0,5184,8688,8688
rtt10_loss0.1_bw10,cubicref,2,true,4194304,3430542,1222635,51,0,51,0,5184,8688,8688
rtt10_loss0.1_bw10,newrenoref,0,true,4194304,4103155,1022214,39,1,38,0,3627,8688,8688
rtt10_loss0.1_bw10,newrenoref,1,true,4194304,4207714,996812,38,0,38,0,2260,8688,8688
rtt10_loss0.1_bw10,newrenoref,2,true,4194304,3984075,1052767,37,0,37,0,3232,8688,8688
rtt10_loss0.1_bw100,edgecc,0,true,4194304,1131499,3706856,2582,1,2578,0,9422,9913,9940
rtt10_loss0.1_bw100,edgecc,1,true,4194304,1131499,3706856,2582,1,2578,0,9422,9913,9940
rtt10_loss0.1_bw100,edgecc,2,true,4194304,1121733,3739128,2581,1,2578,0,9422,9913,9940
rtt10_loss0.1_bw100,edgecc_no_probe,0,true,4194304,1091404,3843035,2491,1,2455,0,5921,9899,9938
rtt10_loss0.1_bw100,edgecc_no_probe,1,true,4194304,1091404,3843035,2491,1,2455,0,6038,9899,9938
rtt10_loss0.1_bw100,edgecc_no_probe,2,true,4194304,1091287,3843447,2490,1,2455,0,5910,9899,9938
rtt10_loss0.1_bw100,edgecc_no_utility,0,true,4194304,1020563,4109794,2598,1,2594,0,9827,9932,9942
rtt10_loss0.1_bw100,edgecc_no_utility,1,true,4194304,1020563,4109794,2598,1,2594,0,9827,9932,9942
rtt10_loss0.1_bw100,edgecc_no_utility,2,true,4194304,1020446,4110265,2597,1,2594,0,9827,9932,9942
rtt10_loss0.1_bw100,edgecc_no_belief,0,true,4194304,1091382,3843112,2602,1,2598,0,9828,9930,9936
rtt10_loss0.1_bw100,edgecc_no_belief,1,true,4194304,1091382,3843112,2602,1,2598,0,9828,9930,9936
rtt10_loss0.1_bw100,edgecc_no_belief,2,true,4194304,1091265,3843524,2601,1,2598,0,9828,9930,9936
rtt10_loss0.1_bw100,edgecc_no_plateau,0,true,4194304,1131499,3706856,2582,1,2578,0,9422,9913,9940
rtt10_loss0.1_bw100,edgecc_no_plateau,1,true,4194304,1131499,3706856,2582,1,2578,0,9422,9913,9940
rtt10_loss0.1_bw100,edgecc_no_plateau,2,true,4194304,1121733,3739128,2581,1,2578,0,9422,9913,9940
rtt10_loss0.1_bw100,edgecc_no_prand,0,true,4194304,1131499,3706856,2582,1,2578,0,9422,9913,9940
rtt10_loss0.1_bw100,edgecc_no_prand,1,true,4194304,1131499,3706856,2582,1,2578,0,9422,9913,9940
rtt10_loss0.1_bw100,edgecc_no_prand,2,true,4194304,1121733,3739128,2581,1,2578,0,9422,9913,9940
rtt10_loss0.1_bw100,edgecc_loss_blind,0,true,4194304,1131499,3706856,2582,1,2578,0,9422,9913,9940
rtt10_loss0.1_bw100,edgecc_loss_blind,1,true,4194304,1131499,3706856,2582,1,2578,0,9422,9913,9940
rtt10_loss0.1_bw100,edgecc_loss_blind,2,true,4194304,1121733,3739128,2581,1,2578,0,9422,9913,9940
rtt10_loss0.1_bw100,edgecc_prior,0,true,4194304,3266420,1284067,2601,1,2597,0,8724,9923,9941
rtt10_loss0.1_bw100,edgecc_prior,1,true,4194304,3493672,1200543,2611,3,2597,0,8724,9923,9941
rtt10_loss0.1_bw100,edgecc_prior,2,true,4194304,3457065,1213255,2607,2,2597,0,8724,9923,9941
rtt10_loss0.1_bw100,bbr3ref,0,true,4194304,1422786,2947951,2749,2,2654,0,9839,9931,9942
rtt10_loss0.1_bw100,bbr3ref,1,true,4194304,1422786,2947951,2749,2,2654,0,9839,9931,9942
rtt10_loss0.1_bw100,bbr3ref,2,true,4194304,1422552,2948436,2745,2,2654,0,9839,9931,9942
rtt10_loss0.1_bw100,lossblindref,0,true,4194304,1131499,3706856,2582,1,2578,0,9422,9913,9940
rtt10_loss0.1_bw100,lossblindref,1,true,4194304,1131499,3706856,2582,1,2578,0,9422,9913,9940
rtt10_loss0.1_bw100,lossblindref,2,true,4194304,1121733,3739128,2581,1,2578,0,9422,9913,9940
rtt10_loss0.1_bw100,cubicref,0,true,4194304,396496,10578427,320,0,320,0,2109,9890,9931
rtt10_loss0.1_bw100,cubicref,1,true,4194304,570269,7354957,5,0,5,0,117,3080,3104
rtt10_loss0.1_bw100,cubicref,2,true,4194304,1029578,4073808,302,1,300,0,9890,9890,9930
rtt10_loss0.1_bw100,newrenoref,0,true,4194304,500657,8377599,228,0,228,0,117,9890,9916
rtt10_loss0.1_bw100,newrenoref,1,true,4194304,949914,4415456,5,0,5,0,117,117,3032
rtt10_loss0.1_bw100,newrenoref,2,true,4194304,1230024,3409936,318,1,316,0,3469,9890,9924
rtt10_loss0.1_bw1000,edgecc,0,true,4194304,1020058,4111828,1036,1,1035,0,6806,10262,10271
rtt10_loss0.1_bw1000,edgecc,1,true,4194304,1030034,4072005,1037,1,1035,0,6803,10262,10271
rtt10_loss0.1_bw1000,edgecc,2,true,4194304,1020058,4111828,1036,1,1035,0,6803,10262,10271
rtt10_loss0.1_bw1000,edgecc_no_probe,0,true,4194304,1010046,4152587,1054,1,1053,0,7020,10272,10272
rtt10_loss0.1_bw1000,edgecc_no_probe,1,true,4194304,1020022,4111974,1055,1,1053,0,7020,10272,10272
rtt10_loss0.1_bw1000,edgecc_no_probe,2,true,4194304,1010046,4152587,1054,1,1053,0,7020,10272,10272
rtt10_loss0.1_bw1000,edgecc_no_utility,0,true,4194304,1010012,4152726,1147,1,1146,0,7451,10271,10271
rtt10_loss0.1_bw1000,edgecc_no_utility,1,true,4194304,1010024,4152677,1146,1,1144,0,7463,10271,10271
rtt10_loss0.1_bw1000,edgecc_no_utility,2,true,4194304,1010012,4152726,1145,1,1144,0,7463,10271,10271
rtt10_loss0.1_bw1000,edgecc_no_belief,0,true,4194304,1021091,4107669,1516,1,1513,0,6481,10261,10261
rtt10_loss0.1_bw1000,edgecc_no_belief,1,true,4194304,1020098,4111667,1515,1,1513,0,6481,10261,10261
rtt10_loss0.1_bw1000,edgecc_no_belief,2,true,4194304,1020034,4111925,1514,1,1513,0,6481,10261,10261
rtt10_loss0.1_bw1000,edgecc_no_plateau,0,true,4194304,1020058,4111828,1036,1,1035,0,6806,10262,10271
rtt10_loss0.1_bw1000,edgecc_no_plateau,1,true,4194304,1030034,4072005,1037,1,1035,0,6803,10262,10271
rtt10_loss0.1_bw1000,edgecc_no_plateau,2,true,4194304,1020058,4111828,1036,1,1035,0,6803,10262,10271
rtt10_loss0.1_bw1000,edgecc_no_prand,0,true,4194304,1020058,4111828,1036,1,1035,0,6806,10262,10271
rtt10_loss0.1_bw1000,edgecc_no_prand,1,true,4194304,1030034,4072005,1037,1,1035,0,6803,10262,10271
rtt10_loss0.1_bw1000,edgecc_no_prand,2,true,4194304,1020058,4111828,1036,1,1035,0,6803,10262,10271
rtt10_loss0.1_bw1000,edgecc_loss_blind,0,true,4194304,1020058,4111828,1036,1,1035,0,6806,10262,10271
rtt10_loss0.1_bw1000,edgecc_loss_blind,1,true,4194304,1030034,4072005,1037,1,1035,0,6803,10262,10271
rtt10_loss0.1_bw1000,edgecc_loss_blind,2,true,4194304,1020058,4111828,1036,1,1035,0,6803,10262,10271
rtt10_loss0.1_bw1000,edgecc_prior,0,true,4194304,1021080,4107713,1427,1,1424,0,4128,10272,10272
rtt10_loss0.1_bw1000,edgecc_prior,1,true,4194304,1020092,4111691,1427,1,1425,0,4128,10272,10272
rtt10_loss0.1_bw1000,edgecc_prior,2,true,4194304,1020022,4111974,1425,1,1424,0,4128,10272,10272
rtt10_loss0.1_bw1000,bbr3ref,0,true,4194304,1020058,4111828,1538,1,1535,0,6648,10272,10272
rtt10_loss0.1_bw1000,bbr3ref,1,true,4194304,1020046,4111877,1537,1,1535,0,6648,10272,10272
rtt10_loss0.1_bw1000,bbr3ref,2,true,4194304,1020034,4111925,1536,1,1535,0,6648,10272,10272
rtt10_loss0.1_bw1000,lossblindref,0,true,4194304,1020058,4111828,1036,1,1035,0,6806,10262,10271
rtt10_loss0.1_bw1000,lossblindref,1,true,4194304,1030034,4072005,1037,1,1035,0,6803,10262,10271
rtt10_loss0.1_bw1000,lossblindref,2,true,4194304,1020058,4111828,1036,1,1035,0,6803,10262,10271
rtt10_loss0.1_bw1000,cubicref,0,true,4194304,130586,32119093,4,0,4,0,12,204,424
rtt10_loss0.1_bw1000,cubicref,1,true,4194304,554588,7562918,5,0,5,0,12,12,12
rtt10_loss0.1_bw1000,cubicref,2,true,4194304,158193,26513840,3,0,3,0,12,12,12
rtt10_loss0.1_bw1000,newrenoref,0,true,4194304,147228,28488494,4,0,4,0,12,204,424
rtt10_loss0.1_bw1000,newrenoref,1,true,4194304,940700,4458705,5,0,5,0,12,12,12
rtt10_loss0.1_bw1000,newrenoref,2,true,4194304,217775,19259804,3,0,3,0,12,12,12
rtt10_loss1_bw10,edgecc,0,true,4194304,4794660,874786,406,4,375,0,1168,7520,9088
rtt10_loss1_bw10,edgecc,1,true,4194304,4563332,919131,498,3,469,0,1168,7520,9148
rtt10_loss1_bw10,edgecc,2,true,4194304,5407031,775712,526,7,490,0,1168,8688,9108
rtt10_loss1_bw10,edgecc_no_probe,0,true,4194304,4549124,922002,269,4,235,0,1168,8176,9260
rtt10_loss1_bw10,edgecc_no_probe,1,true,4194304,5712260,734263,345,4,327,0,1168,7524,9037
rtt10_loss1_bw10,edgecc_no_probe,2,true,4194304,5917044,708851,293,6,266,0,1168,7520,8814
rtt10_loss1_bw10,edgecc_no_utility,0,true,4194304,4808404,872286,394,6,339,0,2848,8688,8688
rtt10_loss1_bw10,edgecc_no_utility,1,true,4194304,4609140,909997,402,4,365,0,1680,8688,8688
rtt10_loss1_bw10,edgecc_no_utility,2,true,4194304,5670500,739670,368,5,336,0,1168,8688,8688
rtt10_loss1_bw10,edgecc_no_belief,0,true,4194304,6914228,606619,283,3,260,0,1168,8688,8688
rtt10_loss1_bw10,edgecc_no_belief,1,true,4194304,6835620,613595,239,1,227,0,1168,5184,8688
rtt10_loss1_bw10,edgecc_no_belief,2,true,4194304,6874788,610099,166,1,156,0,1168,5184,8688
rtt10_loss1_bw10,edgecc_no_plateau,0,true,4194304,5959588,703790,512,6,478,0,1168,8688,9344
rtt10_loss1_bw10,edgecc_no_plateau,1,true,4194304,4563332,919131,498,3,469,0,1168,7520,9148
rtt10_loss1_bw10,edgecc_no_plateau,2,true,4194304,4903712,855332,405,3,376,0,1168,8544,9344
rtt10_loss1_bw10,edgecc_no_prand,0,true,4194304,4794660,874786,406,4,375,0,1168,7520,9088
rtt10_loss1_bw10,edgecc_no_prand,1,true,4194304,4563332,919131,498,3,469,0,1168,7520,9148
rtt10_loss1_bw10,edgecc_no_prand,2,true,4194304,5407031,775712,526,7,490,0,1168,8688,9108
rtt10_loss1_bw10,edgecc_loss_blind,0,true,4194304,4593812,913033,434,4,407,0,1168,7520,8688
rtt10_loss1_bw10,edgecc_loss_blind,1,true,4194304,5588452,750530,450,5,412,0,1168,7520,9160
rtt10_loss1_bw10,edgecc_loss_blind,2,true,4194304,6243033,671837,484,7,428,0,1168,8688,8880
rtt10_loss1_bw10,edgecc_prior,0,true,4194304,5161780,812569,290,4,276,0,1168,8688,8688
rtt10_loss1_bw10,edgecc_prior,1,true,4194304,5358752,782701,472,5,431,0,1168,8688,9140
rtt10_loss1_bw10,edgecc_prior,2,true,4194304,5451460,769390,521,7,481,0,2848,8688,9200
rtt10_loss1_bw10,bbr3ref,0,true,4194304,3827008,1095974,1483,6,1353,0,8603,8688,8737
rtt10_loss1_bw10,bbr3ref,1,true,4194304,5028176,834160,2060,10,1760,0,7520,8688,9142
rtt10_loss1_bw10,bbr3ref,2,true,4194304,5813504,721476,2269,12,1828,0,8394,8688,8737
rtt10_loss1_bw10,lossblindref,0,true,4194304,4593812,913033,434,4,407,0,1168,7520,8688
rtt10_loss1_bw10,lossblindref,1,true,4194304,5588452,750530,450,5,412,0,1168,7520,9160
rtt10_loss1_bw10,lossblindref,2,true,4194304,6243033,671837,484,7,428,0,1168,8688,8880
rtt10_loss1_bw10,cubicref,0,true,4194304,3554869,1179875,62,0,62,0,3030,8688,8688
rtt10_loss1_bw10,cubicref,1,true,4194304,3815422,1099302,68,0,68,0,2848,8274,8688
rtt10_loss1_bw10,cubicref,2,true,4194304,3839400,1092437,66,0,66,0,2848,8388,8688
rtt10_loss1_bw10,newrenoref,0,true,4194304,5330155,786900,54,1,54,0,1168,8688,8688
rtt10_loss1_bw10,newrenoref,1,true,4194304,5918554,708670,58,0,58,0,1168,8077,8688
rtt10_loss1_bw10,newrenoref,2,true,4194304,6287164,667121,55,0,55,0,1168,8078,8688
rtt10_loss1_bw100,edgecc,0,true,4194304,1182318,3547526,2604,1,2578,0,9422,9913,9940
rtt10_loss1_bw100,edgecc,1,true,4194304,1202318,3488514,2610,1,2578,0,9422,9913,9940
rtt10_loss1_bw100,edgecc,2,true,4194304,1410117,2974436,2608,2,2578,0,9422,9913,9940
rtt10_loss1_bw100,edgecc_no_probe,0,true,4194304,1141989,3672805,2512,1,2456,0,5327,9899,9938
rtt10_loss1_bw100,edgecc_no_probe,1,true,4194304,1162607,3607671,2517,1,2455,0,6435,9899,9938
rtt10_loss1_bw100,edgecc_no_probe,2,true,4194304,1161872,3609953,2517,1,2457,0,6552,9899,9938
rtt10_loss1_bw100,edgecc_no_utility,0,true,4194304,1081031,3879910,2620,1,2594,0,9827,9932,9942
rtt10_loss1_bw100,edgecc_no_utility,1,true,4194304,1092163,3840364,2626,1,2594,0,9827,9932,9942
rtt10_loss1_bw100,edgecc_no_utility,2,true,4194304,5799902,723168,2645,10,2594,0,9827,9932,9942
rtt10_loss1_bw100,edgecc_no_belief,0,true,4194304,1151850,3641363,2624,1,2598,0,9828,9930,9936
rtt10_loss1_bw100,edgecc_no_belief,1,true,4194304,1162981,3606511,2630,1,2598,0,9828,9930,9936
rtt10_loss1_bw100,edgecc_no_belief,2,true,4194304,1162084,3609295,2629,1,2598,0,9828,9930,9936
rtt10_loss1_bw100,edgecc_no_plateau,0,true,4194304,1182318,3547526,2604,1,2578,0,9422,9913,9940
rtt10_loss1_bw100,edgecc_no_plateau,1,true,4194304,1202318,3488514,2610,1,2578,0,9422,9913,9940
rtt10_loss1_bw100,edgecc_no_plateau,2,true,4194304,1410117,2974436,2608,2,2578,0,9422,9913,9940
rtt10_loss1_bw100,edgecc_no_prand,0,true,4194304,1182318,3547526,2604,1,2578,0,9422,9913,9940
rtt10_loss1_bw100,edgecc_no_prand,1,true,4194304,1202318,3488514,2610,1,2578,0,9422,9913,9940
rtt10_loss1_bw100,edgecc_no_prand,2,true,4194304,1410117,2974436,2608,2,2578,0,9422,9913,9940
rtt10_loss1_bw100,edgecc_loss_blind,0,true,4194304,1182318,3547526,2604,1,2578,0,9422,9913,9940
rtt10_loss1_bw100,edgecc_loss_blind,1,true,4194304,1202318,3488514,2610,1,2578,0,9422,9913,9940
rtt10_loss1_bw100,edgecc_loss_blind,2,true,4194304,1410117,2974436,2608,2,2578,0,9422,9913,9940
rtt10_loss1_bw100,edgecc_prior,0,true,4194304,5378501,779827,2642,9,2597,0,8724,9923,9941
rtt10_loss1_bw100,edgecc_prior,1,true,4194304,6250027,671085,2651,11,2597,0,8724,9923,9941
rtt10_loss1_bw100,edgecc_prior,2,true,4194304,5867270,714864,2646,10,2597,0,8724,9923,9941
rtt10_loss1_bw100,bbr3ref,0,true,4194304,1425126,2943110,2790,2,2654,0,9839,9931,9942
rtt10_loss1_bw100,bbr3ref,1,true,4194304,1425828,2941661,2802,2,2654,0,9839,9931,9942
rtt10_loss1_bw100,bbr3ref,2,true,4194304,1425360,2942627,2794,2,2654,0,9839,9931,9942
rtt10_loss1_bw100,lossblindref,0,true,4194304,1182318,3547526,2604,1,2578,0,9422,9913,9940
rtt10_loss1_bw100,lossblindref,1,true,4194304,1202318,3488514,2610,1,2578,0,9422,9913,9940
rtt10_loss1_bw100,lossblindref,2,true,4194304,1410117,2974436,2608,2,2578,0,9422,9913,9940
rtt10_loss1_bw100,cubicref,0,true,4194304,1087155,3858055,577,1,517,0,9890,9894,9935
rtt10_loss1_bw100,cubicref,1,true,4194304,1651945,2539009,34,0,34,0,117,2870,2988
rtt10_loss1_bw100,cubicref,2,true,4194304,2220801,1888644,2960,4,1671,0,117,9858,9945
rtt10_loss1_bw100,newrenoref,0,true,4194304,1044227,4016659,243,1,238,0,9819,9890,9921
rtt10_loss1_bw100,newrenoref,1,true,4194304,3080412,1361604,34,0,34,0,117,117,2988
rtt10_loss1_bw100,newrenoref,2,true,4194304,4684033,895447,137,1,134,0,117,6447,9894
rtt10_loss1_bw1000,edgecc,0,true,4194304,1040058,4032759,1042,1,1035,0,6794,10262,10271
rtt10_loss1_bw1000,edgecc,1,true,4194304,1050082,3994263,1047,1,1035,0,6779,10262,10271
rtt10_loss1_bw1000,edgecc,2,true,4194304,1040140,4032441,1044,1,1035,0,6782,10262,10271
rtt10_loss1_bw1000,edgecc_no_probe,0,true,4194304,1030070,4071863,1061,1,1053,0,7008,10272,10272
rtt10_loss1_bw1000,edgecc_no_probe,1,true,4194304,1040082,4032666,1065,1,1053,0,6972,10272,10272
rtt10_loss1_bw1000,edgecc_no_probe,2,true,4194304,1040046,4032806,1063,1,1053,0,6984,10272,10272
rtt10_loss1_bw1000,edgecc_no_utility,0,true,4194304,1030036,4071997,1157,1,1148,0,7439,10271,10271
rtt10_loss1_bw1000,edgecc_no_utility,1,true,4194304,1040199,4032213,1158,1,1144,0,7427,10271,10271
rtt10_loss1_bw1000,edgecc_no_utility,2,true,4194304,1030151,4071542,1155,1,1145,0,7427,10271,10271
rtt10_loss1_bw1000,edgecc_no_belief,0,true,4194304,1050134,3994065,1528,1,1513,0,6481,10261,10261
rtt10_loss1_bw1000,edgecc_no_belief,1,true,4194304,1060373,3955498,1530,1,1513,0,6457,10261,10261
rtt10_loss1_bw1000,edgecc_no_belief,2,true,4194304,1050213,3993765,1528,1,1513,0,6469,10261,10261
rtt10_loss1_bw1000,edgecc_no_plateau,0,true,4194304,1040058,4032759,1042,1,1035,0,6794,10262,10271
rtt10_loss1_bw1000,edgecc_no_plateau,1,true,4194304,1050082,3994263,1047,1,1035,0,6779,10262,10271
rtt10_loss1_bw1000,edgecc_no_plateau,2,true,4194304,1040140,4032441,1044,1,1035,0,6782,10262,10271
rtt10_loss1_bw1000,edgecc_no_prand,0,true,4194304,1040058,4032759,1042,1,1035,0,6794,10262,10271
rtt10_loss1_bw1000,edgecc_no_prand,1,true,4194304,1050082,3994263,1047,1,1035,0,6779,10262,10271
rtt10_loss1_bw1000,edgecc_no_prand,2,true,4194304,1040140,4032441,1044,1,1035,0,6782,10262,10271
rtt10_loss1_bw1000,edgecc_loss_blind,0,true,4194304,1040058,4032759,1042,1,1035,0,6794,10262,10271
rtt10_loss1_bw1000,edgecc_loss_blind,1,true,4194304,1050082,3994263,1047,1,1035,0,6779,10262,10271
rtt10_loss1_bw1000,edgecc_loss_blind,2,true,4194304,1040140,4032441,1044,1,1035,0,6782,10262,10271
rtt10_loss1_bw1000,edgecc_prior,0,true,4194304,1050058,3994354,1437,1,1424,0,4128,10272,10272
rtt10_loss1_bw1000,edgecc_prior,1,true,4194304,1060070,3956629,1443,1,1426,0,4116,10272,10272
rtt10_loss1_bw1000,edgecc_prior,2,true,4194304,1040131,4032476,1438,1,1425,0,4116,10272,10272
rtt10_loss1_bw1000,bbr3ref,0,true,4194304,1020202,4111248,1550,1,1535,0,6636,10272,10272
rtt10_loss1_bw1000,bbr3ref,1,true,4194304,1020226,4111151,1552,1,1535,0,6624,10272,10272
rtt10_loss1_bw1000,bbr3ref,2,true,4194304,1020190,4111296,1550,1,1535,0,6636,10272,10272
rtt10_loss1_bw1000,lossblindref,0,true,4194304,1040058,4032759,1042,1,1035,0,6794,10262,10271
rtt10_loss1_bw1000,lossblindref,1,true,4194304,1050082,3994263,1047,1,1035,0,6779,10262,10271
rtt10_loss1_bw1000,lossblindref,2,true,4194304,1040140,4032441,1044,1,1035,0,6782,10262,10271
rtt10_loss1_bw1000,cubicref,0,true,4194304,482276,8696895,26,0,26,0,12,12,12
rtt10_loss1_bw1000,cubicref,1,true,4194304,1020024,4111965,34,1,32,0,12,12,12
rtt10_loss1_bw1000,cubicref,2,true,4194304,1010012,4152726,31,1,30,0,12,12,12
rtt10_loss1_bw1000,newrenoref,0,true,4194304,1944266,2157268,26,1,25,0,12,12,12
rtt10_loss1_bw1000,newrenoref,1,true,4194304,3047407,1376351,34,0,34,0,12,12,12
rtt10_loss1_bw1000,newrenoref,2,true,4194304,3002422,1396973,31,1,31,0,12,12,12
rtt10_loss3_bw10,edgecc,0,true,4194304,6601904,635317,234,5,212,0,1168,5840,8688
rtt10_loss3_bw10,edgecc,1,true,4194304,6320752,663576,266,8,223,0,1168,6352,8688
rtt10_loss3_bw10,edgecc,2,true,4194304,6444160,650869,240,8,205,0,1168,3504,8658
rtt10_loss3_bw10,edgecc_no_probe,0,true,4194304,6877460,609862,250,5,227,0,1168,4672,8704
rtt10_loss3_bw10,edgecc_no_probe,1,true,4194304,6981828,600745,213,6,186,0,1168,5840,9009
rtt10_loss3_bw10,edgecc_no_probe,2,true,4194304,7207972,581897,298,6,273,0,1168,5840,9056
rtt10_loss3_bw10,edgecc_no_utility,0,true,4194304,7270180,576918,368,6,346,0,1168,6352,8720
rtt10_loss3_bw10,edgecc_no_utility,1,true,4194304,7069940,593258,384,9,337,0,1168,4672,8688
rtt10_loss3_bw10,edgecc_no_utility,2,true,4194304,6534624,641858,303,7,266,0,1168,7520,8792
rtt10_loss3_bw10,edgecc_no_belief,0,true,4194304,8607376,487291,173,3,161,0,1168,1168,5840
rtt10_loss3_bw10,edgecc_no_belief,1,true,4194304,8834836,474746,175,6,153,0,1168,1168,4672
rtt10_loss3_bw10,edgecc_no_belief,2,true,4194304,8099360,517856,145,2,140,0,1168,1680,3504
rtt10_loss3_bw10,edgecc_no_plateau,0,true,4194304,6601904,635317,234,5,212,0,1168,5840,8688
rtt10_loss3_bw10,edgecc_no_plateau,1,true,4194304,6320752,663576,266,8,223,0,1168,6352,8688
rtt10_loss3_bw10,edgecc_no_plateau,2,true,4194304,6444160,650869,240,8,205,0,1168,3504,8658
rtt10_loss3_bw10,edgecc_no_prand,0,true,4194304,6601904,635317,234,5,212,0,1168,5840,8688
rtt10_loss3_bw10,edgecc_no_prand,1,true,4194304,6320752,663576,266,8,223,0,1168,6352,8688
rtt10_loss3_bw10,edgecc_no_prand,2,true,4194304,6444160,650869,240,8,205,0,1168,3504,8658
rtt10_loss3_bw10,edgecc_loss_blind,0,true,4194304,7841508,534884,431,5,400,0,1168,4672,8704
rtt10_loss3_bw10,edgecc_loss_blind,1,true,4194304,6049972,693276,345,7,305,0,1168,8688,8688
rtt10_loss3_bw10,edgecc_loss_blind,2,true,4194304,6762672,620214,363,6,328,0,1168,5840,8752
rtt10_loss3_bw10,edgecc_prior,0,true,4194304,5975392,701929,333,5,311,0,1168,5184,9024
rtt10_loss3_bw10,edgecc_prior,1,true,4194304,6258788,670146,424,6,395,0,1168,6352,8688
rtt10_loss3_bw10,edgecc_prior,2,true,4194304,7075860,592762,313,6,285,0,1168,7520,8930
rtt10_loss3_bw10,bbr3ref,0,true,4194304,7811168,536962,2915,18,1411,0,4016,8688,9092
rtt10_loss3_bw10,bbr3ref,1,true,4194304,5824452,720119,2566,13,1997,0,2848,8956,9218
rtt10_loss3_bw10,bbr3ref,2,true,4194304,7411168,565943,2446,15,1653,0,4016,8688,9049
rtt10_loss3_bw10,lossblindref,0,true,4194304,7841508,534884,431,5,400,0,1168,4672,8704
rtt10_loss3_bw10,lossblindref,1,true,4194304,6049972,693276,345,7,305,0,1168,8688,8688
rtt10_loss3_bw10,lossblindref,2,true,4194304,6762672,620214,363,6,328,0,1168,5840,8752
rtt10_loss3_bw10,cubicref,0,true,4194304,7259885,577736,989,10,740,0,1168,7232,9138
rtt10_loss3_bw10,cubicref,1,true,4194304,6141296,682967,113,4,107,0,1168,7520,8688
rtt10_loss3_bw10,cubicref,2,true,4194304,6322209,663423,106,4,103,0,1168,1680,5184
rtt10_loss3_bw10,newrenoref,0,true,4194304,10801879,388293,230,7,201,0,1168,6352,8688
rtt10_loss3_bw10,newrenoref,1,true,4194304,11575433,362345,144,4,137,0,1168,8688,8688
rtt10_loss3_bw10,newrenoref,2,true,4194304,12485123,335944,106,10,103,0,1168,1374,2848
rtt10_loss3_bw100,edgecc,0,true,4194304,1040702,4030264,489,1,475,0,117,6049,9886
rtt10_loss3_bw100,edgecc,1,true,4194304,3313824,1265699,1021,3,977,0,117,8877,9909
rtt10_loss3_bw100,edgecc,2,true,4194304,2787316,1504782,582,3,554,0,117,6731,9945
rtt10_loss3_bw100,edgecc_no_probe,0,true,4194304,1030702,4069366,453,1,441,0,117,5676,9852
rtt10_loss3_bw100,edgecc_no_probe,1,true,4194304,2303433,1820892,1759,2,1703,0,117,8837,9913
rtt10_loss3_bw100,edgecc_no_probe,2,true,4194304,6222913,674009,781,4,753,0,117,9761,9907
rtt10_loss3_bw100,edgecc_no_utility,0,true,4194304,1410117,2974436,772,2,751,0,117,7982,9911
rtt10_loss3_bw100,edgecc_no_utility,1,true,4194304,5010117,837166,2618,11,2530,0,2609,9929,9942
rtt10_loss3_bw100,edgecc_no_utility,2,true,4194304,3074058,1364419,720,4,685,0,117,7125,9887
rtt10_loss3_bw100,edgecc_no_belief,0,true,4194304,1410117,2974436,924,2,893,0,3221,9890,9930
rtt10_loss3_bw100,edgecc_no_belief,1,true,4194304,1410117,2974436,600,2,573,0,3221,9422,9930
rtt10_loss3_bw100,edgecc_no_belief,2,true,4194304,1410234,2974190,1227,2,1179,0,2051,9870,9924
rtt10_loss3_bw100,edgecc_no_plateau,0,true,4194304,1040702,4030264,489,1,475,0,117,6049,9886
rtt10_loss3_bw100,edgecc_no_plateau,1,true,4194304,3313824,1265699,1021,3,977,0,117,8877,9909
rtt10_loss3_bw100,edgecc_no_plateau,2,true,4194304,2787316,1504782,582,3,554,0,117,6731,9945
rtt10_loss3_bw100,edgecc_no_prand,0,true,4194304,1040702,4030264,489,1,475,0,117,6049,9886
rtt10_loss3_bw100,edgecc_no_prand,1,true,4194304,3313824,1265699,1021,3,977,0,117,8877,9909
rtt10_loss3_bw100,edgecc_no_prand,2,true,4194304,2787316,1504782,582,3,554,0,117,6731,9945
rtt10_loss3_bw100,edgecc_loss_blind,0,true,4194304,1040702,4030264,489,1,475,0,117,6049,9886
rtt10_loss3_bw100,edgecc_loss_blind,1,true,4194304,3764409,1114199,1828,4,1766,0,117,9858,9921
rtt10_loss3_bw100,edgecc_loss_blind,2,true,4194304,1410234,2974190,734,2,706,0,117,8252,9945
rtt10_loss3_bw100,edgecc_prior,0,true,4194304,1410117,2974436,683,2,664,0,413,7225,9899
rtt10_loss3_bw100,edgecc_prior,1,true,4194304,2407272,1742347,260,2,250,0,117,1994,9470
rtt10_loss3_bw100,edgecc_prior,2,true,4194304,1410117,2974436,391,2,377,0,1115,5373,9192
rtt10_loss3_bw100,bbr3ref,0,true,4194304,1810117,2317145,2774,3,2654,0,9839,9931,9942
rtt10_loss3_bw100,bbr3ref,1,true,4194304,1410117,2974436,1435,2,1385,0,2449,9861,9927
rtt10_loss3_bw100,bbr3ref,2,true,4194304,1410234,2974190,1163,2,1117,0,2285,9833,9923
rtt10_loss3_bw100,lossblindref,0,true,4194304,1040702,4030264,489,1,475,0,117,6049,9886
rtt10_loss3_bw100,lossblindref,1,true,4194304,3764409,1114199,1828,4,1766,0,117,9858,9921
rtt10_loss3_bw100,lossblindref,2,true,4194304,1410234,2974190,734,2,706,0,117,8252,9945
rtt10_loss3_bw100,cubicref,0,true,4194304,4696515,893067,90,1,89,0,117,117,117
rtt10_loss3_bw100,cubicref,1,true,4194304,5908023,709933,93,3,87,0,117,117,117
rtt10_loss3_bw100,cubicref,2,true,4194304,6048531,693441,101,5,97,0,117,117,117
rtt10_loss3_bw100,newrenoref,0,true,4194304,8131069,515836,90,3,88,0,117,117,117
rtt10_loss3_bw100,newrenoref,1,true,4194304,11170054,375495,93,8,90,0,117,117,117
rtt10_loss3_bw100,newrenoref,2,true,4194304,10676063,392869,101,8,100,0,117,117,117
rtt10_loss3_bw1000,edgecc,0,true,4194304,1020036,4111917,231,1,225,0,1403,9779,10271
rtt10_loss3_bw1000,edgecc,1,true,4194304,1410012,2974658,1522,2,1481,0,6204,10272,10272
rtt10_loss3_bw1000,edgecc,2,true,4194304,1410012,2974658,101,2,94,0,684,7052,7476
rtt10_loss3_bw1000,edgecc_no_probe,0,true,4194304,1030084,4071807,382,1,371,0,2532,10272,10272
rtt10_loss3_bw1000,edgecc_no_probe,1,true,4194304,1410012,2974658,1509,2,1468,0,6120,10272,10272
rtt10_loss3_bw1000,edgecc_no_probe,2,true,4194304,1010036,4152628,101,1,98,0,12,5430,6183
rtt10_loss3_bw1000,edgecc_no_utility,0,true,4194304,1410012,2974658,1186,2,1150,0,7367,10271,10271
rtt10_loss3_bw1000,edgecc_no_utility,1,true,4194304,3598927,1165431,100,5,84,0,12,132,240
rtt10_loss3_bw1000,edgecc_no_utility,2,true,4194304,1410012,2974658,101,2,93,0,816,6936,7616
rtt10_loss3_bw1000,edgecc_no_belief,0,true,4194304,1410012,2974658,1562,2,1513,0,6445,10261,10261
rtt10_loss3_bw1000,edgecc_no_belief,1,true,4194304,1410012,2974658,1556,2,1514,0,6421,10261,10261
rtt10_loss3_bw1000,edgecc_no_belief,2,true,4194304,1410012,2974658,533,2,515,0,7761,10266,10272
rtt10_loss3_bw1000,edgecc_no_plateau,0,true,4194304,1020036,4111917,231,1,225,0,1403,9779,10271
rtt10_loss3_bw1000,edgecc_no_plateau,1,true,4194304,1410012,2974658,1522,2,1481,0,6204,10272,10272
rtt10_loss3_bw1000,edgecc_no_plateau,2,true,4194304,1410012,2974658,101,2,94,0,684,7052,7476
rtt10_loss3_bw1000,edgecc_no_prand,0,true,4194304,1020036,4111917,231,1,225,0,1403,9779,10271
rtt10_loss3_bw1000,edgecc_no_prand,1,true,4194304,1410012,2974658,1522,2,1481,0,6204,10272,10272
rtt10_loss3_bw1000,edgecc_no_prand,2,true,4194304,1410012,2974658,101,2,94,0,684,7052,7476
rtt10_loss3_bw1000,edgecc_loss_blind,0,true,4194304,1020036,4111917,231,1,225,0,1403,9779,10271
rtt10_loss3_bw1000,edgecc_loss_blind,1,true,4194304,1410012,2974658,1523,2,1482,0,6216,10272,10272
rtt10_loss3_bw1000,edgecc_loss_blind,2,true,4194304,1010024,4152677,101,1,99,0,1032,7424,7916
rtt10_loss3_bw1000,edgecc_prior,0,true,4194304,1010024,4152677,115,1,113,0,144,8772,9984
rtt10_loss3_bw1000,edgecc_prior,1,true,4194304,140412,29871407,93,0,93,0,24,3348,4416
rtt10_loss3_bw1000,edgecc_prior,2,true,4194304,1410012,2974658,101,2,97,0,12,2856,4068
rtt10_loss3_bw1000,bbr3ref,0,true,4194304,1410012,2974658,1585,2,1535,0,6612,10272,10272
rtt10_loss3_bw1000,bbr3ref,1,true,4194304,1410012,2974658,1577,2,1535,0,6576,10272,10272
rtt10_loss3_bw1000,bbr3ref,2,true,4194304,1410034,2974611,1588,2,1535,0,6600,10272,10272
rtt10_loss3_bw1000,lossblindref,0,true,4194304,1020036,4111917,231,1,225,0,1403,9779,10271
rtt10_loss3_bw1000,lossblindref,1,true,4194304,1410012,2974658,1523,2,1482,0,6216,10272,10272
rtt10_loss3_bw1000,lossblindref,2,true,4194304,1010024,4152677,101,1,99,0,1032,7424,7916
rtt10_loss3_bw1000,cubicref,0,true,4194304,4648361,902318,90,1,89,0,12,12,12
rtt10_loss3_bw1000,cubicref,1,true,4194304,5865068,715133,93,3,87,0,12,12,12
rtt10_loss3_bw1000,cubicref,2,true,4194304,6059576,692177,101,5,97,0,12,12,12
rtt10_loss3_bw1000,newrenoref,0,true,4194304,8412023,498608,90,4,88,0,12,12,12
rtt10_loss3_bw1000,newrenoref,1,true,4194304,11071940,378822,93,8,90,0,12,12,12
rtt10_loss3_bw1000,newrenoref,2,true,4194304,10584094,396283,101,8,100,0,12,12,12
rtt10_loss5_bw10,edgecc,0,true,4194304,9101476,460837,353,11,303,0,1168,2848,8672
rtt10_loss5_bw10,edgecc,1,true,4194304,6216996,674651,190,4,176,0,1168,4016,7520
rtt10_loss5_bw10,edgecc,2,true,4194304,6773876,619188,236,6,208,0,1168,3504,7520
rtt10_loss5_bw10,edgecc_no_probe,0,true,4194304,7693012,545209,210,7,175,0,1168,2336,6352
rtt10_loss5_bw10,edgecc_no_probe,1,true,4194304,7835056,535325,196,8,168,0,1168,2480,7520
rtt10_loss5_bw10,edgecc_no_probe,2,true,4194304,7729732,542619,269,6,244,0,1168,3504,8688
rtt10_loss5_bw10,edgecc_no_utility,0,true,4194304,8428708,497621,214,8,179,0,1168,2336,4672
rtt10_loss5_bw10,edgecc_no_utility,1,true,4194304,8359152,501761,310,12,258,0,1168,3504,8688
rtt10_loss5_bw10,edgecc_no_utility,2,true,4194304,7014528,597945,303,6,283,0,1168,4672,8688
rtt10_loss5_bw10,edgecc_no_belief,0,true,4194304,8888628,471873,201,9,165,0,1168,2336,4016
rtt10_loss5_bw10,edgecc_no_belief,1,true,4194304,9735984,430804,197,11,162,0,1168,2336,3504
rtt10_loss5_bw10,edgecc_no_belief,2,true,4194304,8644820,485181,215,6,195,0,1168,2336,4672
rtt10_loss5_bw10,edgecc_no_plateau,0,true,4194304,9101476,460837,353,11,303,0,1168,2848,8672
rtt10_loss5_bw10,edgecc_no_plateau,1,true,4194304,6216996,674651,190,4,176,0,1168,4016,7520
rtt10_loss5_bw10,edgecc_no_plateau,2,true,4194304,6775700,619021,236,6,208,0,1168,3504,7520
rtt10_loss5_bw10,edgecc_no_prand,0,true,4194304,9101476,460837,353,11,303,0,1168,2848,8672
rtt10_loss5_bw10,edgecc_no_prand,1,true,4194304,6216996,674651,190,4,176,0,1168,4016,7520
rtt10_loss5_bw10,edgecc_no_prand,2,true,4194304,6773876,619188,236,6,208,0,1168,3504,7520
rtt10_loss5_bw10,edgecc_loss_blind,0,true,4194304,8019540,523010,365,10,320,0,1168,5184,8688
rtt10_loss5_bw10,edgecc_loss_blind,1,true,4194304,7632564,549527,381,9,332,0,1168,7008,8896
rtt10_loss5_bw10,edgecc_loss_blind,2,true,4194304,6874884,610090,380,9,335,0,1168,3856,8746
rtt10_loss5_bw10,edgecc_prior,0,true,4194304,8128468,516001,198,9,161,0,1168,2848,4816
rtt10_loss5_bw10,edgecc_prior,1,true,4194304,7193312,583083,201,6,171,0,1168,4016,7520
rtt10_loss5_bw10,edgecc_prior,2,true,4194304,6749712,621404,256,7,222,0,1168,4016,8176
rtt10_loss5_bw10,bbr3ref,0,true,4194304,9011168,465456,3118,19,1699,0,1168,8774,9154
rtt10_loss5_bw10,bbr3ref,1,true,4194304,8611168,487077,3136,19,1535,0,1168,8688,9176
rtt10_loss5_bw10,bbr3ref,2,true,4194304,8622336,486446,3170,19,1234,0,1168,8604,9030
rtt10_loss5_bw10,lossblindref,0,true,4194304,8019540,523010,365,10,320,0,1168,5184,8688
rtt10_loss5_bw10,lossblindref,1,true,4194304,7632564,549527,381,9,332,0,1168,7008,8896
rtt10_loss5_bw10,lossblindref,2,true,4194304,6874884,610090,380,9,335,0,1168,3856,8746
rtt10_loss5_bw10,cubicref,0,true,4194304,9562974,438598,172,9,162,0,1168,1341,4340
rtt10_loss5_bw10,cubicref,1,true,4194304,7073472,592962,162,7,152,0,1168,7520,8688
rtt10_loss5_bw10,cubicref,2,true,4194304,9058465,463025,169,7,162,0,1168,1168,2876
rtt10_loss5_bw10,newrenoref,0,true,4194304,15778471,265824,171,19,161,0,1168,1680,4366
rtt10_loss5_bw10,newrenoref,1,true,4194304,17342602,241849,153,12,148,0,1168,1168,3545
rtt10_loss5_bw10,newrenoref,2,true,4194304,15895819,263862,169,18,160,0,1168,1168,4672
rtt10_loss5_bw100,edgecc,0,true,4194304,1410117,2974436,231,2,217,0,117,4582,9054
rtt10_loss5_bw100,edgecc,1,true,4194304,7855586,533926,931,11,860,0,117,8394,9900
rtt10_loss5_bw100,edgecc,2,true,4194304,3750950,1118197,688,4,656,0,117,8486,9945
rtt10_loss5_bw100,edgecc_no_probe,0,true,4194304,3857645,1087270,318,5,293,0,117,4976,9732
rtt10_loss5_bw100,edgecc_no_probe,1,true,4194304,1810117,2317145,1464,3,1390,0,117,8720,9909
rtt10_loss5_bw100,edgecc_no_probe,2,true,4194304,3598665,1165516,516,5,489,0,117,7461,9870
rtt10_loss5_bw100,edgecc_no_utility,0,true,4194304,2917901,1437438,298,4,281,0,117,4730,9133
rtt10_loss5_bw100,edgecc_no_utility,1,true,4194304,13410117,312771,2580,29,2435,0,117,9942,9942
rtt10_loss5_bw100,edgecc_no_utility,2,true,4194304,3865173,1085152,776,3,735,0,117,7242,9887
rtt10_loss5_bw100,edgecc_no_belief,0,true,4194304,1410117,2974436,575,2,546,0,117,9656,9906
rtt10_loss5_bw100,edgecc_no_belief,1,true,4194304,1420585,2952518,1036,2,980,0,117,9840,9912
rtt10_loss5_bw100,edgecc_no_belief,2,true,4194304,1810117,2317145,1287,3,1219,0,117,9870,9924
rtt10_loss5_bw100,edgecc_no_plateau,0,true,4194304,1410117,2974436,231,2,217,0,117,4582,9054
rtt10_loss5_bw100,edgecc_no_plateau,1,true,4194304,7855586,533926,931,11,860,0,117,8394,9900
rtt10_loss5_bw100,edgecc_no_plateau,2,true,4194304,3750950,1118197,688,4,656,0,117,8486,9945
rtt10_loss5_bw100,edgecc_no_prand,0,true,4194304,1410117,2974436,231,2,217,0,117,4582,9054
rtt10_loss5_bw100,edgecc_no_prand,1,true,4194304,7855586,533926,931,11,860,0,117,8394,9900
rtt10_loss5_bw100,edgecc_no_prand,2,true,4194304,3750950,1118197,688,4,656,0,117,8486,9945
rtt10_loss5_bw100,edgecc_loss_blind,0,true,4194304,1410117,2974436,318,2,299,0,117,4926,9864
rtt10_loss5_bw100,edgecc_loss_blind,1,true,4194304,7035118,596195,806,9,738,0,117,7199,9885
rtt10_loss5_bw100,edgecc_loss_blind,2,true,4194304,1410351,2973943,794,2,754,0,117,8369,9945
rtt10_loss5_bw100,edgecc_prior,0,true,4194304,4346365,965014,179,4,162,0,117,1465,6903
rtt10_loss5_bw100,edgecc_prior,1,true,4194304,4718976,888816,170,7,141,0,117,702,7225
rtt10_loss5_bw100,edgecc_prior,2,true,4194304,1410117,2974436,453,2,431,0,1232,5795,9192
rtt10_loss5_bw100,bbr3ref,0,true,4194304,1410234,2974190,1019,2,961,0,117,9882,9910
rtt10_loss5_bw100,bbr3ref,1,true,4194304,1420234,2953248,1081,2,1016,0,117,9833,9918
rtt10_loss5_bw100,bbr3ref,2,true,4194304,1410468,2973696,1226,2,1161,0,117,9835,9923
rtt10_loss5_bw100,lossblindref,0,true,4194304,1410117,2974436,318,2,299,0,117,4926,9864
rtt10_loss5_bw100,lossblindref,1,true,4194304,7035118,596195,806,9,738,0,117,7199,9885
rtt10_loss5_bw100,lossblindref,2,true,4194304,1410351,2973943,794,2,754,0,117,8369,9945
rtt10_loss5_bw100,cubicref,0,true,4194304,7417106,565490,171,10,160,0,117,117,117
rtt10_loss5_bw100,cubicref,1,true,4194304,6094736,688184,153,8,142,0,117,117,117
rtt10_loss5_bw100,cubicref,2,true,4194304,3846272,1090485,404,7,376,0,117,6666,9893
rtt10_loss5_bw100,newrenoref,0,true,4194304,14315426,292991,171,18,162,0,117,117,117
rtt10_loss5_bw100,newrenoref,1,true,4194304,15362631,273019,153,10,150,0,117,117,117
rtt10_loss5_bw100,newrenoref,2,true,4194304,15048834,278712,164,17,156,0,117,117,117
rtt10_loss5_bw1000,edgecc,0,true,4194304,1030036,4071997,171,1,162,0,24,3324,3960
rtt10_loss5_bw1000,edgecc,1,true,4194304,1810024,2317264,1599,3,1523,0,4320,10272,10272
rtt10_loss5_bw1000,edgecc,2,true,4194304,1040072,4032705,164,1,150,0,696,6800,7212
rtt10_loss5_bw1000,edgecc_no_probe,0,true,4194304,1410012,2974658,171,2,152,0,12,4044,4644
rtt10_loss5_bw1000,edgecc_no_probe,1,true,4194304,1810024,2317264,1665,3,1586,0,4740,10272,10272
rtt10_loss5_bw1000,edgecc_no_probe,2,true,4194304,1030072,4071855,164,1,152,0,12,5313,6027
rtt10_loss5_bw1000,edgecc_no_utility,0,true,4194304,1030060,4071902,171,1,161,0,24,2614,3136
rtt10_loss5_bw1000,edgecc_no_utility,1,true,4194304,1020072,4111772,153,1,145,0,12,472,584
rtt10_loss5_bw1000,edgecc_no_utility,2,true,4194304,1020048,4111869,164,1,158,0,852,6692,7304
rtt10_loss5_bw1000,edgecc_no_belief,0,true,4194304,1030060,4071902,171,1,161,0,7464,8876,8996
rtt10_loss5_bw1000,edgecc_no_belief,1,true,4194304,1020024,4111965,153,1,148,0,12,224,656
rtt10_loss5_bw1000,edgecc_no_belief,2,true,4194304,1410012,2974658,561,2,530,0,7617,10266,10272
rtt10_loss5_bw1000,edgecc_no_plateau,0,true,4194304,1030036,4071997,171,1,162,0,24,3324,3960
rtt10_loss5_bw1000,edgecc_no_plateau,1,true,4194304,1810024,2317264,1599,3,1523,0,4320,10272,10272
rtt10_loss5_bw1000,edgecc_no_plateau,2,true,4194304,1040072,4032705,164,1,150,0,696,6800,7212
rtt10_loss5_bw1000,edgecc_no_prand,0,true,4194304,1030036,4071997,171,1,162,0,24,3324,3960
rtt10_loss5_bw1000,edgecc_no_prand,1,true,4194304,1810024,2317264,1599,3,1523,0,4320,10272,10272
rtt10_loss5_bw1000,edgecc_no_prand,2,true,4194304,1040072,4032705,164,1,150,0,696,6800,7212
rtt10_loss5_bw1000,edgecc_loss_blind,0,true,4194304,1020048,4111869,171,1,164,0,24,3552,4176
rtt10_loss5_bw1000,edgecc_loss_blind,1,true,4194304,1410048,2974582,1187,2,1130,0,3708,10272,10272
rtt10_loss5_bw1000,edgecc_loss_blind,2,true,4194304,1020398,4110458,164,1,157,0,972,7164,7592
rtt10_loss5_bw1000,edgecc_prior,0,true,4194304,1010048,4152578,171,1,167,0,12,516,1632
rtt10_loss5_bw1000,edgecc_prior,1,true,4194304,1410012,2974658,153,2,143,0,12,1212,2388
rtt10_loss5_bw1000,edgecc_prior,2,true,4194304,1030060,4071902,164,1,153,0,12,2832,4008
rtt10_loss5_bw1000,bbr3ref,0,true,4194304,1420048,2953635,1630,2,1535,0,6576,10272,10272
rtt10_loss5_bw1000,bbr3ref,1,true,4194304,1420036,2953660,1613,2,1535,0,6552,10272,10272
rtt10_loss5_bw1000,bbr3ref,2,true,4194304,1420036,2953660,1631,2,1535,0,6588,10272,10272
rtt10_loss5_bw1000,lossblindref,0,true,4194304,1020048,4111869,171,1,164,0,24,3552,4176
rtt10_loss5_bw1000,lossblindref,1,true,4194304,1410048,2974582,1187,2,1130,0,3708,10272,10272
rtt10_loss5_bw1000,lossblindref,2,true,4194304,1020398,4110458,164,1,157,0,972,7164,7592
rtt10_loss5_bw1000,cubicref,0,true,4194304,7455217,562599,171,10,160,0,12,12,12
rtt10_loss5_bw1000,cubicref,1,true,4194304,5998372,699240,153,8,142,0,12,12,12
rtt10_loss5_bw1000,cubicref,2,true,4194304,4247396,987500,164,7,151,0,12,171,882
rtt10_loss5_bw1000,newrenoref,0,true,4194304,14207405,295219,171,18,162,0,12,12,12
rtt10_loss5_bw1000,newrenoref,1,true,4194304,15238215,275249,153,10,150,0,12,12,12
rtt10_loss5_bw1000,newrenoref,2,true,4194304,14949101,280572,164,17,156,0,12,12,12
rtt50_loss0_bw10,edgecc,0,true,4194304,14153541,296343,743,1,660,0,20080,28032,48112
rtt50_loss0_bw10,edgecc,1,true,4194304,14153541,296343,743,1,660,0,20080,28032,48112
rtt50_loss0_bw10,edgecc,2,true,4194304,14153541,296343,743,1,660,0,20080,28032,48112
rtt50_loss0_bw10,edgecc_no_probe,0,true,4194304,9799433,428014,1776,1,1776,0,13072,48080,48856
rtt50_loss0_bw10,edgecc_no_probe,1,true,4194304,9799433,428014,1776,1,1776,0,13072,48080,48856
rtt50_loss0_bw10,edgecc_no_probe,2,true,4194304,9799433,428014,1776,1,1776,0,13072,48080,48856
rtt50_loss0_bw10,edgecc_no_utility,0,true,4194304,12021218,348908,1714,1,1714,0,35264,48809,49056
rtt50_loss0_bw10,edgecc_no_utility,1,true,4194304,12021218,348908,1714,1,1714,0,35264,48809,49056
rtt50_loss0_bw10,edgecc_no_utility,2,true,4194304,12021218,348908,1714,1,1714,0,35264,48809,49056
rtt50_loss0_bw10,edgecc_no_belief,0,true,4194304,18222276,230174,1346,2,1254,0,1168,48112,49056
rtt50_loss0_bw10,edgecc_no_belief,1,true,4194304,18222276,230174,1346,2,1254,0,1168,48112,49056
rtt50_loss0_bw10,edgecc_no_belief,2,true,4194304,18222276,230174,1346,2,1254,0,1168,48112,49056
rtt50_loss0_bw10,edgecc_no_plateau,0,true,4194304,14153541,296343,743,1,660,0,20080,28032,48112
rtt50_loss0_bw10,edgecc_no_plateau,1,true,4194304,14153541,296343,743,1,660,0,20080,28032,48112
rtt50_loss0_bw10,edgecc_no_plateau,2,true,4194304,14153541,296343,743,1,660,0,20080,28032,48112
rtt50_loss0_bw10,edgecc_no_prand,0,true,4194304,14153541,296343,743,1,660,0,20080,28032,48112
rtt50_loss0_bw10,edgecc_no_prand,1,true,4194304,14153541,296343,743,1,660,0,20080,28032,48112
rtt50_loss0_bw10,edgecc_no_prand,2,true,4194304,14153541,296343,743,1,660,0,20080,28032,48112
rtt50_loss0_bw10,edgecc_loss_blind,0,true,4194304,14153541,296343,743,1,660,0,20080,28032,48112
rtt50_loss0_bw10,edgecc_loss_blind,1,true,4194304,14153541,296343,743,1,660,0,20080,28032,48112
rtt50_loss0_bw10,edgecc_loss_blind,2,true,4194304,14153541,296343,743,1,660,0,20080,28032,48112
rtt50_loss0_bw10,edgecc_prior,0,true,4194304,3841444,1091856,1862,0,1862,0,30592,48112,49056
rtt50_loss0_bw10,edgecc_prior,1,true,4194304,3841444,1091856,1862,0,1862,0,30592,48112,49056
rtt50_loss0_bw10,edgecc_prior,2,true,4194304,3841444,1091856,1862,0,1862,0,30592,48112,49056
rtt50_loss0_bw10,bbr3ref,0,true,4194304,4098159,1023460,2764,2,2742,0,48090,48976,49024
rtt50_loss0_bw10,bbr3ref,1,true,4194304,4098159,1023460,2764,2,2742,0,48090,48976,49024
rtt50_loss0_bw10,bbr3ref,2,true,4194304,4098159,1023460,2764,2,2742,0,48090,48976,49024
rtt50_loss0_bw10,lossblindref,0,true,4194304,14153541,296343,743,1,660,0,20080,28032,48112
rtt50_loss0_bw10,lossblindref,1,true,4194304,14153541,296343,743,1,660,0,20080,28032,48112
rtt50_loss0_bw10,lossblindref,2,true,4194304,14153541,296343,743,1,660,0,20080,28032,48112
rtt50_loss0_bw10,cubicref,0,true,4194304,3868462,1084230,270,1,238,0,33291,48374,48919
rtt50_loss0_bw10,cubicref,1,true,4194304,3868462,1084230,270,1,238,0,33291,48374,48919
rtt50_loss0_bw10,cubicref,2,true,4194304,3868462,1084230,270,1,238,0,33291,48374,48919
rtt50_loss0_bw10,newrenoref,0,true,4194304,3626064,1156709,111,0,111,0,22416,48112,48481
rtt50_loss0_bw10,newrenoref,1,true,4194304,3626064,1156709,111,0,111,0,22416,48112,48481
rtt50_loss0_bw10,newrenoref,2,true,4194304,3626064,1156709,111,0,111,0,22416,48112,48481
rtt50_loss0_bw100,edgecc,0,true,4194304,5217847,803838,1936,1,1936,0,39660,50061,50073
rtt50_loss0_bw100,edgecc,1,true,4194304,5217847,803838,1936,1,1936,0,39660,50061,50073
rtt50_loss0_bw100,edgecc,2,true,4194304,5217847,803838,1936,1,1936,0,39660,50061,50073
rtt50_loss0_bw100,edgecc_no_probe,0,true,4194304,7178295,584303,1928,1,1928,0,32459,50036,50066
rtt50_loss0_bw100,edgecc_no_probe,1,true,4194304,7178295,584303,1928,1,1928,0,32459,50036,50066
rtt50_loss0_bw100,edgecc_no_probe,2,true,4194304,7178295,584303,1928,1,1928,0,32459,50036,50066
rtt50_loss0_bw100,edgecc_no_utility,0,true,4194304,2342862,1790247,2118,1,2118,0,33368,50054,50072
rtt50_loss0_bw100,edgecc_no_utility,1,true,4194304,2342862,1790247,2118,1,2118,0,33368,50054,50072
rtt50_loss0_bw100,edgecc_no_utility,2,true,4194304,2342862,1790247,2118,1,2118,0,33368,50054,50072
rtt50_loss0_bw100,edgecc_no_belief,0,true,4194304,1710258,2452439,1968,1,1968,0,41245,50059,50072
rtt50_loss0_bw100,edgecc_no_belief,1,true,4194304,1710258,2452439,1968,1,1968,0,41245,50059,50072
rtt50_loss0_bw100,edgecc_no_belief,2,true,4194304,1710258,2452439,1968,1,1968,0,41245,50059,50072
rtt50_loss0_bw100,edgecc_no_plateau,0,true,4194304,5217847,803838,1936,1,1936,0,39660,50061,50073
rtt50_loss0_bw100,edgecc_no_plateau,1,true,4194304,5217847,803838,1936,1,1936,0,39660,50061,50073
rtt50_loss0_bw100,edgecc_no_plateau,2,true,4194304,5217847,803838,1936,1,1936,0,39660,50061,50073
rtt50_loss0_bw100,edgecc_no_prand,0,true,4194304,5217847,803838,1936,1,1936,0,39660,50061,50073
rtt50_loss0_bw100,edgecc_no_prand,1,true,4194304,5217847,803838,1936,1,1936,0,39660,50061,50073
rtt50_loss0_bw100,edgecc_no_prand,2,true,4194304,5217847,803838,1936,1,1936,0,39660,50061,50073
rtt50_loss0_bw100,edgecc_loss_blind,0,true,4194304,5217847,803838,1936,1,1936,0,39660,50061,50073
rtt50_loss0_bw100,edgecc_loss_blind,1,true,4194304,5217847,803838,1936,1,1936,0,39660,50061,50073
rtt50_loss0_bw100,edgecc_loss_blind,2,true,4194304,5217847,803838,1936,1,1936,0,39660,50061,50073
rtt50_loss0_bw100,edgecc_prior,0,true,4194304,4240044,989212,2075,1,2075,0,23073,50045,50069
rtt50_loss0_bw100,edgecc_prior,1,true,4194304,4240044,989212,2075,1,2075,0,23073,50045,50069
rtt50_loss0_bw100,edgecc_prior,2,true,4194304,4240044,989212,2075,1,2075,0,23073,50045,50069
rtt50_loss0_bw100,bbr3ref,0,true,4194304,1100446,3811458,2172,1,2172,0,36731,50056,50072
rtt50_loss0_bw100,bbr3ref,1,true,4194304,1100446,3811458,2172,1,2172,0,36731,50056,50072
rtt50_loss0_bw100,bbr3ref,2,true,4194304,1100446,3811458,2172,1,2172,0,36731,50056,50072
rtt50_loss0_bw100,lossblindref,0,true,4194304,5217847,803838,1936,1,1936,0,39660,50061,50073
rtt50_loss0_bw100,lossblindref,1,true,4194304,5217847,803838,1936,1,1936,0,39660,50061,50073
rtt50_loss0_bw100,lossblindref,2,true,4194304,5217847,803838,1936,1,1936,0,39660,50061,50073
rtt50_loss0_bw100,cubicref,0,true,4194304,1149722,3648102,553,1,553,0,9556,50036,50066
rtt50_loss0_bw100,cubicref,1,true,4194304,1149722,3648102,553,1,553,0,9556,50036,50066
rtt50_loss0_bw100,cubicref,2,true,4194304,1149722,3648102,553,1,553,0,9556,50036,50066
rtt50_loss0_bw100,newrenoref,0,true,4194304,1175430,3568314,553,1,553,0,9556,50036,50066
rtt50_loss0_bw100,newrenoref,1,true,4194304,1175430,3568314,553,1,553,0,9556,50036,50066
rtt50_loss0_bw100,newrenoref,2,true,4194304,1175430,3568314,553,1,553,0,9556,50036,50066
rtt50_loss0_bw1000,edgecc,0,true,4194304,288334,14546685,0,0,0,0,11196,21528,22452
rtt50_loss0_bw1000,edgecc,1,true,4194304,288334,14546685,0,0,0,0,11196,21528,22452
rtt50_loss0_bw1000,edgecc,2,true,4194304,288334,14546685,0,0,0,0,11196,21528,22452
rtt50_loss0_bw1000,edgecc_no_probe,0,true,4194304,288382,14544264,0,0,0,0,11244,21576,22500
rtt50_loss0_bw1000,edgecc_no_probe,1,true,4194304,288382,14544264,0,0,0,0,11244,21576,22500
rtt50_loss0_bw1000,edgecc_no_probe,2,true,4194304,288382,14544264,0,0,0,0,11244,21576,22500
rtt50_loss0_bw1000,edgecc_no_utility,0,true,4194304,288322,14547290,0,0,0,0,12579,24207,25239
rtt50_loss0_bw1000,edgecc_no_utility,1,true,4194304,288322,14547290,0,0,0,0,12579,24207,25239
rtt50_loss0_bw1000,edgecc_no_utility,2,true,4194304,288322,14547290,0,0,0,0,12579,24207,25239
rtt50_loss0_bw1000,edgecc_no_belief,0,true,4194304,238370,17595771,0,0,0,0,14052,26964,28116
rtt50_loss0_bw1000,edgecc_no_belief,1,true,4194304,238370,17595771,0,0,0,0,14052,26964,28116
rtt50_loss0_bw1000,edgecc_no_belief,2,true,4194304,238370,17595771,0,0,0,0,14052,26964,28116
rtt50_loss0_bw1000,edgecc_no_plateau,0,true,4194304,288334,14546685,0,0,0,0,11196,21528,22452
rtt50_loss0_bw1000,edgecc_no_plateau,1,true,4194304,288334,14546685,0,0,0,0,11196,21528,22452
rtt50_loss0_bw1000,edgecc_no_plateau,2,true,4194304,288334,14546685,0,0,0,0,11196,21528,22452
rtt50_loss0_bw1000,edgecc_no_prand,0,true,4194304,288334,14546685,0,0,0,0,11196,21528,22452
rtt50_loss0_bw1000,edgecc_no_prand,1,true,4194304,288334,14546685,0,0,0,0,11196,21528,22452
rtt50_loss0_bw1000,edgecc_no_prand,2,true,4194304,288334,14546685,0,0,0,0,11196,21528,22452
rtt50_loss0_bw1000,edgecc_loss_blind,0,true,4194304,288334,14546685,0,0,0,0,11196,21528,22452
rtt50_loss0_bw1000,edgecc_loss_blind,1,true,4194304,288334,14546685,0,0,0,0,11196,21528,22452
rtt50_loss0_bw1000,edgecc_loss_blind,2,true,4194304,288334,14546685,0,0,0,0,11196,21528,22452
rtt50_loss0_bw1000,edgecc_prior,0,true,4194304,114498,36632115,0,0,0,0,12,11112,12384
rtt50_loss0_bw1000,edgecc_prior,1,true,4194304,114498,36632115,0,0,0,0,12,11112,12384
rtt50_loss0_bw1000,edgecc_prior,2,true,4194304,114498,36632115,0,0,0,0,12,11112,12384
rtt50_loss0_bw1000,bbr3ref,0,true,4194304,138940,30187879,0,0,0,0,14328,27252,28392
rtt50_loss0_bw1000,bbr3ref,1,true,4194304,138940,30187879,0,0,0,0,14328,27252,28392
rtt50_loss0_bw1000,bbr3ref,2,true,4194304,138940,30187879,0,0,0,0,14328,27252,28392
rtt50_loss0_bw1000,lossblindref,0,true,4194304,288334,14546685,0,0,0,0,11196,21528,22452
rtt50_loss0_bw1000,lossblindref,1,true,4194304,288334,14546685,0,0,0,0,11196,21528,22452
rtt50_loss0_bw1000,lossblindref,2,true,4194304,288334,14546685,0,0,0,0,11196,21528,22452
rtt50_loss0_bw1000,cubicref,0,true,4194304,612359,6849420,0,0,0,0,12,12,12
rtt50_loss0_bw1000,cubicref,1,true,4194304,612359,6849420,0,0,0,0,12,12,12
rtt50_loss0_bw1000,cubicref,2,true,4194304,612359,6849420,0,0,0,0,12,12,12
rtt50_loss0_bw1000,newrenoref,0,true,4194304,612359,6849420,0,0,0,0,12,12,12
rtt50_loss0_bw1000,newrenoref,1,true,4194304,612359,6849420,0,0,0,0,12,12,12
rtt50_loss0_bw1000,newrenoref,2,true,4194304,612359,6849420,0,0,0,0,12,12,12
rtt50_loss0.1_bw10,edgecc,0,true,4194304,25592497,163888,1443,2,1350,0,1168,48048,48908
rtt50_loss0.1_bw10,edgecc,1,true,4194304,20854453,201122,1514,2,1409,0,1168,48075,48707
rtt50_loss0.1_bw10,edgecc,2,true,4194304,14045909,298613,712,2,659,0,9344,24309,48112
rtt50_loss0.1_bw10,edgecc_no_probe,0,true,4194304,13985062,299913,1155,1,1143,0,1168,40209,48465
rtt50_loss0.1_bw10,edgecc_no_probe,1,true,4194304,19833608,211474,1420,2,1378,0,1168,48064,48696
rtt50_loss0.1_bw10,edgecc_no_probe,2,true,4194304,10213398,410666,694,2,684,0,20080,23968,48112
rtt50_loss0.1_bw10,edgecc_no_utility,0,true,4194304,11678781,359138,1155,1,1141,0,1168,48048,49056
rtt50_loss0.1_bw10,edgecc_no_utility,1,true,4194304,17481389,239929,1609,2,1589,0,1168,48112,48992
rtt50_loss0.1_bw10,edgecc_no_utility,2,true,4194304,7821109,536279,703,1,693,0,6064,35040,48315
rtt50_loss0.1_bw10,edgecc_no_belief,0,true,4194304,21523487,194871,1297,2,1253,0,1168,46944,48697
rtt50_loss0.1_bw10,edgecc_no_belief,1,true,4194304,28075300,149394,1300,3,1252,0,1168,44894,48697
rtt50_loss0.1_bw10,edgecc_no_belief,2,true,4194304,27722996,151293,1296,2,1251,0,1168,44608,48697
rtt50_loss0.1_bw10,edgecc_no_plateau,0,true,4194304,31739397,132148,1454,2,1283,0,1168,47924,48803
rtt50_loss0.1_bw10,edgecc_no_plateau,1,true,4194304,19665413,213283,1380,2,1320,0,1168,48042,48692
rtt50_loss0.1_bw10,edgecc_no_plateau,2,true,4194304,14045909,298613,712,2,659,0,9344,24309,48112
rtt50_loss0.1_bw10,edgecc_no_prand,0,true,4194304,25592497,163888,1443,2,1350,0,1168,48048,48908
rtt50_loss0.1_bw10,edgecc_no_prand,1,true,4194304,20854453,201122,1514,2,1409,0,1168,48075,48707
rtt50_loss0.1_bw10,edgecc_no_prand,2,true,4194304,14045909,298613,712,2,659,0,9344,24309,48112
rtt50_loss0.1_bw10,edgecc_loss_blind,0,true,4194304,27475877,152654,1458,1,1375,0,1168,48091,48949
rtt50_loss0.1_bw10,edgecc_loss_blind,1,true,4194304,20854453,201122,1514,2,1409,0,1168,48075,48707
rtt50_loss0.1_bw10,edgecc_loss_blind,2,true,4194304,14045909,298613,712,2,659,0,9344,24309,48112
rtt50_loss0.1_bw10,edgecc_prior,0,true,4194304,8747820,479468,1134,1,1124,0,1168,42272,48112
rtt50_loss0.1_bw10,edgecc_prior,1,true,4194304,13211292,317478,1137,2,1123,0,1168,42272,48112
rtt50_loss0.1_bw10,edgecc_prior,2,true,4194304,11990100,349813,1132,1,1122,0,6064,42272,48112
rtt50_loss0.1_bw10,bbr3ref,0,true,4194304,12919567,324647,23382,29,2742,0,48090,48976,49024
rtt50_loss0.1_bw10,bbr3ref,1,true,4194304,15504672,270518,36538,37,2742,0,48090,48976,49024
rtt50_loss0.1_bw10,bbr3ref,2,true,4194304,15504672,270518,36538,37,2742,0,48090,48976,49024
rtt50_loss0.1_bw10,lossblindref,0,true,4194304,27475877,152654,1458,1,1375,0,1168,48091,48949
rtt50_loss0.1_bw10,lossblindref,1,true,4194304,20854453,201122,1514,2,1409,0,1168,48075,48707
rtt50_loss0.1_bw10,lossblindref,2,true,4194304,14045909,298613,712,2,659,0,9344,24309,48112
rtt50_loss0.1_bw10,cubicref,0,true,4194304,3914420,1071500,274,1,242,0,11744,48298,48913
rtt50_loss0.1_bw10,cubicref,1,true,4194304,3875294,1082318,185,1,168,0,24018,48112,48767
rtt50_loss0.1_bw10,cubicref,2,true,4194304,4167224,1006498,332,2,295,0,28436,48553,48927
rtt50_loss0.1_bw10,newrenoref,0,true,4194304,5842698,717871,115,0,115,0,1168,48112,48481
rtt50_loss0.1_bw10,newrenoref,1,true,4194304,4501537,931749,80,0,80,0,1168,34918,48180
rtt50_loss0.1_bw10,newrenoref,2,true,4194304,3754276,1117207,113,0,113,0,17204,48112,48481
rtt50_loss0.1_bw100,edgecc,0,true,4194304,21949465,191089,1949,3,1936,0,39660,50061,50073
rtt50_loss0.1_bw100,edgecc,1,true,4194304,6635269,632122,1954,3,1936,0,39657,50061,50073
rtt50_loss0.1_bw100,edgecc,2,true,4194304,4502446,931561,1943,1,1936,0,39660,50061,50073
rtt50_loss0.1_bw100,edgecc_no_probe,0,true,4194304,21123111,198564,1945,3,1928,0,32459,50036,50066
rtt50_loss0.1_bw100,edgecc_no_probe,1,true,4194304,5700102,735829,1943,2,1928,0,32459,50036,50066
rtt50_loss0.1_bw100,edgecc_no_probe,2,true,4194304,7932753,528732,1937,1,1928,0,32459,50036,50066
rtt50_loss0.1_bw100,edgecc_no_utility,0,true,4194304,15372303,272848,2127,2,2118,0,33368,50054,50072
rtt50_loss0.1_bw100,edgecc_no_utility,1,true,4194304,3557909,1178867,2124,1,2118,0,33368,50054,50072
rtt50_loss0.1_bw100,edgecc_no_utility,2,true,4194304,2741842,1529739,2127,1,2118,0,33368,50054,50072
rtt50_loss0.1_bw100,edgecc_no_belief,0,true,4194304,1300797,3224410,1972,1,1968,0,41245,50059,50072
rtt50_loss0.1_bw100,edgecc_no_belief,1,true,4194304,1300680,3224700,1971,1,1968,0,41128,50059,50072
rtt50_loss0.1_bw100,edgecc_no_belief,2,true,4194304,1250797,3353305,1969,1,1968,0,41245,50059,50072
rtt50_loss0.1_bw100,edgecc_no_plateau,0,true,4194304,21949465,191089,1949,3,1936,0,39660,50061,50073
rtt50_loss0.1_bw100,edgecc_no_plateau,1,true,4194304,6635269,632122,1954,3,1936,0,39657,50061,50073
rtt50_loss0.1_bw100,edgecc_no_plateau,2,true,4194304,4502446,931561,1943,1,1936,0,39660,50061,50073
rtt50_loss0.1_bw100,edgecc_no_prand,0,true,4194304,21949465,191089,1949,3,1936,0,39660,50061,50073
rtt50_loss0.1_bw100,edgecc_no_prand,1,true,4194304,6635269,632122,1954,3,1936,0,39657,50061,50073
rtt50_loss0.1_bw100,edgecc_no_prand,2,true,4194304,4502446,931561,1943,1,1936,0,39660,50061,50073
rtt50_loss0.1_bw100,edgecc_loss_blind,0,true,4194304,21949465,191089,1949,3,1936,0,39660,50061,50073
rtt50_loss0.1_bw100,edgecc_loss_blind,1,true,4194304,5609618,747698,1954,3,1936,0,39657,50061,50073
rtt50_loss0.1_bw100,edgecc_loss_blind,2,true,4194304,4502446,931561,1943,1,1936,0,39660,50061,50073
rtt50_loss0.1_bw100,edgecc_prior,0,true,4194304,21338804,196557,2088,3,2075,0,23073,50045,50069
rtt50_loss0.1_bw100,edgecc_prior,1,true,4194304,2453722,1709363,2082,1,2076,0,23190,50045,50069
rtt50_loss0.1_bw100,edgecc_prior,2,true,4194304,5692067,736868,2080,1,2075,0,23073,50045,50069
rtt50_loss0.1_bw100,bbr3ref,0,true,4194304,1100914,3809838,2176,1,2172,0,36731,50056,50072
rtt50_loss0.1_bw100,bbr3ref,1,true,4194304,1100797,3810242,2175,1,2172,0,36731,50056,50072
rtt50_loss0.1_bw100,bbr3ref,2,true,4194304,1100563,3811053,2173,1,2172,0,36731,50056,50072
rtt50_loss0.1_bw100,lossblindref,0,true,4194304,21949465,191089,1949,3,1936,0,39660,50061,50073
rtt50_loss0.1_bw100,lossblindref,1,true,4194304,5609618,747698,1954,3,1936,0,39657,50061,50073
rtt50_loss0.1_bw100,lossblindref,2,true,4194304,4502446,931561,1943,1,1936,0,39660,50061,50073
rtt50_loss0.1_bw100,cubicref,0,true,4194304,743012,5645001,82,0,82,0,20704,45218,50012
rtt50_loss0.1_bw100,cubicref,1,true,4194304,2657793,1578115,5,0,5,0,117,117,117
rtt50_loss0.1_bw100,cubicref,2,true,4194304,786681,5331645,3,0,3,0,117,635,2675
rtt50_loss0.1_bw100,newrenoref,0,true,4194304,753896,5563504,82,0,82,0,117,45218,50012
rtt50_loss0.1_bw100,newrenoref,1,true,4194304,4696134,893139,5,0,5,0,117,117,117
rtt50_loss0.1_bw100,newrenoref,2,true,4194304,1076214,3897276,3,0,3,0,117,635,2675
rtt50_loss0.1_bw1000,edgecc,0,true,4194304,329852,12715714,4,0,4,0,11172,21480,22404
rtt50_loss0.1_bw1000,edgecc,1,true,4194304,330152,12704160,5,0,5,0,11160,21468,22392
rtt50_loss0.1_bw1000,edgecc,2,true,4194304,333344,12582509,3,0,3,0,11172,21492,22416
rtt50_loss0.1_bw1000,edgecc_no_probe,0,true,4194304,329168,12742137,4,0,4,0,11220,21528,22452
rtt50_loss0.1_bw1000,edgecc_no_probe,1,true,4194304,330200,12702313,5,0,5,0,11208,21516,22440
rtt50_loss0.1_bw1000,edgecc_no_probe,2,true,4194304,333392,12580697,3,0,3,0,11220,21540,22464
rtt50_loss0.1_bw1000,edgecc_no_utility,0,true,4194304,329840,12716177,4,0,4,0,12555,24159,25191
rtt50_loss0.1_bw1000,edgecc_no_utility,1,true,4194304,330140,12704622,5,0,5,0,12543,24147,25179
rtt50_loss0.1_bw1000,edgecc_no_utility,2,true,4194304,333332,12582962,3,0,3,0,12555,24171,25203
rtt50_loss0.1_bw1000,edgecc_no_belief,0,true,4194304,276060,15193450,4,0,4,0,14028,26916,28068
rtt50_loss0.1_bw1000,edgecc_no_belief,1,true,4194304,280188,14969606,5,0,5,0,14016,26904,28056
rtt50_loss0.1_bw1000,edgecc_no_belief,2,true,4194304,283380,14800988,3,0,3,0,14028,26928,28080
rtt50_loss0.1_bw1000,edgecc_no_plateau,0,true,4194304,329852,12715714,4,0,4,0,11172,21480,22404
rtt50_loss0.1_bw1000,edgecc_no_plateau,1,true,4194304,330152,12704160,5,0,5,0,11160,21468,22392
rtt50_loss0.1_bw1000,edgecc_no_plateau,2,true,4194304,333344,12582509,3,0,3,0,11172,21492,22416
rtt50_loss0.1_bw1000,edgecc_no_prand,0,true,4194304,329852,12715714,4,0,4,0,11172,21480,22404
rtt50_loss0.1_bw1000,edgecc_no_prand,1,true,4194304,330152,12704160,5,0,5,0,11160,21468,22392
rtt50_loss0.1_bw1000,edgecc_no_prand,2,true,4194304,333344,12582509,3,0,3,0,11172,21492,22416
rtt50_loss0.1_bw1000,edgecc_loss_blind,0,true,4194304,329852,12715714,4,0,4,0,11172,21480,22404
rtt50_loss0.1_bw1000,edgecc_loss_blind,1,true,4194304,330152,12704160,5,0,5,0,11160,21468,22392
rtt50_loss0.1_bw1000,edgecc_loss_blind,2,true,4194304,333344,12582509,3,0,3,0,11172,21492,22416
rtt50_loss0.1_bw1000,edgecc_prior,0,true,4194304,152260,27546985,4,0,4,0,12,11100,12372
rtt50_loss0.1_bw1000,edgecc_prior,1,true,4194304,156352,26826033,5,0,5,0,12,11088,12360
rtt50_loss0.1_bw1000,edgecc_prior,2,true,4194304,159532,26291302,3,0,3,0,12,11100,12372
rtt50_loss0.1_bw1000,bbr3ref,0,true,4194304,176630,23746271,4,0,4,0,14304,27204,28344
rtt50_loss0.1_bw1000,bbr3ref,1,true,4194304,180758,23203974,5,0,5,0,14292,27192,28332
rtt50_loss0.1_bw1000,bbr3ref,2,true,4194304,183950,22801326,3,0,3,0,14304,27216,28356
rtt50_loss0.1_bw1000,lossblindref,0,true,4194304,329852,12715714,4,0,4,0,11172,21480,22404
rtt50_loss0.1_bw1000,lossblindref,1,true,4194304,330152,12704160,5,0,5,0,11160,21468,22392
rtt50_loss0.1_bw1000,lossblindref,2,true,4194304,333344,12582509,3,0,3,0,11172,21492,22416
rtt50_loss0.1_bw1000,cubicref,0,true,4194304,647422,6478469,4,0,4,0,12,12,12
rtt50_loss0.1_bw1000,cubicref,1,true,4194304,2652270,1581401,5,0,5,0,12,12,12
rtt50_loss0.1_bw1000,cubicref,2,true,4194304,785372,5340531,3,0,3,0,12,12,12
rtt50_loss0.1_bw1000,newrenoref,0,true,4194304,725227,5783436,4,0,4,0,12,12,12
rtt50_loss0.1_bw1000,newrenoref,1,true,4194304,4686175,895037,5,0,5,0,12,12,12
rtt50_loss0.1_bw1000,newrenoref,2,true,4194304,1072475,3910864,3,0,3,0,12,12,12
rtt50_loss1_bw10,edgecc,0,true,4194304,25075020,167270,1322,9,1240,0,1168,47900,48487
rtt50_loss1_bw10,edgecc,1,true,4194304,17764769,236102,892,8,820,0,1168,43691,48586
rtt50_loss1_bw10,edgecc,2,true,4194304,27441095,152847,1558,10,1465,0,1168,48112,48920
rtt50_loss1_bw10,edgecc_no_probe,0,true,4194304,24341484,172310,1402,7,1330,0,1168,48012,48460
rtt50_loss1_bw10,edgecc_no_probe,1,true,4194304,20084254,208835,961,9,927,0,1168,44228,48566
rtt50_loss1_bw10,edgecc_no_probe,2,true,4194304,24021668,174605,1131,10,1093,0,1168,47548,48665
rtt50_loss1_bw10,edgecc_no_utility,0,true,4194304,20308792,206526,1384,6,1355,0,1168,48112,48909
rtt50_loss1_bw10,edgecc_no_utility,1,true,4194304,16424844,255363,1095,10,1049,0,1168,46944,48869
rtt50_loss1_bw10,edgecc_no_utility,2,true,4194304,28855540,145355,1530,10,1482,0,1168,48112,48929
rtt50_loss1_bw10,edgecc_no_belief,0,true,4194304,28716484,146059,1333,8,1263,0,1168,44894,48697
rtt50_loss1_bw10,edgecc_no_belief,1,true,4194304,28561444,146851,1333,5,1267,0,1168,44894,48697
rtt50_loss1_bw10,edgecc_no_belief,2,true,4194304,28629579,146502,1343,9,1264,0,1168,44894,48697
rtt50_loss1_bw10,edgecc_no_plateau,0,true,4194304,28119376,149160,1200,7,1121,0,1168,46944,48480
rtt50_loss1_bw10,edgecc_no_plateau,1,true,4194304,17764769,236102,892,8,820,0,1168,43691,48586
rtt50_loss1_bw10,edgecc_no_plateau,2,true,4194304,29442787,142456,1459,11,1356,0,1168,48030,48865
rtt50_loss1_bw10,edgecc_no_prand,0,true,4194304,25075020,167270,1322,9,1240,0,1168,47900,48487
rtt50_loss1_bw10,edgecc_no_prand,1,true,4194304,17764769,236102,892,8,820,0,1168,43691,48586
rtt50_loss1_bw10,edgecc_no_prand,2,true,4194304,27441095,152847,1558,10,1465,0,1168,48112,48920
rtt50_loss1_bw10,edgecc_loss_blind,0,true,4194304,24997566,167788,1323,9,1240,0,1168,47949,48645
rtt50_loss1_bw10,edgecc_loss_blind,1,true,4194304,20296101,206655,1498,12,1403,0,1168,48064,48818
rtt50_loss1_bw10,edgecc_loss_blind,2,true,4194304,27876635,150459,1476,9,1383,0,1168,48091,48914
rtt50_loss1_bw10,edgecc_prior,0,true,4194304,26268512,159670,1399,7,1369,0,1168,48096,48699
rtt50_loss1_bw10,edgecc_prior,1,true,4194304,19203942,218408,1292,8,1259,0,1168,45776,48553
rtt50_loss1_bw10,edgecc_prior,2,true,4194304,28191518,148778,1446,11,1397,0,1168,48112,48784
rtt50_loss1_bw10,bbr3ref,0,true,4194304,15505620,270502,36574,37,2742,0,48090,48976,49024
rtt50_loss1_bw10,bbr3ref,1,true,4194304,15505840,270498,36544,37,2742,0,48090,48976,49024
rtt50_loss1_bw10,bbr3ref,2,true,4194304,15505620,270502,36573,37,2742,0,48090,48976,49024
rtt50_loss1_bw10,lossblindref,0,true,4194304,24997566,167788,1323,9,1240,0,1168,47949,48645
rtt50_loss1_bw10,lossblindref,1,true,4194304,20296101,206655,1498,12,1403,0,1168,48064,48818
rtt50_loss1_bw10,lossblindref,2,true,4194304,27876635,150459,1476,9,1383,0,1168,48091,48914
rtt50_loss1_bw10,cubicref,0,true,4194304,4634174,905081,256,1,227,0,1168,48112,48804
rtt50_loss1_bw10,cubicref,1,true,4194304,5293287,792381,205,1,187,0,4458,48112,48745
rtt50_loss1_bw10,cubicref,2,true,4194304,4809000,872177,254,1,222,0,1706,48112,48826
rtt50_loss1_bw10,newrenoref,0,true,4194304,14421169,290843,136,2,134,0,1168,47900,48514
rtt50_loss1_bw10,newrenoref,1,true,4194304,13782565,304319,110,2,108,0,1168,39936,48180
rtt50_loss1_bw10,newrenoref,2,true,4194304,25553767,164136,139,2,137,0,1168,47636,48481
rtt50_loss1_bw100,edgecc,0,true,4194304,17346065,241801,1981,10,1936,0,39657,50061,50073
rtt50_loss1_bw100,edgecc,1,true,4194304,9402776,446070,1988,8,1936,0,39537,50061,50073
rtt50_loss1_bw100,edgecc,2,true,4194304,18318238,228968,1985,11,1936,0,39654,50061,50073
rtt50_loss1_bw100,edgecc_no_probe,0,true,4194304,23379127,179403,1980,13,1928,0,32459,50036,50066
rtt50_loss1_bw100,edgecc_no_probe,1,true,4194304,14004661,299493,1992,11,1928,0,32443,50036,50066
rtt50_loss1_bw100,edgecc_no_probe,2,true,4194304,23145779,181212,1993,16,1928,0,32459,50036,50066
rtt50_loss1_bw100,edgecc_no_utility,0,true,4194304,14030164,298949,2155,6,2118,0,33368,50054,50072
rtt50_loss1_bw100,edgecc_no_utility,1,true,4194304,5811344,721744,2151,4,2118,0,33368,50054,50072
rtt50_loss1_bw100,edgecc_no_utility,2,true,4194304,13548201,309583,2161,8,2118,0,33368,50054,50072
rtt50_loss1_bw100,edgecc_no_belief,0,true,4194304,1501912,2792642,1990,1,1968,0,41128,50059,50072
rtt50_loss1_bw100,edgecc_no_belief,1,true,4194304,1501616,2793193,1990,1,1968,0,41128,50059,50072
rtt50_loss1_bw100,edgecc_no_belief,2,true,4194304,1501499,2793411,1989,1,1968,0,41128,50059,50072
rtt50_loss1_bw100,edgecc_no_plateau,0,true,4194304,17346065,241801,1981,10,1936,0,39657,50061,50073
rtt50_loss1_bw100,edgecc_no_plateau,1,true,4194304,9402776,446070,1988,8,1936,0,39537,50061,50073
rtt50_loss1_bw100,edgecc_no_plateau,2,true,4194304,18318238,228968,1985,11,1936,0,39654,50061,50073
rtt50_loss1_bw100,edgecc_no_prand,0,true,4194304,17346065,241801,1981,10,1936,0,39657,50061,50073
rtt50_loss1_bw100,edgecc_no_prand,1,true,4194304,9402776,446070,1988,8,1936,0,39537,50061,50073
rtt50_loss1_bw100,edgecc_no_prand,2,true,4194304,18318238,228968,1985,11,1936,0,39654,50061,50073
rtt50_loss1_bw100,edgecc_loss_blind,0,true,4194304,17346065,241801,1981,10,1936,0,39657,50061,50073
rtt50_loss1_bw100,edgecc_loss_blind,1,true,4194304,9405664,445933,1987,8,1936,0,39537,50061,50073
rtt50_loss1_bw100,edgecc_loss_blind,2,true,4194304,18318238,228968,1985,11,1936,0,39654,50061,50073
rtt50_loss1_bw100,edgecc_prior,0,true,4194304,22135538,189482,2127,12,2075,0,23073,50045,50069
rtt50_loss1_bw100,edgecc_prior,1,true,4194304,3105243,1350716,2098,1,2076,0,23190,50043,50069
rtt50_loss1_bw100,edgecc_prior,2,true,4194304,8507233,493027,2127,6,2075,0,23073,50043,50069
rtt50_loss1_bw100,bbr3ref,0,true,4194304,1103137,3802160,2195,1,2172,0,36731,50056,50072
rtt50_loss1_bw100,bbr3ref,1,true,4194304,1103137,3802160,2195,1,2172,0,36731,50056,50072
rtt50_loss1_bw100,bbr3ref,2,true,4194304,1103254,3801757,2196,1,2172,0,36731,50056,50072
rtt50_loss1_bw100,lossblindref,0,true,4194304,17346065,241801,1981,10,1936,0,39657,50061,50073
rtt50_loss1_bw100,lossblindref,1,true,4194304,9405664,445933,1987,8,1936,0,39537,50061,50073
rtt50_loss1_bw100,lossblindref,2,true,4194304,18318238,228968,1985,11,1936,0,39654,50061,50073
rtt50_loss1_bw100,cubicref,0,true,4194304,2372478,1767900,26,0,26,0,117,117,117
rtt50_loss1_bw100,cubicref,1,true,4194304,9417478,445374,34,1,33,0,117,117,117
rtt50_loss1_bw100,cubicref,2,true,4194304,1050117,3994130,31,1,30,0,1489,23106,27571
rtt50_loss1_bw100,newrenoref,0,true,4194304,9105676,460625,26,1,25,0,117,117,117
rtt50_loss1_bw100,newrenoref,1,true,4194304,14419973,290867,36,2,34,0,117,117,117
rtt50_loss1_bw100,newrenoref,2,true,4194304,14229799,294754,31,1,31,0,117,117,117
rtt50_loss1_bw1000,edgecc,0,true,4194304,335660,12495692,26,0,26,0,11040,21228,22140
rtt50_loss1_bw1000,edgecc,1,true,4194304,334364,12544125,34,0,34,0,10992,21132,22044
rtt50_loss1_bw1000,edgecc,2,true,4194304,337604,12423739,31,0,31,0,10992,21168,22080
rtt50_loss1_bw1000,edgecc_no_probe,0,true,4194304,335708,12493905,26,0,26,0,11088,21276,22188
rtt50_loss1_bw1000,edgecc_no_probe,1,true,4194304,334412,12542325,34,0,34,0,11040,21180,22092
rtt50_loss1_bw1000,edgecc_no_probe,2,true,4194304,337652,12421972,31,0,31,0,11040,21216,22128
rtt50_loss1_bw1000,edgecc_no_utility,0,true,4194304,335648,12496138,26,0,26,0,12423,23895,24927
rtt50_loss1_bw1000,edgecc_no_utility,1,true,4194304,334352,12544575,34,0,34,0,12375,23811,24831
rtt50_loss1_bw1000,edgecc_no_utility,2,true,4194304,337592,12424180,31,0,31,0,12375,23847,24867
rtt50_loss1_bw1000,edgecc_no_belief,0,true,4194304,285696,14681003,26,0,26,0,13896,26664,27804
rtt50_loss1_bw1000,edgecc_no_belief,1,true,4194304,284400,14747904,34,0,34,0,13848,26580,27708
rtt50_loss1_bw1000,edgecc_no_belief,2,true,4194304,287640,14581782,31,0,31,0,13848,26604,27744
rtt50_loss1_bw1000,edgecc_no_plateau,0,true,4194304,335660,12495692,26,0,26,0,11040,21228,22140
rtt50_loss1_bw1000,edgecc_no_plateau,1,true,4194304,334364,12544125,34,0,34,0,10992,21132,22044
rtt50_loss1_bw1000,edgecc_no_plateau,2,true,4194304,337604,12423739,31,0,31,0,10992,21168,22080
rtt50_loss1_bw1000,edgecc_no_prand,0,true,4194304,335660,12495692,26,0,26,0,11040,21228,22140
rtt50_loss1_bw1000,edgecc_no_prand,1,true,4194304,334364,12544125,34,0,34,0,10992,21132,22044
rtt50_loss1_bw1000,edgecc_no_prand,2,true,4194304,337604,12423739,31,0,31,0,10992,21168,22080
rtt50_loss1_bw1000,edgecc_loss_blind,0,true,4194304,335660,12495692,26,0,26,0,11040,21228,22140
rtt50_loss1_bw1000,edgecc_loss_blind,1,true,4194304,334364,12544125,34,0,34,0,10992,21132,22044
rtt50_loss1_bw1000,edgecc_loss_blind,2,true,4194304,337604,12423739,31,0,31,0,10992,21168,22080
rtt50_loss1_bw1000,edgecc_prior,0,true,4194304,162016,25888208,26,0,26,0,12,11004,12264
rtt50_loss1_bw1000,edgecc_prior,1,true,4194304,160768,26089171,34,0,34,0,12,10968,12216
rtt50_loss1_bw1000,edgecc_prior,2,true,4194304,164020,25571905,31,0,31,0,12,11004,12264
rtt50_loss1_bw1000,bbr3ref,0,true,4194304,186266,22517818,26,0,26,0,14172,26940,28080
rtt50_loss1_bw1000,bbr3ref,1,true,4194304,184970,22675590,34,0,34,0,14124,26856,27984
rtt50_loss1_bw1000,bbr3ref,2,true,4194304,188210,22285234,31,0,31,0,14136,26892,28020
rtt50_loss1_bw1000,lossblindref,0,true,4194304,335660,12495692,26,0,26,0,11040,21228,22140
rtt50_loss1_bw1000,lossblindref,1,true,4194304,334364,12544125,34,0,34,0,10992,21132,22044
rtt50_loss1_bw1000,lossblindref,2,true,4194304,337604,12423739,31,0,31,0,10992,21168,22080
rtt50_loss1_bw1000,cubicref,0,true,4194304,2367361,1771721,26,0,26,0,12,12,12
rtt50_loss1_bw1000,cubicref,1,true,4194304,9410221,445717,34,1,33,0,12,12,12
rtt50_loss1_bw1000,cubicref,2,true,4194304,780106,5376582,31,0,31,0,12,12,12
rtt50_loss1_bw1000,newrenoref,0,true,4194304,9086503,461597,26,1,25,0,12,12,12
rtt50_loss1_bw1000,newrenoref,1,true,4194304,14390148,291470,36,2,34,0,12,12,12
rtt50_loss1_bw1000,newrenoref,2,true,4194304,14200324,295366,31,1,31,0,12,12,12
rtt50_loss3_bw10,edgecc,0,true,4194304,22502125,186395,500,4,471,0,1168,46560,48656
rtt50_loss3_bw10,edgecc,1,true,4194304,31994952,131092,1037,19,962,0,1168,39662,48741
rtt50_loss3_bw10,edgecc,2,true,4194304,33517776,125136,1232,21,1138,0,1168,45776,48664
rtt50_loss3_bw10,edgecc_no_probe,0,true,4194304,24559094,170784,611,11,545,0,1168,40785,48662
rtt50_loss3_bw10,edgecc_no_probe,1,true,4194304,20042680,209268,203,8,167,0,1168,23266,38534
rtt50_loss3_bw10,edgecc_no_probe,2,true,4194304,21371001,196261,386,6,348,0,1168,37250,48678
rtt50_loss3_bw10,edgecc_no_utility,0,true,4194304,27668356,151592,1231,20,1132,0,1168,48112,48949
rtt50_loss3_bw10,edgecc_no_utility,1,true,4194304,16605167,252590,156,6,129,0,1168,24016,41104
rtt50_loss3_bw10,edgecc_no_utility,2,true,4194304,33100081,126715,1237,20,1146,0,1168,47850,48346
rtt50_loss3_bw10,edgecc_no_belief,0,true,4194304,29916458,140200,578,3,559,0,1168,23584,48400
rtt50_loss3_bw10,edgecc_no_belief,1,true,4194304,29296053,143169,376,4,349,0,1168,29424,48112
rtt50_loss3_bw10,edgecc_no_belief,2,true,4194304,30359056,138156,889,6,847,0,1168,27444,48424
rtt50_loss3_bw10,edgecc_no_plateau,0,true,4194304,22502125,186395,500,4,471,0,1168,46560,48656
rtt50_loss3_bw10,edgecc_no_plateau,1,true,4194304,31994952,131092,1037,19,962,0,1168,39662,48741
rtt50_loss3_bw10,edgecc_no_plateau,2,true,4194304,31328922,133879,987,18,907,0,1168,42272,48552
rtt50_loss3_bw10,edgecc_no_prand,0,true,4194304,22502125,186395,500,4,471,0,1168,46560,48656
rtt50_loss3_bw10,edgecc_no_prand,1,true,4194304,31994952,131092,1037,19,962,0,1168,39662,48741
rtt50_loss3_bw10,edgecc_no_prand,2,true,4194304,33517776,125136,1232,21,1138,0,1168,45776,48664
rtt50_loss3_bw10,edgecc_loss_blind,0,true,4194304,20039117,209305,1387,23,1273,0,1168,47904,48945
rtt50_loss3_bw10,edgecc_loss_blind,1,true,4194304,20459898,205001,663,10,599,0,1168,43664,48806
rtt50_loss3_bw10,edgecc_loss_blind,2,true,4194304,34012944,123314,1304,23,1200,0,1168,47900,48720
rtt50_loss3_bw10,edgecc_prior,0,true,4194304,26632295,157489,770,10,682,0,1168,36432,48387
rtt50_loss3_bw10,edgecc_prior,1,true,4194304,16663652,251703,355,3,335,0,1168,36432,48276
rtt50_loss3_bw10,edgecc_prior,2,true,4194304,32729462,128150,1404,28,1200,0,1168,26864,48990
rtt50_loss3_bw10,bbr3ref,0,true,4194304,16251168,258092,36709,38,2742,0,48090,48976,49024
rtt50_loss3_bw10,bbr3ref,1,true,4194304,11921972,351812,22512,28,2656,0,48112,48976,49028
rtt50_loss3_bw10,bbr3ref,2,true,4194304,9853504,425666,15249,23,2477,0,43440,48920,49024
rtt50_loss3_bw10,lossblindref,0,true,4194304,20039117,209305,1387,23,1273,0,1168,47904,48945
rtt50_loss3_bw10,lossblindref,1,true,4194304,20459898,205001,663,10,599,0,1168,43664,48806
rtt50_loss3_bw10,lossblindref,2,true,4194304,34012944,123314,1304,23,1200,0,1168,47900,48720
rtt50_loss3_bw10,cubicref,0,true,4194304,22303781,188053,90,2,87,0,1168,1168,1168
rtt50_loss3_bw10,cubicref,1,true,4194304,25985518,161409,93,3,90,0,1168,1168,1168
rtt50_loss3_bw10,cubicref,2,true,4194304,25905947,161905,101,4,98,0,1168,1168,1168
rtt50_loss3_bw10,newrenoref,0,true,4194304,36357371,115363,98,12,88,0,1168,1168,1168
rtt50_loss3_bw10,newrenoref,1,true,4194304,41300202,101556,100,16,89,0,1168,1168,1168
rtt50_loss3_bw10,newrenoref,2,true,4194304,46999947,89240,117,21,100,0,1168,1168,1168
rtt50_loss3_bw100,edgecc,0,true,4194304,1950819,2150022,1216,3,1173,0,2223,50037,50070
rtt50_loss3_bw100,edgecc,1,true,4194304,22155312,189313,2430,36,2252,0,23964,50031,50067
rtt50_loss3_bw100,edgecc,2,true,4194304,2250234,1863941,1816,4,1749,0,24804,50076,50076
rtt50_loss3_bw100,edgecc_no_probe,0,true,4194304,1450117,2892390,769,2,746,0,117,49238,50048
rtt50_loss3_bw100,edgecc_no_probe,1,true,4194304,1100351,3811787,341,1,335,0,234,35914,47495
rtt50_loss3_bw100,edgecc_no_probe,2,true,4194304,1451053,2890524,743,2,712,0,1170,49959,50058
rtt50_loss3_bw100,edgecc_no_utility,0,true,4194304,11292600,371420,2248,19,2118,0,33247,50054,50072
rtt50_loss3_bw100,edgecc_no_utility,1,true,4194304,3154563,1329599,2297,3,2080,0,12743,49601,50061
rtt50_loss3_bw100,edgecc_no_utility,2,true,4194304,23210496,180707,2448,40,2249,0,28740,50046,50070
rtt50_loss3_bw100,edgecc_no_belief,0,true,4194304,2452223,1710408,2036,4,1968,0,40878,50059,50072
rtt50_loss3_bw100,edgecc_no_belief,1,true,4194304,1619257,2590264,1663,2,1615,0,45472,50049,50071
rtt50_loss3_bw100,edgecc_no_belief,2,true,4194304,11949282,351008,2348,19,2223,0,27228,50043,50070
rtt50_loss3_bw100,edgecc_no_plateau,0,true,4194304,1950819,2150022,1216,3,1173,0,2223,50037,50070
rtt50_loss3_bw100,edgecc_no_plateau,1,true,4194304,22155312,189313,2430,36,2252,0,23964,50031,50067
rtt50_loss3_bw100,edgecc_no_plateau,2,true,4194304,2250234,1863941,1816,4,1749,0,24804,50076,50076
rtt50_loss3_bw100,edgecc_no_prand,0,true,4194304,1950819,2150022,1216,3,1173,0,2223,50037,50070
rtt50_loss3_bw100,edgecc_no_prand,1,true,4194304,22155312,189313,2430,36,2252,0,23964,50031,50067
rtt50_loss3_bw100,edgecc_no_prand,2,true,4194304,2250234,1863941,1816,4,1749,0,24804,50076,50076
rtt50_loss3_bw100,edgecc_loss_blind,0,true,4194304,1550819,2704573,1212,2,1173,0,2223,50037,50070
rtt50_loss3_bw100,edgecc_loss_blind,1,true,4194304,19020625,220513,2407,30,2251,0,23847,50028,50067
rtt50_loss3_bw100,edgecc_loss_blind,2,true,4194304,14840344,282628,2325,26,2175,0,31824,50076,50076
rtt50_loss3_bw100,edgecc_prior,0,true,4194304,10824197,387493,870,1,843,0,117,48314,50037
rtt50_loss3_bw100,edgecc_prior,1,true,4194304,1100234,3812192,248,1,243,0,117,37911,49482
rtt50_loss3_bw100,edgecc_prior,2,true,4194304,2250585,1863650,1098,4,1058,0,1872,45508,49529
rtt50_loss3_bw100,bbr3ref,0,true,4194304,1450234,2892156,2243,2,2172,0,36610,50056,50072
rtt50_loss3_bw100,bbr3ref,1,true,4194304,1450117,2892390,2230,2,2172,0,36610,50056,50072
rtt50_loss3_bw100,bbr3ref,2,true,4194304,1450329,2891967,2248,2,2172,0,36610,50056,50072
rtt50_loss3_bw100,lossblindref,0,true,4194304,1550819,2704573,1212,2,1173,0,2223,50037,50070
rtt50_loss3_bw100,lossblindref,1,true,4194304,19020625,220513,2407,30,2251,0,23847,50028,50067
rtt50_loss3_bw100,lossblindref,2,true,4194304,14840344,282628,2325,26,2175,0,31824,50076,50076
rtt50_loss3_bw100,cubicref,0,true,4194304,22381412,187401,90,1,89,0,117,117,117
rtt50_loss3_bw100,cubicref,1,true,4194304,25509865,164418,93,3,90,0,117,117,117
rtt50_loss3_bw100,cubicref,2,true,4194304,25392121,165181,101,4,98,0,117,117,117
rtt50_loss3_bw100,newrenoref,0,true,4194304,33081941,126785,98,12,88,0,117,117,117
rtt50_loss3_bw100,newrenoref,1,true,4194304,40488063,103593,100,16,89,0,117,117,117
rtt50_loss3_bw100,newrenoref,2,true,4194304,46078861,91024,117,21,100,0,117,117,117
rtt50_loss3_bw1000,edgecc,0,true,4194304,1050024,3994483,90,1,88,0,10680,20520,21408
rtt50_loss3_bw1000,edgecc,1,true,4194304,1050024,3994483,93,1,91,0,13116,25548,26676
rtt50_loss3_bw1000,edgecc,2,true,4194304,1450012,2892599,101,2,97,0,6394,12338,12862
rtt50_loss3_bw1000,edgecc_no_probe,0,true,4194304,1050024,3994483,90,1,88,0,10728,20568,21456
rtt50_loss3_bw1000,edgecc_no_probe,1,true,4194304,1050024,3994483,93,1,91,0,12960,25392,26520
rtt50_loss3_bw1000,edgecc_no_probe,2,true,4194304,1450012,2892599,101,2,97,0,7800,15036,15672
rtt50_loss3_bw1000,edgecc_no_utility,0,true,4194304,1050024,3994483,90,1,88,0,12051,23199,24195
rtt50_loss3_bw1000,edgecc_no_utility,1,true,4194304,21625613,193950,126,9,83,0,12,48,144
rtt50_loss3_bw1000,edgecc_no_utility,2,true,4194304,1450012,2892599,101,2,97,0,5126,9778,10190
rtt50_loss3_bw1000,edgecc_no_belief,0,true,4194304,1050024,3994483,90,1,88,0,13524,25956,27072
rtt50_loss3_bw1000,edgecc_no_belief,1,true,4194304,1050024,3994483,93,1,91,0,13500,25932,27048
rtt50_loss3_bw1000,edgecc_no_belief,2,true,4194304,1450012,2892599,101,2,97,0,7788,15024,15660
rtt50_loss3_bw1000,edgecc_no_plateau,0,true,4194304,1050024,3994483,90,1,88,0,10680,20520,21408
rtt50_loss3_bw1000,edgecc_no_plateau,1,true,4194304,1050024,3994483,93,1,91,0,13116,25548,26676
rtt50_loss3_bw1000,edgecc_no_plateau,2,true,4194304,1450012,2892599,101,2,97,0,6394,12338,12862
rtt50_loss3_bw1000,edgecc_no_prand,0,true,4194304,1050024,3994483,90,1,88,0,10680,20520,21408
rtt50_loss3_bw1000,edgecc_no_prand,1,true,4194304,1050024,3994483,93,1,91,0,13116,25548,26676
rtt50_loss3_bw1000,edgecc_no_prand,2,true,4194304,1450012,2892599,101,2,97,0,6394,12338,12862
rtt50_loss3_bw1000,edgecc_loss_blind,0,true,4194304,1050024,3994483,90,1,88,0,10680,20520,21408
rtt50_loss3_bw1000,edgecc_loss_blind,1,true,4194304,1050024,3994483,93,1,91,0,13128,25560,26676
rtt50_loss3_bw1000,edgecc_loss_blind,2,true,4194304,1450012,2892599,101,2,97,0,6394,12338,12862
rtt50_loss3_bw1000,edgecc_prior,0,true,4194304,1050024,3994483,90,1,88,0,12,8928,10164
rtt50_loss3_bw1000,edgecc_prior,1,true,4194304,1050048,3994392,93,1,89,0,12,3468,4584
rtt50_loss3_bw1000,edgecc_prior,2,true,4194304,1050036,3994438,101,1,98,0,12,2904,4116
rtt50_loss3_bw1000,bbr3ref,0,true,4194304,1050024,3994483,90,1,88,0,13800,26244,27348
rtt50_loss3_bw1000,bbr3ref,1,true,4194304,1050024,3994483,93,1,91,0,13764,26196,27312
rtt50_loss3_bw1000,bbr3ref,2,true,4194304,1450012,2892599,101,2,97,0,13740,26136,27240
rtt50_loss3_bw1000,lossblindref,0,true,4194304,1050024,3994483,90,1,88,0,10680,20520,21408
rtt50_loss3_bw1000,lossblindref,1,true,4194304,1050024,3994483,93,1,91,0,13128,25560,26676
rtt50_loss3_bw1000,lossblindref,2,true,4194304,1450012,2892599,101,2,97,0,6394,12338,12862
rtt50_loss3_bw1000,cubicref,0,true,4194304,22334845,187791,90,1,89,0,12,12,12
rtt50_loss3_bw1000,cubicref,1,true,4194304,25478023,164624,93,3,90,0,12,12,12
rtt50_loss3_bw1000,cubicref,2,true,4194304,25339268,165525,101,4,98,0,12,12,12
rtt50_loss3_bw1000,newrenoref,0,true,4194304,33014413,127044,98,12,88,0,12,12,12
rtt50_loss3_bw1000,newrenoref,1,true,4194304,40407167,103800,100,16,89,0,12,12,12
rtt50_loss3_bw1000,newrenoref,2,true,4194304,45987168,91205,117,21,100,0,12,12,12
rtt50_loss5_bw10,edgecc,0,true,4194304,31850037,131689,332,9,293,0,1168,18912,44640
rtt50_loss5_bw10,edgecc,1,true,4194304,29109228,144088,181,7,152,0,1168,15408,38502
rtt50_loss5_bw10,edgecc,2,true,4194304,30298795,138431,531,10,485,0,1168,4672,48038
rtt50_loss5_bw10,edgecc_no_probe,0,true,4194304,35345104,118667,354,16,283,0,1168,8076,44452
rtt50_loss5_bw10,edgecc_no_probe,1,true,4194304,34410141,121891,289,15,221,0,1168,10472,41907
rtt50_loss5_bw10,edgecc_no_probe,2,true,4194304,33925164,123634,358,12,303,0,1168,17032,46944
rtt50_loss5_bw10,edgecc_no_utility,0,true,4194304,38004968,110361,431,17,356,0,1168,5547,47882
rtt50_loss5_bw10,edgecc_no_utility,1,true,4194304,28812732,145571,181,7,152,0,1168,18688,39140
rtt50_loss5_bw10,edgecc_no_utility,2,true,4194304,26106709,160660,534,9,494,0,1168,9344,48105
rtt50_loss5_bw10,edgecc_no_belief,0,true,4194304,32176451,130353,609,11,554,0,1168,21248,48456
rtt50_loss5_bw10,edgecc_no_belief,1,true,4194304,36219807,115801,1142,30,1006,0,1168,14452,48423
rtt50_loss5_bw10,edgecc_no_belief,2,true,4194304,32041165,130903,961,11,893,0,1168,30948,48446
rtt50_loss5_bw10,edgecc_no_plateau,0,true,4194304,31850037,131689,332,9,293,0,1168,18912,44640
rtt50_loss5_bw10,edgecc_no_plateau,1,true,4194304,29109228,144088,181,7,152,0,1168,15408,38502
rtt50_loss5_bw10,edgecc_no_plateau,2,true,4194304,30298795,138431,531,10,485,0,1168,4672,48038
rtt50_loss5_bw10,edgecc_no_prand,0,true,4194304,31850037,131689,332,9,293,0,1168,18912,44640
rtt50_loss5_bw10,edgecc_no_prand,1,true,4194304,29109228,144088,181,7,152,0,1168,15408,38502
rtt50_loss5_bw10,edgecc_no_prand,2,true,4194304,30298795,138431,531,10,485,0,1168,4672,48038
rtt50_loss5_bw10,edgecc_loss_blind,0,true,4194304,28029772,149637,588,13,526,0,1168,34308,48552
rtt50_loss5_bw10,edgecc_loss_blind,1,true,4194304,30488698,137569,468,14,399,0,1168,42272,48644
rtt50_loss5_bw10,edgecc_loss_blind,2,true,4194304,35845874,117009,1432,31,1284,0,1168,47924,48776
rtt50_loss5_bw10,edgecc_prior,0,true,4194304,27214876,154118,211,10,159,0,1168,9344,30920
rtt50_loss5_bw10,edgecc_prior,1,true,4194304,24833857,168894,183,7,147,0,1168,21248,36608
rtt50_loss5_bw10,edgecc_prior,2,true,4194304,37748177,111112,1457,31,1245,0,1168,27672,48990
rtt50_loss5_bw10,bbr3ref,0,true,4194304,6252336,670837,5991,14,1927,0,34096,48724,48998
rtt50_loss5_bw10,bbr3ref,1,true,4194304,7854672,533988,9522,18,2451,0,47928,48888,49024
rtt50_loss5_bw10,bbr3ref,2,true,4194304,10252336,409107,15060,23,2437,0,43440,48880,49020
rtt50_loss5_bw10,lossblindref,0,true,4194304,28029772,149637,588,13,526,0,1168,34308,48552
rtt50_loss5_bw10,lossblindref,1,true,4194304,30488698,137569,468,14,399,0,1168,42272,48644
rtt50_loss5_bw10,lossblindref,2,true,4194304,35845874,117009,1432,31,1284,0,1168,47924,48776
rtt50_loss5_bw10,cubicref,0,true,4194304,37084128,113102,173,17,155,0,1168,1168,1168
rtt50_loss5_bw10,cubicref,1,true,4194304,37949117,110524,154,12,141,0,1168,1168,1168
rtt50_loss5_bw10,cubicref,2,true,4194304,35899322,116835,167,8,160,0,1168,1168,1168
rtt50_loss5_bw10,newrenoref,0,true,4194304,54324222,77208,201,45,162,0,1168,1168,1168
rtt50_loss5_bw10,newrenoref,1,true,4194304,56798963,73844,183,45,148,0,1168,1168,1168
rtt50_loss5_bw10,newrenoref,2,true,4194304,49711290,84373,181,30,157,0,1168,1168,1168
rtt50_loss5_bw100,edgecc,0,true,4194304,15850046,264624,193,8,154,0,117,11526,17892
rtt50_loss5_bw100,edgecc,1,true,4194304,28765226,145811,177,7,145,0,117,1851,6471
rtt50_loss5_bw100,edgecc,2,true,4194304,2750936,1524682,1873,5,1758,0,24804,50076,50076
rtt50_loss5_bw100,edgecc_no_probe,0,true,4194304,13243377,316709,193,8,158,0,117,16293,23133
rtt50_loss5_bw100,edgecc_no_probe,1,true,4194304,21920362,191342,1733,32,1576,0,4329,50076,50076
rtt50_loss5_bw100,edgecc_no_probe,2,true,4194304,1850329,2266788,795,3,742,0,468,49959,50058
rtt50_loss5_bw100,edgecc_no_utility,0,true,4194304,14200124,295370,193,8,157,0,117,13047,17004
rtt50_loss5_bw100,edgecc_no_utility,1,true,4194304,23469258,178714,174,5,146,0,117,2873,5298
rtt50_loss5_bw100,edgecc_no_utility,2,true,4194304,26853108,156194,2511,55,2249,0,28740,50046,50070
rtt50_loss5_bw100,edgecc_no_belief,0,true,4194304,1450117,2892390,329,2,304,0,40675,49918,50049
rtt50_loss5_bw100,edgecc_no_belief,1,true,4194304,3351521,1251462,2148,5,2039,0,15624,50034,50067
rtt50_loss5_bw100,edgecc_no_belief,2,true,4194304,16208255,258775,2427,32,2223,0,27228,50043,50070
rtt50_loss5_bw100,edgecc_no_plateau,0,true,4194304,15850046,264624,193,8,154,0,117,11526,17892
rtt50_loss5_bw100,edgecc_no_plateau,1,true,4194304,28765226,145811,177,7,145,0,117,1851,6471
rtt50_loss5_bw100,edgecc_no_plateau,2,true,4194304,2750936,1524682,1873,5,1758,0,24804,50076,50076
rtt50_loss5_bw100,edgecc_no_prand,0,true,4194304,15850046,264624,193,8,154,0,117,11526,17892
rtt50_loss5_bw100,edgecc_no_prand,1,true,4194304,28765226,145811,177,7,145,0,117,1851,6471
rtt50_loss5_bw100,edgecc_no_prand,2,true,4194304,2750936,1524682,1873,5,1758,0,24804,50076,50076
rtt50_loss5_bw100,edgecc_loss_blind,0,true,4194304,3499559,1198523,173,3,160,0,117,19587,23913
rtt50_loss5_bw100,edgecc_loss_blind,1,true,4194304,8663524,484133,176,7,142,0,117,24508,36664
rtt50_loss5_bw100,edgecc_loss_blind,2,true,4194304,19226963,218146,2399,39,2175,0,31824,50076,50076
rtt50_loss5_bw100,edgecc_prior,0,true,4194304,3967374,1057199,176,3,158,0,117,8958,20259
rtt50_loss5_bw100,edgecc_prior,1,true,4194304,1100234,3812192,153,1,148,0,117,18276,30081
rtt50_loss5_bw100,edgecc_prior,2,true,4194304,1200585,3493550,324,1,310,0,468,42936,48710
rtt50_loss5_bw100,bbr3ref,0,true,4194304,1500702,2794894,2309,2,2172,0,36493,50056,50072
rtt50_loss5_bw100,bbr3ref,1,true,4194304,1500351,2795548,2277,2,2172,0,36610,50056,50072
rtt50_loss5_bw100,bbr3ref,2,true,4194304,1500936,2794458,2304,2,2172,0,36610,50056,50072
rtt50_loss5_bw100,lossblindref,0,true,4194304,3499559,1198523,173,3,160,0,117,19587,23913
rtt50_loss5_bw100,lossblindref,1,true,4194304,8663524,484133,176,7,142,0,117,24508,36664
rtt50_loss5_bw100,lossblindref,2,true,4194304,19226963,218146,2399,39,2175,0,31824,50076,50076
rtt50_loss5_bw100,cubicref,0,true,4194304,35869543,116932,173,18,154,0,117,117,117
rtt50_loss5_bw100,cubicref,1,true,4194304,36822399,113906,154,11,142,0,117,117,117
rtt50_loss5_bw100,cubicref,2,true,4194304,35170303,119256,167,8,160,0,117,117,117
rtt50_loss5_bw100,newrenoref,0,true,4194304,53257303,78755,201,45,162,0,117,117,117
rtt50_loss5_bw100,newrenoref,1,true,4194304,55742188,75244,183,45,148,0,117,117,117
rtt50_loss5_bw100,newrenoref,2,true,4194304,48767005,86007,181,30,157,0,117,117,117
rtt50_loss5_bw1000,edgecc,0,true,4194304,1150072,3646992,171,1,161,0,6094,11648,12146
rtt50_loss5_bw1000,edgecc,1,true,4194304,4550888,921645,153,1,149,0,14,166,184
rtt50_loss5_bw1000,edgecc,2,true,4194304,1200048,3495113,164,1,151,0,6116,11704,12214
rtt50_loss5_bw1000,edgecc_no_probe,0,true,4194304,1150072,3646992,171,1,161,0,7500,14352,14964
rtt50_loss5_bw1000,edgecc_no_probe,1,true,4194304,12004620,349390,169,7,147,0,12,3312,4368
rtt50_loss5_bw1000,edgecc_no_probe,2,true,4194304,1200048,3495113,164,1,151,0,7512,14400,15024
rtt50_loss5_bw1000,edgecc_no_utility,0,true,4194304,1150072,3646992,171,1,161,0,6104,11658,12156
rtt50_loss5_bw1000,edgecc_no_utility,1,true,4194304,1100117,3812598,153,1,146,0,128,598,694
rtt50_loss5_bw1000,edgecc_no_utility,2,true,4194304,1200048,3495113,164,1,151,0,4858,9146,9542
rtt50_loss5_bw1000,edgecc_no_belief,0,true,4194304,1150072,3646992,171,1,161,0,6074,11628,12126
rtt50_loss5_bw1000,edgecc_no_belief,1,true,4194304,1450012,2892599,153,2,141,0,12,1556,1948
rtt50_loss5_bw1000,edgecc_no_belief,2,true,4194304,1200048,3495113,164,1,151,0,7500,14388,15012
rtt50_loss5_bw1000,edgecc_no_plateau,0,true,4194304,1150072,3646992,171,1,161,0,6094,11648,12146
rtt50_loss5_bw1000,edgecc_no_plateau,1,true,4194304,4550888,921645,153,1,149,0,14,166,184
rtt50_loss5_bw1000,edgecc_no_plateau,2,true,4194304,1200048,3495113,164,1,151,0,6116,11704,12214
rtt50_loss5_bw1000,edgecc_no_prand,0,true,4194304,1150072,3646992,171,1,161,0,6094,11648,12146
rtt50_loss5_bw1000,edgecc_no_prand,1,true,4194304,4550888,921645,153,1,149,0,14,166,184
rtt50_loss5_bw1000,edgecc_no_prand,2,true,4194304,1200048,3495113,164,1,151,0,6116,11704,12214
rtt50_loss5_bw1000,edgecc_loss_blind,0,true,4194304,1150072,3646992,171,1,161,0,6094,11648,12146
rtt50_loss5_bw1000,edgecc_loss_blind,1,true,4194304,1450012,2892599,153,2,147,0,17,166,184
rtt50_loss5_bw1000,edgecc_loss_blind,2,true,4194304,1200048,3495113,164,1,151,0,6116,11704,12214
rtt50_loss5_bw1000,edgecc_prior,0,true,4194304,1100024,3812920,171,1,166,0,12,372,1476
rtt50_loss5_bw1000,edgecc_prior,1,true,4194304,1100135,3812535,153,1,147,0,12,1428,2616
rtt50_loss5_bw1000,edgecc_prior,2,true,4194304,1150036,3647106,164,1,155,0,12,2784,3972
rtt50_loss5_bw1000,bbr3ref,0,true,4194304,1100084,3812712,171,1,161,0,13368,25404,26472
rtt50_loss5_bw1000,bbr3ref,1,true,4194304,1450012,2892599,153,2,144,0,13452,25596,26676
rtt50_loss5_bw1000,bbr3ref,2,true,4194304,1100120,3812587,164,1,151,0,13428,25512,26592
rtt50_loss5_bw1000,lossblindref,0,true,4194304,1150072,3646992,171,1,161,0,6094,11648,12146
rtt50_loss5_bw1000,lossblindref,1,true,4194304,1450012,2892599,153,2,147,0,17,166,184
rtt50_loss5_bw1000,lossblindref,2,true,4194304,1200048,3495113,164,1,151,0,6116,11704,12214
rtt50_loss5_bw1000,cubicref,0,true,4194304,35798474,117164,173,18,154,0,12,12,12
rtt50_loss5_bw1000,cubicref,1,true,4194304,37665732,111355,154,12,141,0,12,12,12
rtt50_loss5_bw1000,cubicref,2,true,4194304,35098689,119500,167,8,160,0,12,12,12
rtt50_loss5_bw1000,newrenoref,0,true,4194304,53151803,78911,201,45,162,0,12,12,12
rtt50_loss5_bw1000,newrenoref,1,true,4194304,55636876,75387,183,45,148,0,12,12,12
rtt50_loss5_bw1000,newrenoref,2,true,4194304,48672849,86173,181,30,157,0,12,12,12
rtt150_loss0_bw10,edgecc,0,false,2791520,60000000,46525,1576,1,2499,0,136616,149160,149416
rtt150_loss0_bw10,edgecc,1,false,2791520,60000000,46525,1576,1,2499,0,136616,149160,149416
rtt150_loss0_bw10,edgecc,2,false,2791520,60000000,46525,1576,1,2499,0,136616,149160,149416
rtt150_loss0_bw10,edgecc_no_probe,0,false,2804660,60000000,46744,1598,1,2493,0,106546,149008,149399
rtt150_loss0_bw10,edgecc_no_probe,1,false,2804660,60000000,46744,1598,1,2493,0,106546,149008,149399
rtt150_loss0_bw10,edgecc_no_probe,2,false,2804660,60000000,46744,1598,1,2493,0,106546,149008,149399
rtt150_loss0_bw10,edgecc_no_utility,0,false,2774000,60000000,46233,1575,1,2521,0,126241,149377,149466
rtt150_loss0_bw10,edgecc_no_utility,1,false,2774000,60000000,46233,1575,1,2521,0,126241,149377,149466
rtt150_loss0_bw10,edgecc_no_utility,2,false,2774000,60000000,46233,1575,1,2521,0,126241,149377,149466
rtt150_loss0_bw10,edgecc_no_belief,0,true,4194304,6402671,655086,2525,1,2525,0,142388,149340,149448
rtt150_loss0_bw10,edgecc_no_belief,1,true,4194304,6402671,655086,2525,1,2525,0,142388,149340,149448
rtt150_loss0_bw10,edgecc_no_belief,2,true,4194304,6402671,655086,2525,1,2525,0,142388,149340,149448
rtt150_loss0_bw10,edgecc_no_plateau,0,false,2791520,60000000,46525,1576,1,2499,0,136616,149160,149416
rtt150_loss0_bw10,edgecc_no_plateau,1,false,2791520,60000000,46525,1576,1,2499,0,136616,149160,149416
rtt150_loss0_bw10,edgecc_no_plateau,2,false,2791520,60000000,46525,1576,1,2499,0,136616,149160,149416
rtt150_loss0_bw10,edgecc_no_prand,0,false,2791520,60000000,46525,1576,1,2499,0,136616,149160,149416
rtt150_loss0_bw10,edgecc_no_prand,1,false,2791520,60000000,46525,1576,1,2499,0,136616,149160,149416
rtt150_loss0_bw10,edgecc_no_prand,2,false,2791520,60000000,46525,1576,1,2499,0,136616,149160,149416
rtt150_loss0_bw10,edgecc_loss_blind,0,false,2791520,60000000,46525,1576,1,2499,0,136616,149160,149416
rtt150_loss0_bw10,edgecc_loss_blind,1,false,2791520,60000000,46525,1576,1,2499,0,136616,149160,149416
rtt150_loss0_bw10,edgecc_loss_blind,2,false,2791520,60000000,46525,1576,1,2499,0,136616,149160,149416
rtt150_loss0_bw10,edgecc_prior,0,true,4194304,38308083,109488,2525,1,2525,0,119094,149273,149447
rtt150_loss0_bw10,edgecc_prior,1,true,4194304,38308083,109488,2525,1,2525,0,119094,149273,149447
rtt150_loss0_bw10,edgecc_prior,2,true,4194304,38308083,109488,2525,1,2525,0,119094,149273,149447
rtt150_loss0_bw10,bbr3ref,0,true,4194304,4113793,1019570,2579,1,2579,0,148264,149408,149488
rtt150_loss0_bw10,bbr3ref,1,true,4194304,4113793,1019570,2579,1,2579,0,148264,149408,149488
rtt150_loss0_bw10,bbr3ref,2,true,4194304,4113793,1019570,2579,1,2579,0,148264,149408,149488
rtt150_loss0_bw10,lossblindref,0,false,2791520,60000000,46525,1576,1,2499,0,136616,149160,149416
rtt150_loss0_bw10,lossblindref,1,false,2791520,60000000,46525,1576,1,2499,0,136616,149160,149416
rtt150_loss0_bw10,lossblindref,2,false,2791520,60000000,46525,1576,1,2499,0,136616,149160,149416
rtt150_loss0_bw10,cubicref,0,true,4194304,5804976,722535,512,5,507,0,67447,149008,149384
rtt150_loss0_bw10,cubicref,1,true,4194304,5804976,722535,512,5,507,0,67447,149008,149384
rtt150_loss0_bw10,cubicref,2,true,4194304,5804976,722535,512,5,507,0,67447,149008,149384
rtt150_loss0_bw10,newrenoref,0,true,4194304,7029673,596657,311,1,310,0,1168,149008,149313
rtt150_loss0_bw10,newrenoref,1,true,4194304,7029673,596657,311,1,310,0,1168,149008,149313
rtt150_loss0_bw10,newrenoref,2,true,4194304,7029673,596657,311,1,310,0,1168,149008,149313
rtt150_loss0_bw100,edgecc,0,true,4194304,3311941,1266418,231,1,231,0,94111,145834,150138
rtt150_loss0_bw100,edgecc,1,true,4194304,3311941,1266418,231,1,231,0,94111,145834,150138
rtt150_loss0_bw100,edgecc,2,true,4194304,3311941,1266418,231,1,231,0,94111,145834,150138
rtt150_loss0_bw100,edgecc_no_probe,0,true,4194304,1327079,3160553,302,0,302,0,93143,150087,150195
rtt150_loss0_bw100,edgecc_no_probe,1,true,4194304,1327079,3160553,302,0,302,0,93143,150087,150195
rtt150_loss0_bw100,edgecc_no_probe,2,true,4194304,1327079,3160553,302,0,302,0,93143,150087,150195
rtt150_loss0_bw100,edgecc_no_utility,0,true,4194304,3696782,1134582,969,1,969,0,84859,150181,150217
rtt150_loss0_bw100,edgecc_no_utility,1,true,4194304,3696782,1134582,969,1,969,0,84859,150181,150217
rtt150_loss0_bw100,edgecc_no_utility,2,true,4194304,3696782,1134582,969,1,969,0,84859,150181,150217
rtt150_loss0_bw100,edgecc_no_belief,0,true,4194304,2636750,1590709,1123,1,1123,0,83832,150180,150216
rtt150_loss0_bw100,edgecc_no_belief,1,true,4194304,2636750,1590709,1123,1,1123,0,83832,150180,150216
rtt150_loss0_bw100,edgecc_no_belief,2,true,4194304,2636750,1590709,1123,1,1123,0,83832,150180,150216
rtt150_loss0_bw100,edgecc_no_plateau,0,true,4194304,3311941,1266418,231,1,231,0,94111,145834,150138
rtt150_loss0_bw100,edgecc_no_plateau,1,true,4194304,3311941,1266418,231,1,231,0,94111,145834,150138
rtt150_loss0_bw100,edgecc_no_plateau,2,true,4194304,3311941,1266418,231,1,231,0,94111,145834,150138
rtt150_loss0_bw100,edgecc_no_prand,0,true,4194304,3311941,1266418,231,1,231,0,94111,145834,150138
rtt150_loss0_bw100,edgecc_no_prand,1,true,4194304,3311941,1266418,231,1,231,0,94111,145834,150138
rtt150_loss0_bw100,edgecc_no_prand,2,true,4194304,3311941,1266418,231,1,231,0,94111,145834,150138
rtt150_loss0_bw100,edgecc_loss_blind,0,true,4194304,3311941,1266418,231,1,231,0,94111,145834,150138
rtt150_loss0_bw100,edgecc_loss_blind,1,true,4194304,3311941,1266418,231,1,231,0,94111,145834,150138
rtt150_loss0_bw100,edgecc_loss_blind,2,true,4194304,3311941,1266418,231,1,231,0,94111,145834,150138
rtt150_loss0_bw100,edgecc_prior,0,true,4194304,14608457,287114,893,1,893,0,50329,144297,150168
rtt150_loss0_bw100,edgecc_prior,1,true,4194304,14608457,287114,893,1,893,0,50329,144297,150168
rtt150_loss0_bw100,edgecc_prior,2,true,4194304,14608457,287114,893,1,893,0,50329,144297,150168
rtt150_loss0_bw100,bbr3ref,0,true,4194304,2593490,1617243,1316,1,1316,0,82088,150157,150212
rtt150_loss0_bw100,bbr3ref,1,true,4194304,2593490,1617243,1316,1,1316,0,82088,150157,150212
rtt150_loss0_bw100,bbr3ref,2,true,4194304,2593490,1617243,1316,1,1316,0,82088,150157,150212
rtt150_loss0_bw100,lossblindref,0,true,4194304,3311941,1266418,231,1,231,0,94111,145834,150138
rtt150_loss0_bw100,lossblindref,1,true,4194304,3311941,1266418,231,1,231,0,94111,145834,150138
rtt150_loss0_bw100,lossblindref,2,true,4194304,3311941,1266418,231,1,231,0,94111,145834,150138
rtt150_loss0_bw100,cubicref,0,true,4194304,1844220,2274296,0,0,0,0,117,5028,7517
rtt150_loss0_bw100,cubicref,1,true,4194304,1844220,2274296,0,0,0,0,117,5028,7517
rtt150_loss0_bw100,cubicref,2,true,4194304,1844220,2274296,0,0,0,0,117,5028,7517
rtt150_loss0_bw100,newrenoref,0,true,4194304,1844220,2274296,0,0,0,0,117,5028,7517
rtt150_loss0_bw100,newrenoref,1,true,4194304,1844220,2274296,0,0,0,0,117,5028,7517
rtt150_loss0_bw100,newrenoref,2,true,4194304,1844220,2274296,0,0,0,0,117,5028,7517
rtt150_loss0_bw1000,edgecc,0,true,4194304,796839,5263678,0,0,0,0,11196,21528,22452
rtt150_loss0_bw1000,edgecc,1,true,4194304,796839,5263678,0,0,0,0,11196,21528,22452
rtt150_loss0_bw1000,edgecc,2,true,4194304,796839,5263678,0,0,0,0,11196,21528,22452
rtt150_loss0_bw1000,edgecc_no_probe,0,true,4194304,796887,5263361,0,0,0,0,11244,21576,22500
rtt150_loss0_bw1000,edgecc_no_probe,1,true,4194304,796887,5263361,0,0,0,0,11244,21576,22500
rtt150_loss0_bw1000,edgecc_no_probe,2,true,4194304,796887,5263361,0,0,0,0,11244,21576,22500
rtt150_loss0_bw1000,edgecc_no_utility,0,true,4194304,796827,5263757,0,0,0,0,12579,24207,25239
rtt150_loss0_bw1000,edgecc_no_utility,1,true,4194304,796827,5263757,0,0,0,0,12579,24207,25239
rtt150_loss0_bw1000,edgecc_no_utility,2,true,4194304,796827,5263757,0,0,0,0,12579,24207,25239
rtt150_loss0_bw1000,edgecc_no_belief,0,true,4194304,646875,6483948,0,0,0,0,14052,26964,28116
rtt150_loss0_bw1000,edgecc_no_belief,1,true,4194304,646875,6483948,0,0,0,0,14052,26964,28116
rtt150_loss0_bw1000,edgecc_no_belief,2,true,4194304,646875,6483948,0,0,0,0,14052,26964,28116
rtt150_loss0_bw1000,edgecc_no_plateau,0,true,4194304,796839,5263678,0,0,0,0,11196,21528,22452
rtt150_loss0_bw1000,edgecc_no_plateau,1,true,4194304,796839,5263678,0,0,0,0,11196,21528,22452
rtt150_loss0_bw1000,edgecc_no_plateau,2,true,4194304,796839,5263678,0,0,0,0,11196,21528,22452
rtt150_loss0_bw1000,edgecc_no_prand,0,true,4194304,796839,5263678,0,0,0,0,11196,21528,22452
rtt150_loss0_bw1000,edgecc_no_prand,1,true,4194304,796839,5263678,0,0,0,0,11196,21528,22452
rtt150_loss0_bw1000,edgecc_no_prand,2,true,4194304,796839,5263678,0,0,0,0,11196,21528,22452
rtt150_loss0_bw1000,edgecc_loss_blind,0,true,4194304,796839,5263678,0,0,0,0,11196,21528,22452
rtt150_loss0_bw1000,edgecc_loss_blind,1,true,4194304,796839,5263678,0,0,0,0,11196,21528,22452
rtt150_loss0_bw1000,edgecc_loss_blind,2,true,4194304,796839,5263678,0,0,0,0,11196,21528,22452
rtt150_loss0_bw1000,edgecc_prior,0,true,4194304,236170,17759681,0,0,0,0,12,12,12
rtt150_loss0_bw1000,edgecc_prior,1,true,4194304,236170,17759681,0,0,0,0,12,12,12
rtt150_loss0_bw1000,edgecc_prior,2,true,4194304,236170,17759681,0,0,0,0,12,12,12
rtt150_loss0_bw1000,bbr3ref,0,true,4194304,347966,12053775,0,0,0,0,14328,27252,28392
rtt150_loss0_bw1000,bbr3ref,1,true,4194304,347966,12053775,0,0,0,0,14328,27252,28392
rtt150_loss0_bw1000,bbr3ref,2,true,4194304,347966,12053775,0,0,0,0,14328,27252,28392
rtt150_loss0_bw1000,lossblindref,0,true,4194304,796839,5263678,0,0,0,0,11196,21528,22452
rtt150_loss0_bw1000,lossblindref,1,true,4194304,796839,5263678,0,0,0,0,11196,21528,22452
rtt150_loss0_bw1000,lossblindref,2,true,4194304,796839,5263678,0,0,0,0,11196,21528,22452
rtt150_loss0_bw1000,cubicref,0,true,4194304,1834767,2286014,0,0,0,0,12,12,12
rtt150_loss0_bw1000,cubicref,1,true,4194304,1834767,2286014,0,0,0,0,12,12,12
rtt150_loss0_bw1000,cubicref,2,true,4194304,1834767,2286014,0,0,0,0,12,12,12
rtt150_loss0_bw1000,newrenoref,0,true,4194304,1834767,2286014,0,0,0,0,12,12,12
rtt150_loss0_bw1000,newrenoref,1,true,4194304,1834767,2286014,0,0,0,0,12,12,12
rtt150_loss0_bw1000,newrenoref,2,true,4194304,1834767,2286014,0,0,0,0,12,12,12
rtt150_loss0.1_bw10,edgecc,0,false,2772540,60000000,46209,1575,4,2499,0,136616,149160,149416
rtt150_loss0.1_bw10,edgecc,1,false,2779840,60000000,46330,1586,3,2499,0,135672,149160,149416
rtt150_loss0.1_bw10,edgecc,2,false,2779840,60000000,46330,1576,3,2499,0,136616,149160,149416
rtt150_loss0.1_bw10,edgecc_no_probe,0,false,2785680,60000000,46428,1597,4,2493,0,106546,149008,149399
rtt150_loss0.1_bw10,edgecc_no_probe,1,false,2792980,60000000,46549,1598,3,2493,0,106546,149008,149399
rtt150_loss0.1_bw10,edgecc_no_probe,2,false,2792980,60000000,46549,1598,3,2493,0,106546,149008,149399
rtt150_loss0.1_bw10,edgecc_no_utility,0,false,2756480,60000000,45941,1576,4,2521,0,126241,149377,149466
rtt150_loss0.1_bw10,edgecc_no_utility,1,false,2765240,60000000,46087,1587,3,2521,0,126241,149377,149466
rtt150_loss0.1_bw10,edgecc_no_utility,2,false,2763780,60000000,46063,1577,3,2521,0,126241,149377,149466
rtt150_loss0.1_bw10,edgecc_no_belief,0,false,4161000,60000000,69350,2525,3,2525,0,142388,149340,149448
rtt150_loss0.1_bw10,edgecc_no_belief,1,false,3233900,60000000,53898,1908,4,2525,0,142388,149340,149448
rtt150_loss0.1_bw10,edgecc_no_belief,2,false,3393040,60000000,56550,2002,1,2525,0,142388,149340,149448
rtt150_loss0.1_bw10,edgecc_no_plateau,0,false,2772540,60000000,46209,1575,4,2499,0,136616,149160,149416
rtt150_loss0.1_bw10,edgecc_no_plateau,1,false,2779840,60000000,46330,1586,3,2499,0,135672,149160,149416
rtt150_loss0.1_bw10,edgecc_no_plateau,2,false,2779840,60000000,46330,1576,3,2499,0,136616,149160,149416
rtt150_loss0.1_bw10,edgecc_no_prand,0,false,2772540,60000000,46209,1575,4,2499,0,136616,149160,149416
rtt150_loss0.1_bw10,edgecc_no_prand,1,false,2779840,60000000,46330,1586,3,2499,0,135672,149160,149416
rtt150_loss0.1_bw10,edgecc_no_prand,2,false,2779840,60000000,46330,1576,3,2499,0,136616,149160,149416
rtt150_loss0.1_bw10,edgecc_loss_blind,0,false,2772540,60000000,46209,1575,4,2499,0,136616,149160,149416
rtt150_loss0.1_bw10,edgecc_loss_blind,1,false,2779840,60000000,46330,1586,3,2499,0,135672,149160,149416
rtt150_loss0.1_bw10,edgecc_loss_blind,2,false,2779840,60000000,46330,1576,3,2499,0,136616,149160,149416
rtt150_loss0.1_bw10,edgecc_prior,0,false,3588680,60000000,59811,2138,3,2525,0,119094,149273,149447
rtt150_loss0.1_bw10,edgecc_prior,1,false,2870360,60000000,47839,1647,2,2525,0,119094,149273,149447
rtt150_loss0.1_bw10,edgecc_prior,2,false,3178420,60000000,52973,1853,1,2525,0,119094,149273,149447
rtt150_loss0.1_bw10,bbr3ref,0,true,4194304,10156685,412959,10308,12,2579,0,148264,149408,149488
rtt150_loss0.1_bw10,bbr3ref,1,true,4194304,12514481,335156,18623,16,2579,0,148264,149408,149488
rtt150_loss0.1_bw10,bbr3ref,2,true,4194304,12517985,335062,16980,16,2579,0,148264,149408,149488
rtt150_loss0.1_bw10,lossblindref,0,false,2772540,60000000,46209,1575,4,2499,0,136616,149160,149416
rtt150_loss0.1_bw10,lossblindref,1,false,2779840,60000000,46330,1586,3,2499,0,135672,149160,149416
rtt150_loss0.1_bw10,lossblindref,2,false,2779840,60000000,46330,1576,3,2499,0,136616,149160,149416
rtt150_loss0.1_bw10,cubicref,0,true,4194304,6737730,622509,357,2,355,0,1168,149008,149350
rtt150_loss0.1_bw10,cubicref,1,true,4194304,7160884,585724,5,1,4,0,1168,1168,3878
rtt150_loss0.1_bw10,cubicref,2,true,4194304,5675429,739028,462,5,457,0,55054,149008,149353
rtt150_loss0.1_bw10,newrenoref,0,false,1985600,60000000,33093,439,129,310,0,34646,149075,149418
rtt150_loss0.1_bw10,newrenoref,1,true,4194304,14165311,296096,5,0,5,0,1168,1168,3878
rtt150_loss0.1_bw10,newrenoref,2,true,4194304,7796644,537962,311,1,300,0,1168,149008,149296
rtt150_loss0.1_bw100,edgecc,0,true,4194304,4351528,963869,231,1,231,0,94086,145720,150131
rtt150_loss0.1_bw100,edgecc,1,true,4194304,6021868,696512,308,1,231,0,94062,145720,150135
rtt150_loss0.1_bw100,edgecc,2,true,4194304,7072453,593047,308,1,231,0,94086,145803,150135
rtt150_loss0.1_bw100,edgecc_no_probe,0,true,4194304,1183046,3545343,302,0,302,0,93063,150087,150195
rtt150_loss0.1_bw100,edgecc_no_probe,1,true,4194304,1165730,3598006,608,1,304,0,93026,150087,150195
rtt150_loss0.1_bw100,edgecc_no_probe,2,true,4194304,1196852,3504446,606,1,303,0,93026,150087,150195
rtt150_loss0.1_bw100,edgecc_no_utility,0,true,4194304,2951579,1421037,969,1,969,0,84859,150181,150217
rtt150_loss0.1_bw100,edgecc_no_utility,1,true,4194304,10892776,385053,1187,1,969,0,84859,150181,150217
rtt150_loss0.1_bw100,edgecc_no_utility,2,true,4194304,2193282,1912341,978,1,969,0,84859,150181,150217
rtt150_loss0.1_bw100,edgecc_no_belief,0,true,4194304,18833175,222708,1132,1,1123,0,83832,150180,150216
rtt150_loss0.1_bw100,edgecc_no_belief,1,true,4194304,7272630,576724,1132,1,1123,0,83715,150180,150216
rtt150_loss0.1_bw100,edgecc_no_belief,2,true,4194304,1851036,2265922,1124,1,1123,0,83715,150180,150216
rtt150_loss0.1_bw100,edgecc_no_plateau,0,true,4194304,4351528,963869,231,1,231,0,94086,145720,150131
rtt150_loss0.1_bw100,edgecc_no_plateau,1,true,4194304,6021868,696512,308,1,231,0,94062,145720,150135
rtt150_loss0.1_bw100,edgecc_no_plateau,2,true,4194304,7072453,593047,308,1,231,0,94086,145803,150135
rtt150_loss0.1_bw100,edgecc_no_prand,0,true,4194304,4351528,963869,231,1,231,0,94086,145720,150131
rtt150_loss0.1_bw100,edgecc_no_prand,1,true,4194304,6021868,696512,308,1,231,0,94062,145720,150135
rtt150_loss0.1_bw100,edgecc_no_prand,2,true,4194304,7072453,593047,308,1,231,0,94086,145803,150135
rtt150_loss0.1_bw100,edgecc_loss_blind,0,true,4194304,4351528,963869,231,1,231,0,94086,145720,150131
rtt150_loss0.1_bw100,edgecc_loss_blind,1,true,4194304,5571751,752780,308,1,231,0,94062,145720,150135
rtt150_loss0.1_bw100,edgecc_loss_blind,2,true,4194304,7072453,593047,308,1,231,0,94086,145803,150135
rtt150_loss0.1_bw100,edgecc_prior,0,true,4194304,9199158,455944,893,1,893,0,50329,144178,150168
rtt150_loss0.1_bw100,edgecc_prior,1,true,4194304,13405600,312877,905,1,895,0,50446,144297,150168
rtt150_loss0.1_bw100,edgecc_prior,2,true,4194304,8887796,471917,903,1,893,0,50329,144295,150168
rtt150_loss0.1_bw100,bbr3ref,0,true,4194304,1294134,3241012,1472,1,1316,0,82088,150157,150212
rtt150_loss0.1_bw100,bbr3ref,1,true,4194304,1605015,2613249,1452,1,1316,0,82088,150157,150212
rtt150_loss0.1_bw100,bbr3ref,2,true,4194304,2006126,2090748,1447,1,1316,0,82088,150157,150212
rtt150_loss0.1_bw100,lossblindref,0,true,4194304,4351528,963869,231,1,231,0,94086,145720,150131
rtt150_loss0.1_bw100,lossblindref,1,true,4194304,5571751,752780,308,1,231,0,94062,145720,150135
rtt150_loss0.1_bw100,lossblindref,2,true,4194304,7072453,593047,308,1,231,0,94086,145803,150135
rtt150_loss0.1_bw100,cubicref,0,true,4194304,1941779,2160031,4,0,4,0,117,117,117
rtt150_loss0.1_bw100,cubicref,1,true,4194304,7115511,589459,5,1,4,0,117,117,117
rtt150_loss0.1_bw100,cubicref,2,true,4194304,2343630,1789661,3,0,3,0,117,117,117
rtt150_loss0.1_bw100,newrenoref,0,true,4194304,2172963,1930223,4,0,4,0,117,117,117
rtt150_loss0.1_bw100,newrenoref,1,true,4194304,14061688,298278,5,0,5,0,117,117,117
rtt150_loss0.1_bw100,newrenoref,2,true,4194304,3216114,1304152,3,0,3,0,117,117,117
rtt150_loss0.1_bw1000,edgecc,0,true,4194304,938489,4469209,4,0,4,0,11172,21480,22404
rtt150_loss0.1_bw1000,edgecc,1,true,4194304,938657,4468409,5,0,5,0,11160,21468,22392
rtt150_loss0.1_bw1000,edgecc,2,true,4194304,941849,4453265,3,0,3,0,11172,21492,22416
rtt150_loss0.1_bw1000,edgecc_no_probe,0,true,4194304,937829,4472354,4,0,4,0,11220,21528,22452
rtt150_loss0.1_bw1000,edgecc_no_probe,1,true,4194304,938705,4468181,5,0,5,0,11208,21516,22440
rtt150_loss0.1_bw1000,edgecc_no_probe,2,true,4194304,941897,4453038,3,0,3,0,11220,21540,22464
rtt150_loss0.1_bw1000,edgecc_no_utility,0,true,4194304,938477,4469266,4,0,4,0,12555,24159,25191
rtt150_loss0.1_bw1000,edgecc_no_utility,1,true,4194304,938645,4468466,5,0,5,0,12543,24147,25179
rtt150_loss0.1_bw1000,edgecc_no_utility,2,true,4194304,941837,4453322,3,0,3,0,12555,24171,25203
rtt150_loss0.1_bw1000,edgecc_no_belief,0,true,4194304,784565,5346024,4,0,4,0,14028,26916,28068
rtt150_loss0.1_bw1000,edgecc_no_belief,1,true,4194304,788693,5318043,5,0,5,0,14016,26904,28056
rtt150_loss0.1_bw1000,edgecc_no_belief,2,true,4194304,791885,5296607,3,0,3,0,14028,26928,28080
rtt150_loss0.1_bw1000,edgecc_no_plateau,0,true,4194304,938489,4469209,4,0,4,0,11172,21480,22404
rtt150_loss0.1_bw1000,edgecc_no_plateau,1,true,4194304,938657,4468409,5,0,5,0,11160,21468,22392
rtt150_loss0.1_bw1000,edgecc_no_plateau,2,true,4194304,941849,4453265,3,0,3,0,11172,21492,22416
rtt150_loss0.1_bw1000,edgecc_no_prand,0,true,4194304,938489,4469209,4,0,4,0,11172,21480,22404
rtt150_loss0.1_bw1000,edgecc_no_prand,1,true,4194304,938657,4468409,5,0,5,0,11160,21468,22392
rtt150_loss0.1_bw1000,edgecc_no_prand,2,true,4194304,941849,4453265,3,0,3,0,11172,21492,22416
rtt150_loss0.1_bw1000,edgecc_loss_blind,0,true,4194304,938489,4469209,4,0,4,0,11172,21480,22404
rtt150_loss0.1_bw1000,edgecc_loss_blind,1,true,4194304,938657,4468409,5,0,5,0,11160,21468,22392
rtt150_loss0.1_bw1000,edgecc_loss_blind,2,true,4194304,941849,4453265,3,0,3,0,11172,21492,22416
rtt150_loss0.1_bw1000,edgecc_prior,0,true,4194304,355494,11798522,4,0,4,0,12,12,12
rtt150_loss0.1_bw1000,edgecc_prior,1,true,4194304,365844,11464733,5,0,5,0,12,12,12
rtt150_loss0.1_bw1000,edgecc_prior,2,true,4194304,373764,11221797,3,0,3,0,12,12,12
rtt150_loss0.1_bw1000,bbr3ref,0,true,4194304,485656,8636368,4,0,4,0,14304,27204,28344
rtt150_loss0.1_bw1000,bbr3ref,1,true,4194304,489784,8563579,5,0,5,0,14292,27192,28332
rtt150_loss0.1_bw1000,bbr3ref,2,true,4194304,492976,8508130,3,0,3,0,14304,27216,28356
rtt150_loss0.1_bw1000,lossblindref,0,true,4194304,938489,4469209,4,0,4,0,11172,21480,22404
rtt150_loss0.1_bw1000,lossblindref,1,true,4194304,938657,4468409,5,0,5,0,11160,21468,22392
rtt150_loss0.1_bw1000,lossblindref,2,true,4194304,941849,4453265,3,0,3,0,11172,21492,22416
rtt150_loss0.1_bw1000,cubicref,0,true,4194304,1940265,2161717,4,0,4,0,12,12,12
rtt150_loss0.1_bw1000,cubicref,1,true,4194304,7110929,589839,5,1,4,0,12,12,12
rtt150_loss0.1_bw1000,cubicref,2,true,4194304,2341892,1790989,3,0,3,0,12,12,12
rtt150_loss0.1_bw1000,newrenoref,0,true,4194304,2171338,1931667,4,0,4,0,12,12,12
rtt150_loss0.1_bw1000,newrenoref,1,true,4194304,14051750,298489,5,0,5,0,12,12,12
rtt150_loss0.1_bw1000,newrenoref,2,true,4194304,3213783,1305098,3,0,3,0,12,12,12
rtt150_loss1_bw10,edgecc,0,false,2717060,60000000,45284,1582,15,2499,0,136616,149160,149416
rtt150_loss1_bw10,edgecc,1,false,2717060,60000000,45284,1600,17,2499,0,135672,149160,149416
rtt150_loss1_bw10,edgecc,2,false,2703920,60000000,45065,1592,19,2499,0,136616,149160,149416
rtt150_loss1_bw10,edgecc_no_probe,0,false,2730200,60000000,45503,1604,15,2493,0,106546,149008,149399
rtt150_loss1_bw10,edgecc_no_probe,1,false,2727280,60000000,45454,1610,17,2493,0,106524,149008,149399
rtt150_loss1_bw10,edgecc_no_probe,2,false,2715600,60000000,45260,1614,20,2493,0,106546,149008,149399
rtt150_loss1_bw10,edgecc_no_utility,0,false,2699540,60000000,44992,1582,15,2521,0,126241,149377,149466
rtt150_loss1_bw10,edgecc_no_utility,1,false,2690780,60000000,44846,1597,18,2521,0,126241,149377,149466
rtt150_loss1_bw10,edgecc_no_utility,2,false,2683480,60000000,44724,1595,21,2521,0,126241,149377,149466
rtt150_loss1_bw10,edgecc_no_belief,0,false,3042640,60000000,50710,1822,14,2525,0,142388,149340,149448
rtt150_loss1_bw10,edgecc_no_belief,1,false,3047020,60000000,50783,1839,18,2525,0,142388,149340,149448
rtt150_loss1_bw10,edgecc_no_belief,2,false,3105420,60000000,51757,1883,20,2525,0,142388,149340,149448
rtt150_loss1_bw10,edgecc_no_plateau,0,false,2717060,60000000,45284,1582,15,2499,0,136616,149160,149416
rtt150_loss1_bw10,edgecc_no_plateau,1,false,2717060,60000000,45284,1600,17,2499,0,135672,149160,149416
rtt150_loss1_bw10,edgecc_no_plateau,2,false,2703920,60000000,45065,1592,19,2499,0,136616,149160,149416
rtt150_loss1_bw10,edgecc_no_prand,0,false,2717060,60000000,45284,1582,15,2499,0,136616,149160,149416
rtt150_loss1_bw10,edgecc_no_prand,1,false,2717060,60000000,45284,1600,17,2499,0,135672,149160,149416
rtt150_loss1_bw10,edgecc_no_prand,2,false,2703920,60000000,45065,1592,19,2499,0,136616,149160,149416
rtt150_loss1_bw10,edgecc_loss_blind,0,false,2717060,60000000,45284,1582,15,2499,0,136616,149160,149416
rtt150_loss1_bw10,edgecc_loss_blind,1,false,2717060,60000000,45284,1600,17,2499,0,135672,149160,149416
rtt150_loss1_bw10,edgecc_loss_blind,2,false,2703920,60000000,45065,1592,19,2499,0,136616,149160,149416
rtt150_loss1_bw10,edgecc_prior,0,false,2921460,60000000,48691,1736,15,2525,0,119094,149273,149447
rtt150_loss1_bw10,edgecc_prior,1,false,2730200,60000000,45503,1617,18,2525,0,119094,149273,149447
rtt150_loss1_bw10,edgecc_prior,2,false,2966720,60000000,49445,1780,19,2525,0,119094,149273,149447
rtt150_loss1_bw10,bbr3ref,0,true,4194304,12248915,342422,19907,17,2579,0,148264,149408,149488
rtt150_loss1_bw10,bbr3ref,1,true,4194304,12085395,347055,19687,17,2579,0,148264,149408,149488
rtt150_loss1_bw10,bbr3ref,2,true,4194304,12403218,338162,18940,17,2579,0,148264,149408,149488
rtt150_loss1_bw10,lossblindref,0,false,2717060,60000000,45284,1582,15,2499,0,136616,149160,149416
rtt150_loss1_bw10,lossblindref,1,false,2717060,60000000,45284,1600,17,2499,0,135672,149160,149416
rtt150_loss1_bw10,lossblindref,2,false,2703920,60000000,45065,1592,19,2499,0,136616,149160,149416
rtt150_loss1_bw10,cubicref,0,true,4194304,6276136,668293,89,0,89,0,1168,138496,148651
rtt150_loss1_bw10,cubicref,1,true,4194304,27325210,153495,40,7,33,0,1168,1168,3452
rtt150_loss1_bw10,cubicref,2,true,4194304,7246879,578773,790,2,567,0,1168,148494,149312
rtt150_loss1_bw10,newrenoref,0,true,4194304,25795342,162599,96,6,88,0,1168,93393,148651
rtt150_loss1_bw10,newrenoref,1,true,4194304,42671584,98292,57,15,34,0,1168,1168,3452
rtt150_loss1_bw10,newrenoref,2,true,4194304,39610151,105889,42,11,29,0,1168,38746,98194
rtt150_loss1_bw100,edgecc,0,true,4194304,6174432,679301,290,2,231,0,93957,145369,150107
rtt150_loss1_bw100,edgecc,1,true,4194304,6160168,680874,317,1,231,0,93711,145369,150097
rtt150_loss1_bw100,edgecc,2,true,4194304,6471985,648070,315,2,231,0,93957,145369,150097
rtt150_loss1_bw100,edgecc_no_probe,0,true,4194304,1288001,3256444,612,1,306,0,92792,149808,150195
rtt150_loss1_bw100,edgecc_no_probe,1,true,4194304,1206797,3475567,626,1,313,0,92514,149781,150195
rtt150_loss1_bw100,edgecc_no_probe,2,true,4194304,1307423,3208069,610,1,305,0,92748,149754,150195
rtt150_loss1_bw100,edgecc_no_utility,0,true,4194304,22480339,186576,1195,5,969,0,84739,150181,150217
rtt150_loss1_bw100,edgecc_no_utility,1,true,4194304,25380584,165256,1194,6,969,0,84619,150178,150217
rtt150_loss1_bw100,edgecc_no_utility,2,true,4194304,24769084,169336,1207,7,969,0,84619,150178,150217
rtt150_loss1_bw100,edgecc_no_belief,0,true,4194304,16740257,250551,1134,2,1123,0,83706,150180,150216
rtt150_loss1_bw100,edgecc_no_belief,1,true,4194304,19185602,218617,1143,3,1123,0,83580,150180,150216
rtt150_loss1_bw100,edgecc_no_belief,2,true,4194304,16286641,257530,1142,4,1123,0,83589,150180,150216
rtt150_loss1_bw100,edgecc_no_plateau,0,true,4194304,6174432,679301,290,2,231,0,93957,145369,150107
rtt150_loss1_bw100,edgecc_no_plateau,1,true,4194304,6160168,680874,317,1,231,0,93711,145369,150097
rtt150_loss1_bw100,edgecc_no_plateau,2,true,4194304,6471985,648070,315,2,231,0,93957,145369,150097
rtt150_loss1_bw100,edgecc_no_prand,0,true,4194304,6174432,679301,290,2,231,0,93957,145369,150107
rtt150_loss1_bw100,edgecc_no_prand,1,true,4194304,6160168,680874,317,1,231,0,93711,145369,150097
rtt150_loss1_bw100,edgecc_no_prand,2,true,4194304,6471985,648070,315,2,231,0,93957,145369,150097
rtt150_loss1_bw100,edgecc_loss_blind,0,true,4194304,5574198,752449,290,2,231,0,93957,145369,150107
rtt150_loss1_bw100,edgecc_loss_blind,1,true,4194304,5121517,818957,317,1,231,0,93711,145369,150097
rtt150_loss1_bw100,edgecc_loss_blind,2,true,4194304,6021634,696539,315,2,231,0,93957,145369,150097
rtt150_loss1_bw100,edgecc_prior,0,true,4194304,14764468,284080,915,3,895,0,50446,144178,150168
rtt150_loss1_bw100,edgecc_prior,1,true,4194304,14418175,290903,923,4,901,0,50797,144178,150168
rtt150_loss1_bw100,edgecc_prior,2,true,4194304,17402891,241011,925,5,897,0,50563,144176,150168
rtt150_loss1_bw100,bbr3ref,0,true,4194304,1900736,2206673,1466,2,1316,0,82088,150156,150212
rtt150_loss1_bw100,bbr3ref,1,true,4194304,1834771,2286009,1469,2,1316,0,81967,150156,150212
rtt150_loss1_bw100,bbr3ref,2,true,4194304,1900853,2206537,1471,2,1316,0,81971,150156,150212
rtt150_loss1_bw100,lossblindref,0,true,4194304,5574198,752449,290,2,231,0,93957,145369,150107
rtt150_loss1_bw100,lossblindref,1,true,4194304,5121517,818957,317,1,231,0,93711,145369,150097
rtt150_loss1_bw100,lossblindref,2,true,4194304,6021634,696539,315,2,231,0,93957,145369,150097
rtt150_loss1_bw100,cubicref,0,true,4194304,6697804,626220,26,0,26,0,117,117,117
rtt150_loss1_bw100,cubicref,1,true,4194304,34628996,121121,44,11,32,0,117,117,117
rtt150_loss1_bw100,cubicref,2,true,4194304,2342074,1790850,31,0,31,0,117,117,2901
rtt150_loss1_bw100,newrenoref,0,true,4194304,27689762,151474,33,6,24,0,117,117,117
rtt150_loss1_bw100,newrenoref,1,true,4194304,43051743,97424,52,14,34,0,117,117,117
rtt150_loss1_bw100,newrenoref,2,true,4194304,39272333,106800,42,11,29,0,117,117,117
rtt150_loss1_bw1000,edgecc,0,true,4194304,944165,4442342,26,0,26,0,11040,21228,22140
rtt150_loss1_bw1000,edgecc,1,true,4194304,942869,4448448,34,0,34,0,10992,21132,22044
rtt150_loss1_bw1000,edgecc,2,true,4194304,946109,4433214,31,0,31,0,10992,21168,22080
rtt150_loss1_bw1000,edgecc_no_probe,0,true,4194304,944213,4442116,26,0,26,0,11088,21276,22188
rtt150_loss1_bw1000,edgecc_no_probe,1,true,4194304,942917,4448221,34,0,34,0,11040,21180,22092
rtt150_loss1_bw1000,edgecc_no_probe,2,true,4194304,946157,4432989,31,0,31,0,11040,21216,22128
rtt150_loss1_bw1000,edgecc_no_utility,0,true,4194304,944153,4442398,26,0,26,0,12423,23895,24927
rtt150_loss1_bw1000,edgecc_no_utility,1,true,4194304,942857,4448504,34,0,34,0,12375,23811,24831
rtt150_loss1_bw1000,edgecc_no_utility,2,true,4194304,946097,4433270,31,0,31,0,12375,23847,24867
rtt150_loss1_bw1000,edgecc_no_belief,0,true,4194304,794201,5281161,26,0,26,0,13896,26664,27804
rtt150_loss1_bw1000,edgecc_no_belief,1,true,4194304,792905,5289793,34,0,34,0,13848,26580,27708
rtt150_loss1_bw1000,edgecc_no_belief,2,true,4194304,796145,5268266,31,0,31,0,13848,26604,27744
rtt150_loss1_bw1000,edgecc_no_plateau,0,true,4194304,944165,4442342,26,0,26,0,11040,21228,22140
rtt150_loss1_bw1000,edgecc_no_plateau,1,true,4194304,942869,4448448,34,0,34,0,10992,21132,22044
rtt150_loss1_bw1000,edgecc_no_plateau,2,true,4194304,946109,4433214,31,0,31,0,10992,21168,22080
rtt150_loss1_bw1000,edgecc_no_prand,0,true,4194304,944165,4442342,26,0,26,0,11040,21228,22140
rtt150_loss1_bw1000,edgecc_no_prand,1,true,4194304,942869,4448448,34,0,34,0,10992,21132,22044
rtt150_loss1_bw1000,edgecc_no_prand,2,true,4194304,946109,4433214,31,0,31,0,10992,21168,22080
rtt150_loss1_bw1000,edgecc_loss_blind,0,true,4194304,944165,4442342,26,0,26,0,11040,21228,22140
rtt150_loss1_bw1000,edgecc_loss_blind,1,true,4194304,942869,4448448,34,0,34,0,10992,21132,22044
rtt150_loss1_bw1000,edgecc_loss_blind,2,true,4194304,946109,4433214,31,0,31,0,10992,21168,22080
rtt150_loss1_bw1000,edgecc_prior,0,true,4194304,380244,11030559,26,0,26,0,12,12,12
rtt150_loss1_bw1000,edgecc_prior,1,true,4194304,377244,11118278,34,0,34,0,12,12,12
rtt150_loss1_bw1000,edgecc_prior,2,true,4194304,385254,10887113,31,0,31,0,12,12,12
rtt150_loss1_bw1000,bbr3ref,0,true,4194304,495292,8468345,26,0,26,0,14172,26940,28080
rtt150_loss1_bw1000,bbr3ref,1,true,4194304,493996,8490562,34,0,34,0,14124,26856,27984
rtt150_loss1_bw1000,bbr3ref,2,true,4194304,497236,8435237,31,0,31,0,14136,26892,28020
rtt150_loss1_bw1000,lossblindref,0,true,4194304,944165,4442342,26,0,26,0,11040,21228,22140
rtt150_loss1_bw1000,lossblindref,1,true,4194304,942869,4448448,34,0,34,0,10992,21132,22044
rtt150_loss1_bw1000,lossblindref,2,true,4194304,946109,4433214,31,0,31,0,10992,21168,22080
rtt150_loss1_bw1000,cubicref,0,true,4194304,6692726,626695,26,0,26,0,12,12,12
rtt150_loss1_bw1000,cubicref,1,true,4194304,34604487,121206,44,11,32,0,12,12,12
rtt150_loss1_bw1000,cubicref,2,true,4194304,2338563,1793539,31,0,31,0,12,12,12
rtt150_loss1_bw1000,newrenoref,0,true,4194304,27670469,151580,33,6,24,0,12,12,12
rtt150_loss1_bw1000,newrenoref,1,true,4194304,43022225,97491,52,14,34,0,12,12,12
rtt150_loss1_bw1000,newrenoref,2,true,4194304,39245273,106874,42,11,29,0,12,12,12
rtt150_loss3_bw10,edgecc,0,false,2976940,60000000,49615,782,39,550,0,1168,148504,149256
rtt150_loss3_bw10,edgecc,1,false,2868900,60000000,47815,221,37,59,0,1168,3504,9344
rtt150_loss3_bw10,edgecc,2,false,2911240,60000000,48520,783,45,564,0,1168,138458,148960
rtt150_loss3_bw10,edgecc_no_probe,0,false,3133160,60000000,52219,641,36,415,0,1168,126180,148992
rtt150_loss3_bw10,edgecc_no_probe,1,false,2867440,60000000,47790,1892,41,2587,0,43214,149327,149456
rtt150_loss3_bw10,edgecc_no_probe,2,false,2892260,60000000,48204,693,44,497,0,1168,138317,148821
rtt150_loss3_bw10,edgecc_no_utility,0,false,2956500,60000000,49275,1027,39,799,0,1168,148641,149265
rtt150_loss3_bw10,edgecc_no_utility,1,false,2952120,60000000,49202,1953,41,2590,0,42405,149390,149464
rtt150_loss3_bw10,edgecc_no_utility,2,false,2968180,60000000,49469,953,43,725,0,1168,144234,149048
rtt150_loss3_bw10,edgecc_no_belief,0,false,3466040,60000000,57767,1406,36,1257,0,1168,149132,149376
rtt150_loss3_bw10,edgecc_no_belief,1,false,3011980,60000000,50199,1050,34,905,0,1168,148820,149348
rtt150_loss3_bw10,edgecc_no_belief,2,false,2909780,60000000,48496,1370,40,1206,0,11680,149136,149420
rtt150_loss3_bw10,edgecc_no_plateau,0,false,2976940,60000000,49615,782,39,550,0,1168,148504,149256
rtt150_loss3_bw10,edgecc_no_plateau,1,false,2868900,60000000,47815,221,37,59,0,1168,3504,9344
rtt150_loss3_bw10,edgecc_no_plateau,2,false,2911240,60000000,48520,783,45,564,0,1168,138458,148960
rtt150_loss3_bw10,edgecc_no_prand,0,false,2976940,60000000,49615,782,39,550,0,1168,148504,149256
rtt150_loss3_bw10,edgecc_no_prand,1,false,2868900,60000000,47815,221,37,59,0,1168,3504,9344
rtt150_loss3_bw10,edgecc_no_prand,2,false,2911240,60000000,48520,783,45,564,0,1168,138458,148960
rtt150_loss3_bw10,edgecc_loss_blind,0,false,3636860,60000000,60614,884,46,564,0,1168,148184,149176
rtt150_loss3_bw10,edgecc_loss_blind,1,false,3308360,60000000,55139,325,47,74,0,1168,6872,20352
rtt150_loss3_bw10,edgecc_loss_blind,2,false,3426620,60000000,57110,1043,41,765,0,1168,146622,149194
rtt150_loss3_bw10,edgecc_prior,0,false,3102500,60000000,51708,1032,39,854,0,1168,148639,149328
rtt150_loss3_bw10,edgecc_prior,1,false,3226600,60000000,53776,425,34,266,0,1168,100426,148664
rtt150_loss3_bw10,edgecc_prior,2,false,3574080,60000000,59568,295,42,117,0,1168,60898,137912
rtt150_loss3_bw10,bbr3ref,0,true,4194304,12248539,342433,18852,17,2579,0,148264,149408,149488
rtt150_loss3_bw10,bbr3ref,1,true,4194304,10266668,408536,14876,15,2466,0,146672,149364,149464
rtt150_loss3_bw10,bbr3ref,2,true,4194304,9758182,429824,12764,14,2440,0,146672,149344,149464
rtt150_loss3_bw10,lossblindref,0,false,3636860,60000000,60614,884,46,564,0,1168,148184,149176
rtt150_loss3_bw10,lossblindref,1,false,3308360,60000000,55139,325,47,74,0,1168,6872,20352
rtt150_loss3_bw10,lossblindref,2,false,3426620,60000000,57110,1043,41,765,0,1168,146622,149194
rtt150_loss3_bw10,cubicref,0,true,4194304,58656662,71506,158,50,85,0,1168,1168,1168
rtt150_loss3_bw10,cubicref,1,false,4143480,60000000,69058,192,50,92,0,1168,1168,1168
rtt150_loss3_bw10,cubicref,2,false,4045660,60000000,67427,173,52,95,0,1168,1168,1168
rtt150_loss3_bw10,newrenoref,0,false,2857220,60000000,47620,127,55,62,0,1168,1168,1168
rtt150_loss3_bw10,newrenoref,1,false,2873280,60000000,47888,122,54,62,0,1168,1168,1168
rtt150_loss3_bw10,newrenoref,2,false,2676180,60000000,44603,128,59,66,0,1168,1168,1168
rtt150_loss3_bw100,edgecc,0,true,4194304,1974862,2123846,105,2,94,0,64540,139540,148297
rtt150_loss3_bw100,edgecc,1,false,2820720,60000000,47012,220,39,61,0,117,234,1284
rtt150_loss3_bw100,edgecc,2,true,4194304,17196893,243898,166,13,94,0,30648,85770,92484
rtt150_loss3_bw100,edgecc_no_probe,0,true,4194304,1836752,2283543,344,1,315,0,70437,148431,150186
rtt150_loss3_bw100,edgecc_no_probe,1,false,2873280,60000000,47888,208,36,62,0,117,234,702
rtt150_loss3_bw100,edgecc_no_probe,2,true,4194304,31061740,135031,250,23,99,0,8160,66462,73629
rtt150_loss3_bw100,edgecc_no_utility,0,true,4194304,27424038,152942,1199,18,969,0,84139,150178,150217
rtt150_loss3_bw100,edgecc_no_utility,1,true,4194304,58635183,71532,226,32,87,0,117,3159,15678
rtt150_loss3_bw100,edgecc_no_utility,2,true,4194304,13339260,314433,206,11,99,0,27055,69253,73101
rtt150_loss3_bw100,edgecc_no_belief,0,true,4194304,18162478,230932,1194,13,1123,0,83337,150171,150216
rtt150_loss3_bw100,edgecc_no_belief,1,true,4194304,13704868,306044,1167,5,1124,0,83202,150171,150216
rtt150_loss3_bw100,edgecc_no_belief,2,true,4194304,2260057,1855839,349,2,337,0,79791,150129,150210
rtt150_loss3_bw100,edgecc_no_plateau,0,true,4194304,1974862,2123846,105,2,94,0,64540,139540,148297
rtt150_loss3_bw100,edgecc_no_plateau,1,false,2820720,60000000,47012,220,39,61,0,117,234,1284
rtt150_loss3_bw100,edgecc_no_plateau,2,true,4194304,17196893,243898,166,13,94,0,30648,85770,92484
rtt150_loss3_bw100,edgecc_no_prand,0,true,4194304,1974862,2123846,105,2,94,0,64540,139540,148297
rtt150_loss3_bw100,edgecc_no_prand,1,false,2820720,60000000,47012,220,39,61,0,117,234,1284
rtt150_loss3_bw100,edgecc_no_prand,2,true,4194304,17196893,243898,166,13,94,0,30648,85770,92484
rtt150_loss3_bw100,edgecc_loss_blind,0,true,4194304,1974862,2123846,105,2,94,0,64540,139540,148297
rtt150_loss3_bw100,edgecc_loss_blind,1,true,4194304,43431710,96572,1361,29,1235,0,78596,150161,150215
rtt150_loss3_bw100,edgecc_loss_blind,2,true,4194304,11251382,372781,198,9,96,0,34866,89361,95958
rtt150_loss3_bw100,edgecc_prior,0,true,4194304,1150351,3646108,90,1,87,0,117,122085,134356
rtt150_loss3_bw100,edgecc_prior,1,true,4194304,1300468,3225226,93,1,86,0,117,54769,66022
rtt150_loss3_bw100,edgecc_prior,2,true,4194304,1550117,2705798,101,2,93,0,117,43783,55937
rtt150_loss3_bw100,bbr3ref,0,true,4194304,1902140,2205044,1504,2,1316,0,81846,150154,150212
rtt150_loss3_bw100,bbr3ref,1,true,4194304,2351121,1783959,1515,3,1316,0,81725,150153,150212
rtt150_loss3_bw100,bbr3ref,2,true,4194304,2352040,1783262,1521,3,1316,0,81846,150152,150212
rtt150_loss3_bw100,lossblindref,0,true,4194304,1974862,2123846,105,2,94,0,64540,139540,148297
rtt150_loss3_bw100,lossblindref,1,true,4194304,43431710,96572,1361,29,1235,0,78596,150161,150215
rtt150_loss3_bw100,lossblindref,2,true,4194304,11251382,372781,198,9,96,0,34866,89361,95958
rtt150_loss3_bw100,cubicref,0,true,4194304,58136888,72145,149,49,87,0,117,117,117
rtt150_loss3_bw100,cubicref,1,false,4136180,60000000,68936,200,50,92,0,117,117,117
rtt150_loss3_bw100,cubicref,2,false,4050040,60000000,67500,190,53,95,0,117,117,117
rtt150_loss3_bw100,newrenoref,0,false,2861600,60000000,47693,124,53,61,0,117,117,117
rtt150_loss3_bw100,newrenoref,1,false,2790060,60000000,46501,112,51,61,0,117,117,117
rtt150_loss3_bw100,newrenoref,2,false,2698080,60000000,44968,131,60,66,0,117,117,117
rtt150_loss3_bw1000,edgecc,0,true,4194304,1283449,3267994,90,1,88,0,10680,20520,21408
rtt150_loss3_bw1000,edgecc,1,false,2657200,60000000,44286,218,39,56,0,12,12,36
rtt150_loss3_bw1000,edgecc,2,true,4194304,1972932,2125924,101,2,97,0,6394,12338,12862
rtt150_loss3_bw1000,edgecc_no_probe,0,true,4194304,1282405,3270654,90,1,88,0,10728,20568,21456
rtt150_loss3_bw1000,edgecc_no_probe,1,false,2724360,60000000,45406,216,39,57,0,12,12,48
rtt150_loss3_bw1000,edgecc_no_probe,2,true,4194304,1847182,2270650,101,2,97,0,7800,15036,15672
rtt150_loss3_bw1000,edgecc_no_utility,0,true,4194304,1283449,3267994,90,1,88,0,12051,23199,24195
rtt150_loss3_bw1000,edgecc_no_utility,1,false,2667420,60000000,44457,224,40,56,0,12,12,48
rtt150_loss3_bw1000,edgecc_no_utility,2,true,4194304,1847182,2270650,101,2,97,0,4316,7676,7976
rtt150_loss3_bw1000,edgecc_no_belief,0,true,4194304,1150024,3647144,90,1,88,0,13524,25956,27072
rtt150_loss3_bw1000,edgecc_no_belief,1,true,4194304,1150024,3647144,93,1,91,0,13500,25932,27048
rtt150_loss3_bw1000,edgecc_no_belief,2,true,4194304,1814955,2310968,101,2,97,0,6394,12338,12862
rtt150_loss3_bw1000,edgecc_no_plateau,0,true,4194304,1283449,3267994,90,1,88,0,10680,20520,21408
rtt150_loss3_bw1000,edgecc_no_plateau,1,false,2657200,60000000,44286,218,39,56,0,12,12,36
rtt150_loss3_bw1000,edgecc_no_plateau,2,true,4194304,1972932,2125924,101,2,97,0,6394,12338,12862
rtt150_loss3_bw1000,edgecc_no_prand,0,true,4194304,1283449,3267994,90,1,88,0,10680,20520,21408
rtt150_loss3_bw1000,edgecc_no_prand,1,false,2657200,60000000,44286,218,39,56,0,12,12,36
rtt150_loss3_bw1000,edgecc_no_prand,2,true,4194304,1972932,2125924,101,2,97,0,6394,12338,12862
rtt150_loss3_bw1000,edgecc_loss_blind,0,true,4194304,1283449,3267994,90,1,88,0,10680,20520,21408
rtt150_loss3_bw1000,edgecc_loss_blind,1,true,4194304,17078934,245583,129,9,90,0,3640,9578,10124
rtt150_loss3_bw1000,edgecc_loss_blind,2,true,4194304,1971168,2127826,101,2,97,0,6394,12338,12862
rtt150_loss3_bw1000,edgecc_prior,0,true,4194304,1150024,3647144,90,1,88,0,12,12,12
rtt150_loss3_bw1000,edgecc_prior,1,true,4194304,1150024,3647144,93,1,91,0,12,12,12
rtt150_loss3_bw1000,edgecc_prior,2,true,4194304,1550012,2705981,101,2,97,0,12,12,12
rtt150_loss3_bw1000,bbr3ref,0,true,4194304,1150024,3647144,90,1,88,0,13800,26244,27348
rtt150_loss3_bw1000,bbr3ref,1,true,4194304,1150024,3647144,93,1,91,0,13764,26196,27312
rtt150_loss3_bw1000,bbr3ref,2,true,4194304,1550012,2705981,101,2,97,0,13740,26136,27240
rtt150_loss3_bw1000,lossblindref,0,true,4194304,1283449,3267994,90,1,88,0,10680,20520,21408
rtt150_loss3_bw1000,lossblindref,1,true,4194304,17078934,245583,129,9,90,0,3640,9578,10124
rtt150_loss3_bw1000,lossblindref,2,true,4194304,1971168,2127826,101,2,97,0,6394,12338,12862
rtt150_loss3_bw1000,cubicref,0,true,4194304,58097050,72194,149,49,87,0,12,12,12
rtt150_loss3_bw1000,cubicref,1,false,4136180,60000000,68936,200,50,94,0,12,12,12
rtt150_loss3_bw1000,cubicref,2,false,4051500,60000000,67525,190,53,95,0,12,12,12
rtt150_loss3_bw1000,newrenoref,0,false,2522880,60000000,42048,136,78,53,0,12,12,12
rtt150_loss3_bw1000,newrenoref,1,false,2144740,60000000,35745,147,97,54,0,12,12,12
rtt150_loss3_bw1000,newrenoref,2,false,2699540,60000000,44992,132,60,66,0,12,12,12
rtt150_loss5_bw10,edgecc,0,false,2741880,60000000,45698,347,62,109,0,1168,83977,118546
rtt150_loss5_bw10,edgecc,1,false,2244020,60000000,37400,291,57,79,0,1168,1168,3504
rtt150_loss5_bw10,edgecc,2,false,2687860,60000000,44797,837,60,578,0,1168,143118,149008
rtt150_loss5_bw10,edgecc_no_probe,0,false,2741880,60000000,45698,358,61,137,0,1168,91776,134107
rtt150_loss5_bw10,edgecc_no_probe,1,false,2238180,60000000,37303,295,58,80,0,1168,1168,3504
rtt150_loss5_bw10,edgecc_no_probe,2,false,2660120,60000000,44335,746,58,515,0,1168,144067,148823
rtt150_loss5_bw10,edgecc_no_utility,0,false,2728740,60000000,45479,378,60,158,0,1168,74969,134551
rtt150_loss5_bw10,edgecc_no_utility,1,false,2244020,60000000,37400,291,57,79,0,1168,1168,3504
rtt150_loss5_bw10,edgecc_no_utility,2,false,2668880,60000000,44481,1011,59,737,0,1168,148346,149210
rtt150_loss5_bw10,edgecc_no_belief,0,false,2820720,60000000,47012,690,58,471,0,1168,148938,149324
rtt150_loss5_bw10,edgecc_no_belief,1,false,2185620,60000000,36427,278,55,74,0,1168,1168,4672
rtt150_loss5_bw10,edgecc_no_belief,2,false,2719980,60000000,45333,1422,53,1207,0,78872,149204,149428
rtt150_loss5_bw10,edgecc_no_plateau,0,false,2741880,60000000,45698,347,62,109,0,1168,83977,118546
rtt150_loss5_bw10,edgecc_no_plateau,1,false,2244020,60000000,37400,291,57,79,0,1168,1168,3504
rtt150_loss5_bw10,edgecc_no_plateau,2,false,2687860,60000000,44797,837,60,578,0,1168,143118,149008
rtt150_loss5_bw10,edgecc_no_prand,0,false,2741880,60000000,45698,347,62,109,0,1168,83977,118546
rtt150_loss5_bw10,edgecc_no_prand,1,false,2244020,60000000,37400,291,57,79,0,1168,1168,3504
rtt150_loss5_bw10,edgecc_no_prand,2,false,2687860,60000000,44797,837,60,578,0,1168,143118,149008
rtt150_loss5_bw10,edgecc_loss_blind,0,false,3083520,60000000,51392,429,64,164,0,1168,113624,143329
rtt150_loss5_bw10,edgecc_loss_blind,1,false,2698080,60000000,44968,333,57,95,0,1168,3504,9344
rtt150_loss5_bw10,edgecc_loss_blind,2,false,2877660,60000000,47961,1113,61,780,0,1168,148614,149278
rtt150_loss5_bw10,edgecc_prior,0,false,3277700,60000000,54628,373,61,139,0,1168,102784,144832
rtt150_loss5_bw10,edgecc_prior,1,false,3079140,60000000,51319,317,54,108,0,1168,52884,128414
rtt150_loss5_bw10,edgecc_prior,2,false,3216380,60000000,53606,388,65,147,0,1168,77146,139080
rtt150_loss5_bw10,bbr3ref,0,true,4194304,8453416,496166,9175,13,2322,0,146672,149344,149472
rtt150_loss5_bw10,bbr3ref,1,true,4194304,9705480,432158,11323,14,2426,0,147840,149368,149472
rtt150_loss5_bw10,bbr3ref,2,true,4194304,9575634,438018,12810,14,2440,0,147840,149344,149464
rtt150_loss5_bw10,lossblindref,0,false,3083520,60000000,51392,429,64,164,0,1168,113624,143329
rtt150_loss5_bw10,lossblindref,1,false,2698080,60000000,44968,333,57,95,0,1168,3504,9344
rtt150_loss5_bw10,lossblindref,2,false,2877660,60000000,47961,1113,61,780,0,1168,148614,149278
rtt150_loss5_bw10,cubicref,0,false,2849920,60000000,47498,197,70,114,0,1168,1168,1168
rtt150_loss5_bw10,cubicref,1,false,2955040,60000000,49250,180,66,110,0,1168,1168,1168
rtt150_loss5_bw10,cubicref,2,false,3032420,60000000,50540,190,68,116,0,1168,1168,1168
rtt150_loss5_bw10,newrenoref,0,false,1946180,60000000,32436,155,93,70,0,1168,1168,1168
rtt150_loss5_bw10,newrenoref,1,false,1645420,60000000,27423,162,103,63,0,1168,1168,1168
rtt150_loss5_bw10,newrenoref,2,false,2173940,60000000,36232,146,72,80,0,1168,1168,1168
rtt150_loss5_bw100,edgecc,0,false,4149320,60000000,69155,400,64,163,0,117,41715,46824
rtt150_loss5_bw100,edgecc,1,false,2268840,60000000,37814,304,59,82,0,117,117,585
rtt150_loss5_bw100,edgecc,2,true,4194304,20549060,204111,293,22,161,0,29646,83196,89442
rtt150_loss5_bw100,edgecc_no_probe,0,true,4194304,52481519,79919,369,56,158,0,117,56892,63144
rtt150_loss5_bw100,edgecc_no_probe,1,false,2267380,60000000,37789,303,59,80,0,117,117,585
rtt150_loss5_bw100,edgecc_no_probe,2,true,4194304,36521009,114846,380,42,158,0,9088,65115,71904
rtt150_loss5_bw100,edgecc_no_utility,0,true,4194304,54906286,76390,387,57,160,0,117,37665,42669
rtt150_loss5_bw100,edgecc_no_utility,1,false,2268840,60000000,37814,304,59,82,0,117,117,585
rtt150_loss5_bw100,edgecc_no_utility,2,true,4194304,16849739,248923,311,20,157,0,25872,66237,69773
rtt150_loss5_bw100,edgecc_no_belief,0,true,4194304,2070099,2026136,171,1,161,0,72079,131151,131853
rtt150_loss5_bw100,edgecc_no_belief,1,false,2738960,60000000,45649,295,55,97,0,117,4988,7658
rtt150_loss5_bw100,edgecc_no_belief,2,true,4194304,2885042,1453810,364,3,337,0,78774,150105,150204
rtt150_loss5_bw100,edgecc_no_plateau,0,false,4149320,60000000,69155,400,64,163,0,117,41715,46824
rtt150_loss5_bw100,edgecc_no_plateau,1,false,2268840,60000000,37814,304,59,82,0,117,117,585
rtt150_loss5_bw100,edgecc_no_plateau,2,true,4194304,20549060,204111,293,22,161,0,29646,83196,89442
rtt150_loss5_bw100,edgecc_no_prand,0,false,4149320,60000000,69155,400,64,163,0,117,41715,46824
rtt150_loss5_bw100,edgecc_no_prand,1,false,2268840,60000000,37814,304,59,82,0,117,117,585
rtt150_loss5_bw100,edgecc_no_prand,2,true,4194304,20549060,204111,293,22,161,0,29646,83196,89442
rtt150_loss5_bw100,edgecc_loss_blind,0,true,4194304,52656286,79654,383,54,163,0,117,44211,49551
rtt150_loss5_bw100,edgecc_loss_blind,1,false,2614860,60000000,43581,309,55,90,0,117,205,819
rtt150_loss5_bw100,edgecc_loss_blind,2,true,4194304,15525789,270150,333,19,161,0,34041,86436,92799
rtt150_loss5_bw100,edgecc_prior,0,true,4194304,18164069,230912,234,19,164,0,117,8977,20170
rtt150_loss5_bw100,edgecc_prior,1,true,4194304,7549195,555596,190,11,148,0,117,18889,30577
rtt150_loss5_bw100,edgecc_prior,2,true,4194304,1600468,2620673,164,1,151,0,117,42964,54884
rtt150_loss5_bw100,bbr3ref,0,true,4194304,2353327,1782286,1563,3,1316,0,81604,150151,150212
rtt150_loss5_bw100,bbr3ref,1,true,4194304,2951840,1420911,1560,4,1316,0,81604,150151,150212
rtt150_loss5_bw100,bbr3ref,2,true,4194304,2953712,1420011,1556,4,1316,0,81725,150151,150212
rtt150_loss5_bw100,lossblindref,0,true,4194304,52656286,79654,383,54,163,0,117,44211,49551
rtt150_loss5_bw100,lossblindref,1,false,2614860,60000000,43581,309,55,90,0,117,205,819
rtt150_loss5_bw100,lossblindref,2,true,4194304,15525789,270150,333,19,161,0,34041,86436,92799
rtt150_loss5_bw100,cubicref,0,false,2896640,60000000,48277,205,70,116,0,117,117,117
rtt150_loss5_bw100,cubicref,1,false,3049940,60000000,50832,180,64,110,0,117,117,117
rtt150_loss5_bw100,cubicref,2,false,3003220,60000000,50053,199,73,113,0,117,117,117
rtt150_loss5_bw100,newrenoref,0,false,1966620,60000000,32777,155,92,71,0,117,117,117
rtt150_loss5_bw100,newrenoref,1,false,1668780,60000000,27813,163,103,65,0,117,117,117
rtt150_loss5_bw100,newrenoref,2,false,2173940,60000000,36232,148,73,82,0,117,117,117
rtt150_loss5_bw1000,edgecc,0,true,4194304,1878599,2232676,171,1,161,0,6094,11648,12146
rtt150_loss5_bw1000,edgecc,1,false,2268840,60000000,37814,304,59,82,0,12,12,48
rtt150_loss5_bw1000,edgecc,2,true,4194304,2022500,2073821,164,1,151,0,6116,11704,12214
rtt150_loss5_bw1000,edgecc_no_probe,0,true,4194304,1737666,2413757,171,1,161,0,7500,14352,14964
rtt150_loss5_bw1000,edgecc_no_probe,1,false,2267380,60000000,37789,303,59,80,0,12,12,48
rtt150_loss5_bw1000,edgecc_no_probe,2,true,4194304,1896750,2211310,164,1,151,0,7512,14400,15024
rtt150_loss5_bw1000,edgecc_no_utility,0,true,4194304,1737856,2413493,171,1,161,0,6104,11658,12156
rtt150_loss5_bw1000,edgecc_no_utility,1,false,2268840,60000000,37814,304,59,82,0,12,12,48
rtt150_loss5_bw1000,edgecc_no_utility,2,true,4194304,1896750,2211310,164,1,151,0,4058,7046,7328
rtt150_loss5_bw1000,edgecc_no_belief,0,true,4194304,1850393,2266709,171,1,161,0,6074,11628,12126
rtt150_loss5_bw1000,edgecc_no_belief,1,true,4194304,2164400,1937859,156,2,141,0,594,3642,3930
rtt150_loss5_bw1000,edgecc_no_belief,2,true,4194304,1864991,2248967,164,1,151,0,6116,11704,12214
rtt150_loss5_bw1000,edgecc_no_plateau,0,true,4194304,1878599,2232676,171,1,161,0,6094,11648,12146
rtt150_loss5_bw1000,edgecc_no_plateau,1,false,2268840,60000000,37814,304,59,82,0,12,12,48
rtt150_loss5_bw1000,edgecc_no_plateau,2,true,4194304,2022500,2073821,164,1,151,0,6116,11704,12214
rtt150_loss5_bw1000,edgecc_no_prand,0,true,4194304,1878599,2232676,171,1,161,0,6094,11648,12146
rtt150_loss5_bw1000,edgecc_no_prand,1,false,2268840,60000000,37814,304,59,82,0,12,12,48
rtt150_loss5_bw1000,edgecc_no_prand,2,true,4194304,2022500,2073821,164,1,151,0,6116,11704,12214
rtt150_loss5_bw1000,edgecc_loss_blind,0,true,4194304,1877951,2233446,171,1,161,0,6094,11648,12146
rtt150_loss5_bw1000,edgecc_loss_blind,1,false,2607560,60000000,43459,312,56,91,0,12,12,36
rtt150_loss5_bw1000,edgecc_loss_blind,2,true,4194304,2020796,2075570,164,1,151,0,6116,11704,12214
rtt150_loss5_bw1000,edgecc_prior,0,true,4194304,1450134,2892356,171,1,161,0,12,12,12
rtt150_loss5_bw1000,edgecc_prior,1,true,4194304,1550012,2705981,154,2,144,0,12,12,12
rtt150_loss5_bw1000,edgecc_prior,2,true,4194304,1600048,2621361,164,1,151,0,12,12,12
rtt150_loss5_bw1000,bbr3ref,0,true,4194304,1300084,3226179,171,1,161,0,13368,25404,26472
rtt150_loss5_bw1000,bbr3ref,1,true,4194304,1550012,2705981,153,2,144,0,13452,25596,26676
rtt150_loss5_bw1000,bbr3ref,2,true,4194304,1300120,3226089,164,1,151,0,13428,25512,26592
rtt150_loss5_bw1000,lossblindref,0,true,4194304,1877951,2233446,171,1,161,0,6094,11648,12146
rtt150_loss5_bw1000,lossblindref,1,false,2607560,60000000,43459,312,56,91,0,12,12,36
rtt150_loss5_bw1000,lossblindref,2,true,4194304,2020796,2075570,164,1,151,0,6116,11704,12214
rtt150_loss5_bw1000,cubicref,0,false,2863060,60000000,47717,199,70,110,0,12,12,12
rtt150_loss5_bw1000,cubicref,1,false,3052860,60000000,50881,180,64,110,0,12,12,12
rtt150_loss5_bw1000,cubicref,2,false,3004680,60000000,50078,199,73,113,0,12,12,12
rtt150_loss5_bw1000,newrenoref,0,false,1971000,60000000,32850,155,92,71,0,12,12,12
rtt150_loss5_bw1000,newrenoref,1,false,1670240,60000000,27837,161,101,65,0,12,12,12
rtt150_loss5_bw1000,newrenoref,2,false,2173940,60000000,36232,150,73,82,0,12,12,12
rtt300_loss0_bw10,edgecc,0,true,4194304,47046108,89153,2267,1,2267,0,243488,298868,298980
rtt300_loss0_bw10,edgecc,1,true,4194304,47046108,89153,2267,1,2267,0,243488,298868,298980
rtt300_loss0_bw10,edgecc,2,true,4194304,47046108,89153,2267,1,2267,0,243488,298868,298980
rtt300_loss0_bw10,edgecc_no_probe,0,false,1972460,60000000,32874,783,1,2263,0,193027,298692,298966
rtt300_loss0_bw10,edgecc_no_probe,1,false,1972460,60000000,32874,783,1,2263,0,193027,298692,298966
rtt300_loss0_bw10,edgecc_no_probe,2,false,1972460,60000000,32874,783,1,2263,0,193027,298692,298966
rtt300_loss0_bw10,edgecc_no_utility,0,true,4194304,46724137,89767,2277,1,2277,0,240784,298797,298943
rtt300_loss0_bw10,edgecc_no_utility,1,true,4194304,46724137,89767,2277,1,2277,0,240784,298797,298943
rtt300_loss0_bw10,edgecc_no_utility,2,true,4194304,46724137,89767,2277,1,2277,0,240784,298797,298943
rtt300_loss0_bw10,edgecc_no_belief,0,true,4194304,6365450,658917,2286,0,2286,0,263192,298880,298987
rtt300_loss0_bw10,edgecc_no_belief,1,true,4194304,6365450,658917,2286,0,2286,0,263192,298880,298987
rtt300_loss0_bw10,edgecc_no_belief,2,true,4194304,6365450,658917,2286,0,2286,0,263192,298880,298987
rtt300_loss0_bw10,edgecc_no_plateau,0,true,4194304,47046108,89153,2267,1,2267,0,243488,298868,298980
rtt300_loss0_bw10,edgecc_no_plateau,1,true,4194304,47046108,89153,2267,1,2267,0,243488,298868,298980
rtt300_loss0_bw10,edgecc_no_plateau,2,true,4194304,47046108,89153,2267,1,2267,0,243488,298868,298980
rtt300_loss0_bw10,edgecc_no_prand,0,true,4194304,47046108,89153,2267,1,2267,0,243488,298868,298980
rtt300_loss0_bw10,edgecc_no_prand,1,true,4194304,47046108,89153,2267,1,2267,0,243488,298868,298980
rtt300_loss0_bw10,edgecc_no_prand,2,true,4194304,47046108,89153,2267,1,2267,0,243488,298868,298980
rtt300_loss0_bw10,edgecc_loss_blind,0,true,4194304,47046108,89153,2267,1,2267,0,243488,298868,298980
rtt300_loss0_bw10,edgecc_loss_blind,1,true,4194304,47046108,89153,2267,1,2267,0,243488,298868,298980
rtt300_loss0_bw10,edgecc_loss_blind,2,true,4194304,47046108,89153,2267,1,2267,0,243488,298868,298980
rtt300_loss0_bw10,edgecc_prior,0,true,4194304,28866538,145299,2314,1,2314,0,177493,298899,298983
rtt300_loss0_bw10,edgecc_prior,1,true,4194304,28866538,145299,2314,1,2314,0,177493,298899,298983
rtt300_loss0_bw10,edgecc_prior,2,true,4194304,28866538,145299,2314,1,2314,0,177493,298899,298983
rtt300_loss0_bw10,bbr3ref,0,true,4194304,5506865,761650,2352,1,2352,0,272296,298880,298984
rtt300_loss0_bw10,bbr3ref,1,true,4194304,5506865,761650,2352,1,2352,0,272296,298880,298984
rtt300_loss0_bw10,bbr3ref,2,true,4194304,5506865,761650,2352,1,2352,0,272296,298880,298984
rtt300_loss0_bw10,lossblindref,0,true,4194304,47046108,89153,2267,1,2267,0,243488,298868,298980
rtt300_loss0_bw10,lossblindref,1,true,4194304,47046108,89153,2267,1,2267,0,243488,298868,298980
rtt300_loss0_bw10,lossblindref,2,true,4194304,47046108,89153,2267,1,2267,0,243488,298868,298980
rtt300_loss0_bw10,cubicref,0,true,4194304,6637757,631885,826,1,637,0,134381,298555,298908
rtt300_loss0_bw10,cubicref,1,true,4194304,6637757,631885,826,1,637,0,134381,298555,298908
rtt300_loss0_bw10,cubicref,2,true,4194304,6637757,631885,826,1,637,0,134381,298555,298908
rtt300_loss0_bw10,newrenoref,0,true,4194304,8823985,475329,647,1,619,0,6180,298525,298907
rtt300_loss0_bw10,newrenoref,1,true,4194304,8823985,475329,647,1,619,0,6180,298525,298907
rtt300_loss0_bw10,newrenoref,2,true,4194304,8823985,475329,647,1,619,0,6180,298525,298907
rtt300_loss0_bw100,edgecc,0,true,4194304,1857792,2257682,0,0,0,0,110518,212586,221668
rtt300_loss0_bw100,edgecc,1,true,4194304,1857792,2257682,0,0,0,0,110518,212586,221668
rtt300_loss0_bw100,edgecc,2,true,4194304,1857792,2257682,0,0,0,0,110518,212586,221668
rtt300_loss0_bw100,edgecc_no_probe,0,true,4194304,1858260,2257113,0,0,0,0,112501,215861,225055
rtt300_loss0_bw100,edgecc_no_probe,1,true,4194304,1858260,2257113,0,0,0,0,112501,215861,225055
rtt300_loss0_bw100,edgecc_no_probe,2,true,4194304,1858260,2257113,0,0,0,0,112501,215861,225055
rtt300_loss0_bw100,edgecc_no_utility,0,true,4194304,1857675,2257824,0,0,0,0,129958,250162,260857
rtt300_loss0_bw100,edgecc_no_utility,1,true,4194304,1857675,2257824,0,0,0,0,129958,250162,260857
rtt300_loss0_bw100,edgecc_no_utility,2,true,4194304,1857675,2257824,0,0,0,0,129958,250162,260857
rtt300_loss0_bw100,edgecc_no_belief,0,true,4194304,1558143,2691860,0,0,0,0,139068,266931,278361
rtt300_loss0_bw100,edgecc_no_belief,1,true,4194304,1558143,2691860,0,0,0,0,139068,266931,278361
rtt300_loss0_bw100,edgecc_no_belief,2,true,4194304,1558143,2691860,0,0,0,0,139068,266931,278361
rtt300_loss0_bw100,edgecc_no_plateau,0,true,4194304,1857792,2257682,0,0,0,0,110518,212586,221668
rtt300_loss0_bw100,edgecc_no_plateau,1,true,4194304,1857792,2257682,0,0,0,0,110518,212586,221668
rtt300_loss0_bw100,edgecc_no_plateau,2,true,4194304,1857792,2257682,0,0,0,0,110518,212586,221668
rtt300_loss0_bw100,edgecc_no_prand,0,true,4194304,1857792,2257682,0,0,0,0,110518,212586,221668
rtt300_loss0_bw100,edgecc_no_prand,1,true,4194304,1857792,2257682,0,0,0,0,110518,212586,221668
rtt300_loss0_bw100,edgecc_no_prand,2,true,4194304,1857792,2257682,0,0,0,0,110518,212586,221668
rtt300_loss0_bw100,edgecc_loss_blind,0,true,4194304,1857792,2257682,0,0,0,0,110518,212586,221668
rtt300_loss0_bw100,edgecc_loss_blind,1,true,4194304,1857792,2257682,0,0,0,0,110518,212586,221668
rtt300_loss0_bw100,edgecc_loss_blind,2,true,4194304,1857792,2257682,0,0,0,0,110518,212586,221668
rtt300_loss0_bw100,edgecc_prior,0,true,4194304,816019,5139958,0,0,0,0,42940,180967,193702
rtt300_loss0_bw100,edgecc_prior,1,true,4194304,816019,5139958,0,0,0,0,42940,180967,193702
rtt300_loss0_bw100,edgecc_prior,2,true,4194304,816019,5139958,0,0,0,0,42940,180967,193702
rtt300_loss0_bw100,bbr3ref,0,true,4194304,9665130,433962,32,1,32,0,150184,285674,297564
rtt300_loss0_bw100,bbr3ref,1,true,4194304,9665130,433962,32,1,32,0,150184,285674,297564
rtt300_loss0_bw100,bbr3ref,2,true,4194304,9665130,433962,32,1,32,0,150184,285674,297564
rtt300_loss0_bw100,lossblindref,0,true,4194304,1857792,2257682,0,0,0,0,110518,212586,221668
rtt300_loss0_bw100,lossblindref,1,true,4194304,1857792,2257682,0,0,0,0,110518,212586,221668
rtt300_loss0_bw100,lossblindref,2,true,4194304,1857792,2257682,0,0,0,0,110518,212586,221668
rtt300_loss0_bw100,cubicref,0,true,4194304,3669722,1142948,0,0,0,0,117,117,117
rtt300_loss0_bw100,cubicref,1,true,4194304,3669722,1142948,0,0,0,0,117,117,117
rtt300_loss0_bw100,cubicref,2,true,4194304,3669722,1142948,0,0,0,0,117,117,117
rtt300_loss0_bw100,newrenoref,0,true,4194304,3669722,1142948,0,0,0,0,117,117,117
rtt300_loss0_bw100,newrenoref,1,true,4194304,3669722,1142948,0,0,0,0,117,117,117
rtt300_loss0_bw100,newrenoref,2,true,4194304,3669722,1142948,0,0,0,0,117,117,117
rtt300_loss0_bw1000,edgecc,0,true,4194304,1559597,2689351,0,0,0,0,11196,21528,22452
rtt300_loss0_bw1000,edgecc,1,true,4194304,1559597,2689351,0,0,0,0,11196,21528,22452
rtt300_loss0_bw1000,edgecc,2,true,4194304,1559597,2689351,0,0,0,0,11196,21528,22452
rtt300_loss0_bw1000,edgecc_no_probe,0,true,4194304,1559645,2689268,0,0,0,0,11244,21576,22500
rtt300_loss0_bw1000,edgecc_no_probe,1,true,4194304,1559645,2689268,0,0,0,0,11244,21576,22500
rtt300_loss0_bw1000,edgecc_no_probe,2,true,4194304,1559645,2689268,0,0,0,0,11244,21576,22500
rtt300_loss0_bw1000,edgecc_no_utility,0,true,4194304,1559585,2689371,0,0,0,0,12579,24207,25239
rtt300_loss0_bw1000,edgecc_no_utility,1,true,4194304,1559585,2689371,0,0,0,0,12579,24207,25239
rtt300_loss0_bw1000,edgecc_no_utility,2,true,4194304,1559585,2689371,0,0,0,0,12579,24207,25239
rtt300_loss0_bw1000,edgecc_no_belief,0,true,4194304,1259633,3329782,0,0,0,0,14052,26964,28116
rtt300_loss0_bw1000,edgecc_no_belief,1,true,4194304,1259633,3329782,0,0,0,0,14052,26964,28116
rtt300_loss0_bw1000,edgecc_no_belief,2,true,4194304,1259633,3329782,0,0,0,0,14052,26964,28116
rtt300_loss0_bw1000,edgecc_no_plateau,0,true,4194304,1559597,2689351,0,0,0,0,11196,21528,22452
rtt300_loss0_bw1000,edgecc_no_plateau,1,true,4194304,1559597,2689351,0,0,0,0,11196,21528,22452
rtt300_loss0_bw1000,edgecc_no_plateau,2,true,4194304,1559597,2689351,0,0,0,0,11196,21528,22452
rtt300_loss0_bw1000,edgecc_no_prand,0,true,4194304,1559597,2689351,0,0,0,0,11196,21528,22452
rtt300_loss0_bw1000,edgecc_no_prand,1,true,4194304,1559597,2689351,0,0,0,0,11196,21528,22452
rtt300_loss0_bw1000,edgecc_no_prand,2,true,4194304,1559597,2689351,0,0,0,0,11196,21528,22452
rtt300_loss0_bw1000,edgecc_loss_blind,0,true,4194304,1559597,2689351,0,0,0,0,11196,21528,22452
rtt300_loss0_bw1000,edgecc_loss_blind,1,true,4194304,1559597,2689351,0,0,0,0,11196,21528,22452
rtt300_loss0_bw1000,edgecc_loss_blind,2,true,4194304,1559597,2689351,0,0,0,0,11196,21528,22452
rtt300_loss0_bw1000,edgecc_prior,0,true,4194304,386170,10861289,0,0,0,0,12,12,12
rtt300_loss0_bw1000,edgecc_prior,1,true,4194304,386170,10861289,0,0,0,0,12,12,12
rtt300_loss0_bw1000,edgecc_prior,2,true,4194304,386170,10861289,0,0,0,0,12,12,12
rtt300_loss0_bw1000,bbr3ref,0,true,4194304,661504,6340557,0,0,0,0,14328,27252,28392
rtt300_loss0_bw1000,bbr3ref,1,true,4194304,661504,6340557,0,0,0,0,14328,27252,28392
rtt300_loss0_bw1000,bbr3ref,2,true,4194304,661504,6340557,0,0,0,0,14328,27252,28392
rtt300_loss0_bw1000,lossblindref,0,true,4194304,1559597,2689351,0,0,0,0,11196,21528,22452
rtt300_loss0_bw1000,lossblindref,1,true,4194304,1559597,2689351,0,0,0,0,11196,21528,22452
rtt300_loss0_bw1000,lossblindref,2,true,4194304,1559597,2689351,0,0,0,0,11196,21528,22452
rtt300_loss0_bw1000,cubicref,0,true,4194304,3668362,1143372,0,0,0,0,12,12,12
rtt300_loss0_bw1000,cubicref,1,true,4194304,3668362,1143372,0,0,0,0,12,12,12
rtt300_loss0_bw1000,cubicref,2,true,4194304,3668362,1143372,0,0,0,0,12,12,12
rtt300_loss0_bw1000,newrenoref,0,true,4194304,3668362,1143372,0,0,0,0,12,12,12
rtt300_loss0_bw1000,newrenoref,1,true,4194304,3668362,1143372,0,0,0,0,12,12,12
rtt300_loss0_bw1000,newrenoref,2,true,4194304,3668362,1143372,0,0,0,0,12,12,12
rtt300_loss0.1_bw10,edgecc,0,false,2590040,60000000,43167,1215,2,2267,0,243488,298868,298980
rtt300_loss0.1_bw10,edgecc,1,false,1943260,60000000,32387,804,2,2267,0,242332,298868,298980
rtt300_loss0.1_bw10,edgecc,2,false,2137440,60000000,35624,909,1,2267,0,243488,298868,298980
rtt300_loss0.1_bw10,edgecc_no_probe,0,false,1968080,60000000,32801,784,2,2263,0,193027,298692,298966
rtt300_loss0.1_bw10,edgecc_no_probe,1,false,1968080,60000000,32801,792,2,2263,0,193027,298692,298966
rtt300_loss0.1_bw10,edgecc_no_probe,2,false,1968080,60000000,32801,784,2,2263,0,193027,298692,298966
rtt300_loss0.1_bw10,edgecc_no_utility,0,false,2563760,60000000,42729,1205,2,2277,0,240784,298797,298943
rtt300_loss0.1_bw10,edgecc_no_utility,1,false,1792880,60000000,29881,801,2,2277,0,240784,298797,298943
rtt300_loss0.1_bw10,edgecc_no_utility,2,false,1979760,60000000,32996,902,1,2277,0,240784,298797,298943
rtt300_loss0.1_bw10,edgecc_no_belief,0,false,3312740,60000000,55212,1725,3,2286,0,263192,298880,298987
rtt300_loss0.1_bw10,edgecc_no_belief,1,false,2049840,60000000,34164,1110,2,2286,0,263120,298880,298987
rtt300_loss0.1_bw10,edgecc_no_belief,2,false,2692240,60000000,44870,1328,1,2286,0,263192,298880,298987
rtt300_loss0.1_bw10,edgecc_no_plateau,0,false,2590040,60000000,43167,1215,2,2267,0,243488,298868,298980
rtt300_loss0.1_bw10,edgecc_no_plateau,1,false,1943260,60000000,32387,804,2,2267,0,242332,298868,298980
rtt300_loss0.1_bw10,edgecc_no_plateau,2,false,2137440,60000000,35624,909,1,2267,0,243488,298868,298980
rtt300_loss0.1_bw10,edgecc_no_prand,0,false,2590040,60000000,43167,1215,2,2267,0,243488,298868,298980
rtt300_loss0.1_bw10,edgecc_no_prand,1,false,1943260,60000000,32387,804,2,2267,0,242332,298868,298980
rtt300_loss0.1_bw10,edgecc_no_prand,2,false,2137440,60000000,35624,909,1,2267,0,243488,298868,298980
rtt300_loss0.1_bw10,edgecc_loss_blind,0,false,2590040,60000000,43167,1215,2,2267,0,243488,298868,298980
rtt300_loss0.1_bw10,edgecc_loss_blind,1,false,1943260,60000000,32387,804,2,2267,0,242332,298868,298980
rtt300_loss0.1_bw10,edgecc_loss_blind,2,false,2137440,60000000,35624,909,1,2267,0,243488,298868,298980
rtt300_loss0.1_bw10,edgecc_prior,0,false,2791520,60000000,46525,1414,3,2314,0,177493,298899,298983
rtt300_loss0.1_bw10,edgecc_prior,1,false,2017720,60000000,33628,967,2,2314,0,177493,298899,298983
rtt300_loss0.1_bw10,edgecc_prior,2,false,2263000,60000000,37716,1061,1,2314,0,177493,298899,298983
rtt300_loss0.1_bw10,bbr3ref,0,true,4194304,10103843,415119,5213,6,2352,0,272296,298880,298984
rtt300_loss0.1_bw10,bbr3ref,1,true,4194304,10096659,415415,5247,6,2352,0,272296,298880,298984
rtt300_loss0.1_bw10,bbr3ref,2,true,4194304,12595289,333005,8230,8,2352,0,272296,298880,298984
rtt300_loss0.1_bw10,lossblindref,0,false,2590040,60000000,43167,1215,2,2267,0,243488,298868,298980
rtt300_loss0.1_bw10,lossblindref,1,false,1943260,60000000,32387,804,2,2267,0,242332,298868,298980
rtt300_loss0.1_bw10,lossblindref,2,false,2137440,60000000,35624,909,1,2267,0,243488,298868,298980
rtt300_loss0.1_bw10,cubicref,0,true,4194304,6483491,646920,616,1,588,0,88788,298500,298907
rtt300_loss0.1_bw10,cubicref,1,true,4194304,17932967,233887,31,22,5,0,1168,1168,1168
rtt300_loss0.1_bw10,cubicref,2,true,4194304,5531579,758247,3,0,3,0,153268,215478,222096
rtt300_loss0.1_bw10,newrenoref,0,true,4194304,13771531,304563,592,2,588,0,2346,298500,298907
rtt300_loss0.1_bw10,newrenoref,1,false,778180,60000000,12969,109,107,2,0,1168,1168,1168
rtt300_loss0.1_bw10,newrenoref,2,true,4194304,36793660,113995,61,58,3,0,1168,133468,197794
rtt300_loss0.1_bw100,edgecc,0,true,4194304,2095336,2001733,4,0,4,0,110319,212118,221200
rtt300_loss0.1_bw100,edgecc,1,true,4194304,2078020,2018413,5,0,5,0,110167,212001,221083
rtt300_loss0.1_bw100,edgecc,2,true,4194304,2109142,1988630,3,0,3,0,110284,212235,221317
rtt300_loss0.1_bw100,edgecc_no_probe,0,true,4194304,2095804,2001286,4,0,4,0,112298,215393,224587
rtt300_loss0.1_bw100,edgecc_no_probe,1,true,4194304,2078488,2017959,5,0,5,0,112150,215276,224470
rtt300_loss0.1_bw100,edgecc_no_probe,2,true,4194304,2109610,1988189,3,0,3,0,112267,215510,224704
rtt300_loss0.1_bw100,edgecc_no_utility,0,true,4194304,2095219,2001845,4,0,4,0,129727,249694,260389
rtt300_loss0.1_bw100,edgecc_no_utility,1,true,4194304,2077903,2018527,5,0,5,0,129607,249577,260272
rtt300_loss0.1_bw100,edgecc_no_utility,2,true,4194304,2109025,1988740,3,0,3,0,129724,249811,260506
rtt300_loss0.1_bw100,edgecc_no_belief,0,true,4194304,1738123,2413122,4,0,4,0,138834,266463,277893
rtt300_loss0.1_bw100,edgecc_no_belief,1,true,4194304,1778371,2358508,5,0,5,0,138717,266346,277776
rtt300_loss0.1_bw100,edgecc_no_belief,2,true,4194304,1809493,2317944,3,0,3,0,138834,266580,278010
rtt300_loss0.1_bw100,edgecc_no_plateau,0,true,4194304,2095336,2001733,4,0,4,0,110319,212118,221200
rtt300_loss0.1_bw100,edgecc_no_plateau,1,true,4194304,2078020,2018413,5,0,5,0,110167,212001,221083
rtt300_loss0.1_bw100,edgecc_no_plateau,2,true,4194304,2109142,1988630,3,0,3,0,110284,212235,221317
rtt300_loss0.1_bw100,edgecc_no_prand,0,true,4194304,2095336,2001733,4,0,4,0,110319,212118,221200
rtt300_loss0.1_bw100,edgecc_no_prand,1,true,4194304,2078020,2018413,5,0,5,0,110167,212001,221083
rtt300_loss0.1_bw100,edgecc_no_prand,2,true,4194304,2109142,1988630,3,0,3,0,110284,212235,221317
rtt300_loss0.1_bw100,edgecc_loss_blind,0,true,4194304,2095336,2001733,4,0,4,0,110319,212118,221200
rtt300_loss0.1_bw100,edgecc_loss_blind,1,true,4194304,2078020,2018413,5,0,5,0,110167,212001,221083
rtt300_loss0.1_bw100,edgecc_loss_blind,2,true,4194304,2109142,1988630,3,0,3,0,110284,212235,221317
rtt300_loss0.1_bw100,edgecc_prior,0,true,4194304,995999,4211152,4,0,4,0,42706,180499,193234
rtt300_loss0.1_bw100,edgecc_prior,1,true,4194304,1036481,4046677,5,0,5,0,42823,180616,193351
rtt300_loss0.1_bw100,edgecc_prior,2,true,4194304,1067603,3928711,3,0,3,0,42940,180850,193585
rtt300_loss0.1_bw100,bbr3ref,0,true,4194304,2464513,1701879,32,1,32,0,150184,285553,297564
rtt300_loss0.1_bw100,bbr3ref,1,true,4194304,3362894,1247230,32,1,32,0,150180,285553,297564
rtt300_loss0.1_bw100,bbr3ref,2,true,4194304,3063792,1368991,32,1,32,0,150184,285553,297564
rtt300_loss0.1_bw100,lossblindref,0,true,4194304,2095336,2001733,4,0,4,0,110319,212118,221200
rtt300_loss0.1_bw100,lossblindref,1,true,4194304,2078020,2018413,5,0,5,0,110167,212001,221083
rtt300_loss0.1_bw100,lossblindref,2,true,4194304,2109142,1988630,3,0,3,0,110284,212235,221317
rtt300_loss0.1_bw100,cubicref,0,true,4194304,4911091,854047,36,2,4,0,117,117,117
rtt300_loss0.1_bw100,cubicref,1,true,4194304,17870216,234709,31,22,5,0,117,117,117
rtt300_loss0.1_bw100,cubicref,2,true,4194304,7408105,566177,11,8,3,0,117,117,117
rtt300_loss0.1_bw100,newrenoref,0,false,3371140,60000000,56185,117,105,4,0,117,117,117
rtt300_loss0.1_bw100,newrenoref,1,false,779640,60000000,12994,109,107,2,0,117,117,117
rtt300_loss0.1_bw100,newrenoref,2,false,1921360,60000000,32022,107,106,2,0,117,117,117
rtt300_loss0.1_bw1000,edgecc,0,true,4194304,1851295,2265605,4,0,4,0,11172,21480,22404
rtt300_loss0.1_bw1000,edgecc,1,true,4194304,1851415,2265458,5,0,5,0,11160,21468,22392
rtt300_loss0.1_bw1000,edgecc,2,true,4194304,1854607,2261559,3,0,3,0,11172,21492,22416
rtt300_loss0.1_bw1000,edgecc_no_probe,0,true,4194304,1850623,2266428,4,0,4,0,11220,21528,22452
rtt300_loss0.1_bw1000,edgecc_no_probe,1,true,4194304,1851463,2265399,5,0,5,0,11208,21516,22440
rtt300_loss0.1_bw1000,edgecc_no_probe,2,true,4194304,1854655,2261500,3,0,3,0,11220,21540,22464
rtt300_loss0.1_bw1000,edgecc_no_utility,0,true,4194304,1851283,2265620,4,0,4,0,12555,24159,25191
rtt300_loss0.1_bw1000,edgecc_no_utility,1,true,4194304,1851403,2265473,5,0,5,0,12543,24147,25179
rtt300_loss0.1_bw1000,edgecc_no_utility,2,true,4194304,1854595,2261574,3,0,3,0,12555,24171,25203
rtt300_loss0.1_bw1000,edgecc_no_belief,0,true,4194304,1547323,2710684,4,0,4,0,14028,26916,28068
rtt300_loss0.1_bw1000,edgecc_no_belief,1,true,4194304,1551451,2703471,5,0,5,0,14016,26904,28056
rtt300_loss0.1_bw1000,edgecc_no_belief,2,true,4194304,1554643,2697921,3,0,3,0,14028,26928,28080
rtt300_loss0.1_bw1000,edgecc_no_plateau,0,true,4194304,1851295,2265605,4,0,4,0,11172,21480,22404
rtt300_loss0.1_bw1000,edgecc_no_plateau,1,true,4194304,1851415,2265458,5,0,5,0,11160,21468,22392
rtt300_loss0.1_bw1000,edgecc_no_plateau,2,true,4194304,1854607,2261559,3,0,3,0,11172,21492,22416
rtt300_loss0.1_bw1000,edgecc_no_prand,0,true,4194304,1851295,2265605,4,0,4,0,11172,21480,22404
rtt300_loss0.1_bw1000,edgecc_no_prand,1,true,4194304,1851415,2265458,5,0,5,0,11160,21468,22392
rtt300_loss0.1_bw1000,edgecc_no_prand,2,true,4194304,1854607,2261559,3,0,3,0,11172,21492,22416
rtt300_loss0.1_bw1000,edgecc_loss_blind,0,true,4194304,1851295,2265605,4,0,4,0,11172,21480,22404
rtt300_loss0.1_bw1000,edgecc_loss_blind,1,true,4194304,1851415,2265458,5,0,5,0,11160,21468,22392
rtt300_loss0.1_bw1000,edgecc_loss_blind,2,true,4194304,1854607,2261559,3,0,3,0,11172,21492,22416
rtt300_loss0.1_bw1000,edgecc_prior,0,true,4194304,655494,6398691,4,0,4,0,12,12,12
rtt300_loss0.1_bw1000,edgecc_prior,1,true,4194304,665844,6299229,5,0,5,0,12,12,12
rtt300_loss0.1_bw1000,edgecc_prior,2,true,4194304,673764,6225182,3,0,3,0,12,12,12
rtt300_loss0.1_bw1000,bbr3ref,0,true,4194304,949194,4418805,4,0,4,0,14304,27204,28344
rtt300_loss0.1_bw1000,bbr3ref,1,true,4194304,953322,4399671,5,0,5,0,14292,27192,28332
rtt300_loss0.1_bw1000,bbr3ref,2,true,4194304,956514,4384989,3,0,3,0,14304,27216,28356
rtt300_loss0.1_bw1000,lossblindref,0,true,4194304,1851295,2265605,4,0,4,0,11172,21480,22404
rtt300_loss0.1_bw1000,lossblindref,1,true,4194304,1851415,2265458,5,0,5,0,11160,21468,22392
rtt300_loss0.1_bw1000,lossblindref,2,true,4194304,1854607,2261559,3,0,3,0,11172,21492,22416
rtt300_loss0.1_bw1000,cubicref,0,true,4194304,4909363,854347,36,2,4,0,12,12,12
rtt300_loss0.1_bw1000,cubicref,1,true,4194304,17863735,234794,31,22,5,0,12,12,12
rtt300_loss0.1_bw1000,cubicref,2,true,4194304,7405611,566368,11,8,3,0,12,12,12
rtt300_loss0.1_bw1000,newrenoref,0,false,3371140,60000000,56185,117,105,4,0,12,12,12
rtt300_loss0.1_bw1000,newrenoref,1,false,781100,60000000,13018,109,107,2,0,12,12,12
rtt300_loss0.1_bw1000,newrenoref,2,false,1921360,60000000,32022,108,106,2,0,12,12,12
rtt300_loss1_bw10,edgecc,0,false,2191460,60000000,36524,964,6,2267,0,243488,298868,298980
rtt300_loss1_bw10,edgecc,1,false,1916980,60000000,31949,811,8,2267,0,242320,298868,298980
rtt300_loss1_bw10,edgecc,2,false,1900920,60000000,31682,813,11,2267,0,242332,298868,298980
rtt300_loss1_bw10,edgecc_no_probe,0,false,1935960,60000000,32266,787,8,2263,0,193027,298692,298966
rtt300_loss1_bw10,edgecc_no_probe,1,false,1941800,60000000,32363,799,8,2263,0,193027,298682,298958
rtt300_loss1_bw10,edgecc_no_probe,2,false,1928660,60000000,32144,802,11,2263,0,192978,298692,298966
rtt300_loss1_bw10,edgecc_no_utility,0,false,1833760,60000000,30562,842,8,2277,0,240784,298797,298943
rtt300_loss1_bw10,edgecc_no_utility,1,false,1762220,60000000,29370,807,8,2277,0,240784,298797,298943
rtt300_loss1_bw10,edgecc_no_utility,2,false,1750540,60000000,29175,812,11,2277,0,240784,298797,298943
rtt300_loss1_bw10,edgecc_no_belief,0,false,2503900,60000000,41731,1241,8,2286,0,263192,298880,298987
rtt300_loss1_bw10,edgecc_no_belief,1,false,2013340,60000000,33555,1116,9,2286,0,262024,298880,298987
rtt300_loss1_bw10,edgecc_no_belief,2,false,2794440,60000000,46574,1425,11,2286,0,263120,298880,298987
rtt300_loss1_bw10,edgecc_no_plateau,0,false,2191460,60000000,36524,964,6,2267,0,243488,298868,298980
rtt300_loss1_bw10,edgecc_no_plateau,1,false,1916980,60000000,31949,811,8,2267,0,242320,298868,298980
rtt300_loss1_bw10,edgecc_no_plateau,2,false,1900920,60000000,31682,813,11,2267,0,242332,298868,298980
rtt300_loss1_bw10,edgecc_no_prand,0,false,2191460,60000000,36524,964,6,2267,0,243488,298868,298980
rtt300_loss1_bw10,edgecc_no_prand,1,false,1916980,60000000,31949,811,8,2267,0,242320,298868,298980
rtt300_loss1_bw10,edgecc_no_prand,2,false,1900920,60000000,31682,813,11,2267,0,242332,298868,298980
rtt300_loss1_bw10,edgecc_loss_blind,0,false,2191460,60000000,36524,964,6,2267,0,243488,298868,298980
rtt300_loss1_bw10,edgecc_loss_blind,1,false,1916980,60000000,31949,811,8,2267,0,242320,298868,298980
rtt300_loss1_bw10,edgecc_loss_blind,2,false,1900920,60000000,31682,813,11,2267,0,242332,298868,298980
rtt300_loss1_bw10,edgecc_prior,0,false,2038160,60000000,33969,939,7,2314,0,177493,298899,298983
rtt300_loss1_bw10,edgecc_prior,1,false,2109700,60000000,35161,1066,9,2314,0,177493,298899,298983
rtt300_loss1_bw10,edgecc_prior,2,false,2122840,60000000,35380,1013,12,2314,0,177493,298899,298983
rtt300_loss1_bw10,bbr3ref,0,true,4194304,11240668,373136,7898,8,2352,0,272296,298880,298984
rtt300_loss1_bw10,bbr3ref,1,true,4194304,11427328,367041,8433,8,2352,0,272296,298880,298984
rtt300_loss1_bw10,bbr3ref,2,true,4194304,11644537,360194,8284,8,2352,0,272296,298880,298984
rtt300_loss1_bw10,lossblindref,0,false,2191460,60000000,36524,964,6,2267,0,243488,298868,298980
rtt300_loss1_bw10,lossblindref,1,false,1916980,60000000,31949,811,8,2267,0,242320,298868,298980
rtt300_loss1_bw10,lossblindref,2,false,1900920,60000000,31682,813,11,2267,0,242332,298868,298980
rtt300_loss1_bw10,cubicref,0,true,4194304,13706682,306004,162,13,25,0,1168,52476,135238
rtt300_loss1_bw10,cubicref,1,false,4045660,60000000,67427,157,95,29,0,1168,1168,1168
rtt300_loss1_bw10,cubicref,2,false,3010520,60000000,50175,115,89,24,0,1168,1168,3366
rtt300_loss1_bw10,newrenoref,0,false,1692140,60000000,28202,121,111,8,0,1168,19700,30698
rtt300_loss1_bw10,newrenoref,1,false,842420,60000000,14040,110,100,10,0,1168,1168,1168
rtt300_loss1_bw10,newrenoref,2,false,1132960,60000000,18882,113,105,10,0,1168,2482,4496
rtt300_loss1_bw100,edgecc,0,true,4194304,2131723,1967565,26,0,26,0,108997,209661,218626
rtt300_loss1_bw100,edgecc,1,true,4194304,2119087,1979297,34,0,34,0,108529,208807,217690
rtt300_loss1_bw100,edgecc,2,true,4194304,2150677,1950224,31,0,31,0,108646,209076,218041
rtt300_loss1_bw100,edgecc_no_probe,0,true,4194304,2132191,1967133,26,0,26,0,110980,212850,222013
rtt300_loss1_bw100,edgecc_no_probe,1,true,4194304,2119555,1978860,34,0,34,0,110512,212000,221077
rtt300_loss1_bw100,edgecc_no_probe,2,true,4194304,2151145,1949800,31,0,31,0,110543,212351,221428
rtt300_loss1_bw100,edgecc_no_utility,0,true,4194304,2131606,1967673,26,0,26,0,128437,247234,257815
rtt300_loss1_bw100,edgecc_no_utility,1,true,4194304,2118970,1979406,34,0,34,0,127969,246301,256879
rtt300_loss1_bw100,edgecc_no_utility,2,true,4194304,2150560,1950331,31,0,31,0,128086,246652,257230
rtt300_loss1_bw100,edgecc_no_belief,0,true,4194304,1832074,2289374,26,0,26,0,137547,263997,275319
rtt300_loss1_bw100,edgecc_no_belief,1,true,4194304,1819438,2305274,34,0,34,0,137079,263178,274383
rtt300_loss1_bw100,edgecc_no_belief,2,true,4194304,1851028,2265932,31,0,31,0,137196,263421,274734
rtt300_loss1_bw100,edgecc_no_plateau,0,true,4194304,2131723,1967565,26,0,26,0,108997,209661,218626
rtt300_loss1_bw100,edgecc_no_plateau,1,true,4194304,2119087,1979297,34,0,34,0,108529,208807,217690
rtt300_loss1_bw100,edgecc_no_plateau,2,true,4194304,2150677,1950224,31,0,31,0,108646,209076,218041
rtt300_loss1_bw100,edgecc_no_prand,0,true,4194304,2131723,1967565,26,0,26,0,108997,209661,218626
rtt300_loss1_bw100,edgecc_no_prand,1,true,4194304,2119087,1979297,34,0,34,0,108529,208807,217690
rtt300_loss1_bw100,edgecc_no_prand,2,true,4194304,2150677,1950224,31,0,31,0,108646,209076,218041
rtt300_loss1_bw100,edgecc_loss_blind,0,true,4194304,2131723,1967565,26,0,26,0,108997,209661,218626
rtt300_loss1_bw100,edgecc_loss_blind,1,true,4194304,2119087,1979297,34,0,34,0,108529,208807,217690
rtt300_loss1_bw100,edgecc_loss_blind,2,true,4194304,2150677,1950224,31,0,31,0,108646,209076,218041
rtt300_loss1_bw100,edgecc_prior,0,true,4194304,1090652,3845684,26,0,26,0,42121,178744,191362
rtt300_loss1_bw100,edgecc_prior,1,true,4194304,1078718,3888230,34,0,34,0,42355,178627,191128
rtt300_loss1_bw100,edgecc_prior,2,true,4194304,1110191,3778002,31,0,31,0,42355,178744,191362
rtt300_loss1_bw100,bbr3ref,0,true,4194304,2440001,1718976,32,1,32,0,150063,285311,297322
rtt300_loss1_bw100,bbr3ref,1,true,4194304,1224033,3426626,34,0,34,0,149825,285077,296971
rtt300_loss1_bw100,bbr3ref,2,true,4194304,2158697,1942979,32,1,32,0,149942,285311,297318
rtt300_loss1_bw100,lossblindref,0,true,4194304,2131723,1967565,26,0,26,0,108997,209661,218626
rtt300_loss1_bw100,lossblindref,1,true,4194304,2119087,1979297,34,0,34,0,108529,208807,217690
rtt300_loss1_bw100,lossblindref,2,true,4194304,2150677,1950224,31,0,31,0,108646,209076,218041
rtt300_loss1_bw100,cubicref,0,true,4194304,44342631,94588,107,48,25,0,117,117,117
rtt300_loss1_bw100,cubicref,1,false,3762420,60000000,62707,141,83,30,0,117,117,117
rtt300_loss1_bw100,cubicref,2,false,2985700,60000000,49761,124,91,23,0,117,117,117
rtt300_loss1_bw100,newrenoref,0,false,1297940,60000000,21632,114,107,5,0,117,117,117
rtt300_loss1_bw100,newrenoref,1,false,843880,60000000,14064,111,101,10,0,117,117,117
rtt300_loss1_bw100,newrenoref,2,false,1306700,60000000,21778,113,101,10,0,117,117,117
rtt300_loss1_bw1000,edgecc,0,true,4194304,1856923,2258738,26,0,26,0,11040,21228,22140
rtt300_loss1_bw1000,edgecc,1,true,4194304,1855627,2260316,34,0,34,0,10992,21132,22044
rtt300_loss1_bw1000,edgecc,2,true,4194304,1858867,2256376,31,0,31,0,10992,21168,22080
rtt300_loss1_bw1000,edgecc_no_probe,0,true,4194304,1856971,2258680,26,0,26,0,11088,21276,22188
rtt300_loss1_bw1000,edgecc_no_probe,1,true,4194304,1855675,2260257,34,0,34,0,11040,21180,22092
rtt300_loss1_bw1000,edgecc_no_probe,2,true,4194304,1858915,2256318,31,0,31,0,11040,21216,22128
rtt300_loss1_bw1000,edgecc_no_utility,0,true,4194304,1856911,2258753,26,0,26,0,12423,23895,24927
rtt300_loss1_bw1000,edgecc_no_utility,1,true,4194304,1855615,2260330,34,0,34,0,12375,23811,24831
rtt300_loss1_bw1000,edgecc_no_utility,2,true,4194304,1858855,2256391,31,0,31,0,12375,23847,24867
rtt300_loss1_bw1000,edgecc_no_belief,0,true,4194304,1556959,2693907,26,0,26,0,13896,26664,27804
rtt300_loss1_bw1000,edgecc_no_belief,1,true,4194304,1555663,2696152,34,0,34,0,13848,26580,27708
rtt300_loss1_bw1000,edgecc_no_belief,2,true,4194304,1558903,2690548,31,0,31,0,13848,26604,27744
rtt300_loss1_bw1000,edgecc_no_plateau,0,true,4194304,1856923,2258738,26,0,26,0,11040,21228,22140
rtt300_loss1_bw1000,edgecc_no_plateau,1,true,4194304,1855627,2260316,34,0,34,0,10992,21132,22044
rtt300_loss1_bw1000,edgecc_no_plateau,2,true,4194304,1858867,2256376,31,0,31,0,10992,21168,22080
rtt300_loss1_bw1000,edgecc_no_prand,0,true,4194304,1856923,2258738,26,0,26,0,11040,21228,22140
rtt300_loss1_bw1000,edgecc_no_prand,1,true,4194304,1855627,2260316,34,0,34,0,10992,21132,22044
rtt300_loss1_bw1000,edgecc_no_prand,2,true,4194304,1858867,2256376,31,0,31,0,10992,21168,22080
rtt300_loss1_bw1000,edgecc_loss_blind,0,true,4194304,1856923,2258738,26,0,26,0,11040,21228,22140
rtt300_loss1_bw1000,edgecc_loss_blind,1,true,4194304,1855627,2260316,34,0,34,0,10992,21132,22044
rtt300_loss1_bw1000,edgecc_loss_blind,2,true,4194304,1858867,2256376,31,0,31,0,10992,21168,22080
rtt300_loss1_bw1000,edgecc_prior,0,true,4194304,680244,6165881,26,0,26,0,12,12,12
rtt300_loss1_bw1000,edgecc_prior,1,true,4194304,677244,6193194,34,0,34,0,12,12,12
rtt300_loss1_bw1000,edgecc_prior,2,true,4194304,685254,6120801,31,0,31,0,12,12,12
rtt300_loss1_bw1000,bbr3ref,0,true,4194304,958830,4374397,26,0,26,0,14172,26940,28080
rtt300_loss1_bw1000,bbr3ref,1,true,4194304,957534,4380318,34,0,34,0,14124,26856,27984
rtt300_loss1_bw1000,bbr3ref,2,true,4194304,960774,4365546,31,0,31,0,14136,26892,28020
rtt300_loss1_bw1000,lossblindref,0,true,4194304,1856923,2258738,26,0,26,0,11040,21228,22140
rtt300_loss1_bw1000,lossblindref,1,true,4194304,1855627,2260316,34,0,34,0,10992,21132,22044
rtt300_loss1_bw1000,lossblindref,2,true,4194304,1858867,2256376,31,0,31,0,10992,21168,22080
rtt300_loss1_bw1000,cubicref,0,true,4194304,32365637,129591,111,39,26,0,12,12,12
rtt300_loss1_bw1000,cubicref,1,true,4194304,25463727,164716,118,35,32,0,12,12,12
rtt300_loss1_bw1000,cubicref,2,false,3032420,60000000,50540,126,90,24,0,12,12,12
rtt300_loss1_bw1000,newrenoref,0,false,1303780,60000000,21729,114,106,5,0,12,12,12
rtt300_loss1_bw1000,newrenoref,1,false,1084780,60000000,18079,101,87,12,0,12,12,12
rtt300_loss1_bw1000,newrenoref,2,false,1306700,60000000,21778,114,101,9,0,12,12,12
rtt300_loss3_bw10,edgecc,0,false,2099480,60000000,34991,1045,18,948,0,222500,298856,298980
rtt300_loss3_bw10,edgecc,1,false,1403060,60000000,23384,122,23,36,0,1168,5840,13980
rtt300_loss3_bw10,edgecc,2,false,1149020,60000000,19150,110,25,27,0,1168,2336,4672
rtt300_loss3_bw10,edgecc_no_probe,0,false,2271760,60000000,37862,752,20,499,0,19634,297952,298878
rtt300_loss3_bw10,edgecc_no_probe,1,false,1551980,60000000,25866,118,23,37,0,1168,38100,74958
rtt300_loss3_bw10,edgecc_no_probe,2,false,1149020,60000000,19150,110,25,27,0,1168,2336,4672
rtt300_loss3_bw10,edgecc_no_utility,0,false,2016260,60000000,33604,1127,19,1222,0,233681,298797,298943
rtt300_loss3_bw10,edgecc_no_utility,1,false,1516940,60000000,25282,147,23,38,0,1168,27171,59229
rtt300_loss3_bw10,edgecc_no_utility,2,false,1149020,60000000,19150,110,25,27,0,1168,2336,4672
rtt300_loss3_bw10,edgecc_no_belief,0,false,2038160,60000000,33969,1079,20,1692,0,293344,298776,298960
rtt300_loss3_bw10,edgecc_no_belief,1,false,1711120,60000000,28518,800,15,1281,0,276992,298784,298968
rtt300_loss3_bw10,edgecc_no_belief,2,false,2141820,60000000,35697,1161,20,2402,0,166944,298756,298964
rtt300_loss3_bw10,edgecc_no_plateau,0,false,2099480,60000000,34991,1045,18,948,0,222500,298856,298980
rtt300_loss3_bw10,edgecc_no_plateau,1,false,1403060,60000000,23384,122,23,36,0,1168,5840,13980
rtt300_loss3_bw10,edgecc_no_plateau,2,false,1149020,60000000,19150,110,25,27,0,1168,2336,4672
rtt300_loss3_bw10,edgecc_no_prand,0,false,2099480,60000000,34991,1045,18,948,0,222500,298856,298980
rtt300_loss3_bw10,edgecc_no_prand,1,false,1403060,60000000,23384,122,23,36,0,1168,5840,13980
rtt300_loss3_bw10,edgecc_no_prand,2,false,1149020,60000000,19150,110,25,27,0,1168,2336,4672
rtt300_loss3_bw10,edgecc_loss_blind,0,false,2046920,60000000,34115,1007,17,948,0,222500,298856,298980
rtt300_loss3_bw10,edgecc_loss_blind,1,false,1614760,60000000,26912,146,23,41,0,1168,9344,17520
rtt300_loss3_bw10,edgecc_loss_blind,2,false,1714040,60000000,28567,168,24,37,0,1168,32508,74752
rtt300_loss3_bw10,edgecc_prior,0,false,2042540,60000000,34042,1031,18,883,0,128725,298728,298981
rtt300_loss3_bw10,edgecc_prior,1,false,2081960,60000000,34699,357,19,258,0,1168,273977,298336
rtt300_loss3_bw10,edgecc_prior,2,false,2004580,60000000,33409,175,24,91,0,1168,247223,293928
rtt300_loss3_bw10,bbr3ref,0,true,4194304,11000070,381297,7675,8,2352,0,272296,298880,298984
rtt300_loss3_bw10,bbr3ref,1,true,4194304,10883177,385393,7020,8,2352,0,271024,298872,298984
rtt300_loss3_bw10,bbr3ref,2,true,4194304,9823244,426977,7291,7,2352,0,272296,298880,298984
rtt300_loss3_bw10,lossblindref,0,false,2046920,60000000,34115,1007,17,948,0,222500,298856,298980
rtt300_loss3_bw10,lossblindref,1,false,1614760,60000000,26912,146,23,41,0,1168,9344,17520
rtt300_loss3_bw10,lossblindref,2,false,1714040,60000000,28567,168,24,37,0,1168,32508,74752
rtt300_loss3_bw10,cubicref,0,false,1697980,60000000,28299,126,83,34,0,1168,1168,1168
rtt300_loss3_bw10,cubicref,1,false,1458540,60000000,24309,130,86,40,0,1168,1168,1168
rtt300_loss3_bw10,cubicref,2,false,1635200,60000000,27253,133,81,38,0,1168,1168,1168
rtt300_loss3_bw10,newrenoref,0,false,569400,60000000,9490,109,98,13,0,1168,1168,1168
rtt300_loss3_bw10,newrenoref,1,false,394200,60000000,6570,118,108,13,0,1168,1168,2336
rtt300_loss3_bw10,newrenoref,2,false,382520,60000000,6375,111,109,8,0,1168,1168,2336
rtt300_loss3_bw100,edgecc,0,true,4194304,2842775,1475425,90,1,88,0,105522,202793,211489
rtt300_loss3_bw100,edgecc,1,false,1277500,60000000,21291,104,25,32,0,117,351,667
rtt300_loss3_bw100,edgecc,2,false,1160700,60000000,19345,102,23,25,0,117,117,468
rtt300_loss3_bw100,edgecc_no_probe,0,true,4194304,2836011,1478944,90,1,88,0,107415,206064,214876
rtt300_loss3_bw100,edgecc_no_probe,1,false,1293560,60000000,21559,105,24,30,0,117,453,819
rtt300_loss3_bw100,edgecc_no_probe,2,false,1160700,60000000,19345,102,23,25,0,117,117,468
rtt300_loss3_bw100,edgecc_no_utility,0,true,4194304,2882588,1455048,90,1,88,0,124930,240334,250678
rtt300_loss3_bw100,edgecc_no_utility,1,false,1289180,60000000,21486,103,24,30,0,117,351,702
rtt300_loss3_bw100,edgecc_no_utility,2,false,1160700,60000000,19345,102,23,25,0,117,117,468
rtt300_loss3_bw100,edgecc_no_belief,0,true,4194304,2518943,1665104,90,1,88,0,133929,257211,268182
rtt300_loss3_bw100,edgecc_no_belief,1,true,4194304,8553436,490364,104,3,91,0,133677,256860,267948
rtt300_loss3_bw100,edgecc_no_belief,2,true,4194304,3847095,1090252,101,2,97,0,80805,155871,162540
rtt300_loss3_bw100,edgecc_no_plateau,0,true,4194304,2842775,1475425,90,1,88,0,105522,202793,211489
rtt300_loss3_bw100,edgecc_no_plateau,1,false,1277500,60000000,21291,104,25,32,0,117,351,667
rtt300_loss3_bw100,edgecc_no_plateau,2,false,1160700,60000000,19345,102,23,25,0,117,117,468
rtt300_loss3_bw100,edgecc_no_prand,0,true,4194304,2842775,1475425,90,1,88,0,105522,202793,211489
rtt300_loss3_bw100,edgecc_no_prand,1,false,1277500,60000000,21291,104,25,32,0,117,351,667
rtt300_loss3_bw100,edgecc_no_prand,2,false,1160700,60000000,19345,102,23,25,0,117,117,468
rtt300_loss3_bw100,edgecc_loss_blind,0,true,4194304,2842775,1475425,90,1,88,0,105522,202793,211489
rtt300_loss3_bw100,edgecc_loss_blind,1,false,1540300,60000000,25671,138,27,37,0,117,481,1651
rtt300_loss3_bw100,edgecc_loss_blind,2,false,1270200,60000000,21170,123,25,30,0,117,234,550
rtt300_loss3_bw100,edgecc_prior,0,true,4194304,1505577,2785844,94,1,87,0,117,122642,134913
rtt300_loss3_bw100,edgecc_prior,1,true,4194304,1823845,2299704,93,1,92,0,117,53690,64934
rtt300_loss3_bw100,edgecc_prior,2,true,4194304,3209210,1306958,101,2,93,0,117,43055,55209
rtt300_loss3_bw100,bbr3ref,0,true,4194304,1946573,2154711,90,1,88,0,146787,278993,290770
rtt300_loss3_bw100,bbr3ref,1,true,4194304,1865630,2248197,93,1,91,0,146432,278638,290415
rtt300_loss3_bw100,bbr3ref,2,true,4194304,3037844,1380684,101,2,97,0,146081,278057,289713
rtt300_loss3_bw100,lossblindref,0,true,4194304,2842775,1475425,90,1,88,0,105522,202793,211489
rtt300_loss3_bw100,lossblindref,1,false,1540300,60000000,25671,138,27,37,0,117,481,1651
rtt300_loss3_bw100,lossblindref,2,false,1270200,60000000,21170,123,25,30,0,117,234,550
rtt300_loss3_bw100,cubicref,0,false,1779740,60000000,29662,127,81,34,0,117,117,117
rtt300_loss3_bw100,cubicref,1,false,1464380,60000000,24406,131,87,40,0,117,117,117
rtt300_loss3_bw100,cubicref,2,false,1636660,60000000,27277,134,82,39,0,117,117,117
rtt300_loss3_bw100,newrenoref,0,false,569400,60000000,9490,109,98,13,0,117,117,117
rtt300_loss3_bw100,newrenoref,1,false,394200,60000000,6570,118,108,13,0,117,117,234
rtt300_loss3_bw100,newrenoref,2,false,383980,60000000,6399,112,109,8,0,117,117,234
rtt300_loss3_bw1000,edgecc,0,true,4194304,2468033,1699452,90,1,88,0,10680,20520,21408
rtt300_loss3_bw1000,edgecc,1,false,1262900,60000000,21048,110,25,32,0,12,24,60
rtt300_loss3_bw1000,edgecc,2,false,1189900,60000000,19831,106,23,24,0,12,12,48
rtt300_loss3_bw1000,edgecc_no_probe,0,true,4194304,2467025,1700146,90,1,88,0,10728,20568,21456
rtt300_loss3_bw1000,edgecc_no_probe,1,false,1262900,60000000,21048,110,25,32,0,12,24,60
rtt300_loss3_bw1000,edgecc_no_probe,2,false,1189900,60000000,19831,106,23,24,0,12,12,48
rtt300_loss3_bw1000,edgecc_no_utility,0,true,4194304,2470874,1697498,90,1,88,0,12051,23199,24195
rtt300_loss3_bw1000,edgecc_no_utility,1,false,1277500,60000000,21291,112,25,31,0,12,24,66
rtt300_loss3_bw1000,edgecc_no_utility,2,false,1189900,60000000,19831,106,23,24,0,12,12,48
rtt300_loss3_bw1000,edgecc_no_belief,0,true,4194304,2165421,1936946,90,1,88,0,13524,25956,27072
rtt300_loss3_bw1000,edgecc_no_belief,1,true,4194304,8454732,496089,103,3,91,0,13512,25932,27048
rtt300_loss3_bw1000,edgecc_no_belief,2,false,1130040,60000000,18834,93,23,24,0,12,24,72
rtt300_loss3_bw1000,edgecc_no_plateau,0,true,4194304,2468033,1699452,90,1,88,0,10680,20520,21408
rtt300_loss3_bw1000,edgecc_no_plateau,1,false,1262900,60000000,21048,110,25,32,0,12,24,60
rtt300_loss3_bw1000,edgecc_no_plateau,2,false,1189900,60000000,19831,106,23,24,0,12,12,48
rtt300_loss3_bw1000,edgecc_no_prand,0,true,4194304,2468033,1699452,90,1,88,0,10680,20520,21408
rtt300_loss3_bw1000,edgecc_no_prand,1,false,1262900,60000000,21048,110,25,32,0,12,24,60
rtt300_loss3_bw1000,edgecc_no_prand,2,false,1189900,60000000,19831,106,23,24,0,12,12,48
rtt300_loss3_bw1000,edgecc_loss_blind,0,true,4194304,2468033,1699452,90,1,88,0,10680,20520,21408
rtt300_loss3_bw1000,edgecc_loss_blind,1,false,1362180,60000000,22703,143,29,36,0,12,24,60
rtt300_loss3_bw1000,edgecc_loss_blind,2,false,1312540,60000000,21875,124,25,32,0,12,12,48
rtt300_loss3_bw1000,edgecc_prior,0,true,4194304,1300024,3226328,90,1,88,0,12,12,12
rtt300_loss3_bw1000,edgecc_prior,1,true,4194304,1300024,3226328,93,1,91,0,12,12,12
rtt300_loss3_bw1000,edgecc_prior,2,true,4194304,1900038,2207484,101,2,97,0,12,12,12
rtt300_loss3_bw1000,bbr3ref,0,true,4194304,1567585,2675646,90,1,88,0,13800,26244,27348
rtt300_loss3_bw1000,bbr3ref,1,true,4194304,1559284,2689891,93,1,91,0,13764,26196,27312
rtt300_loss3_bw1000,bbr3ref,2,true,4194304,2211285,1896772,101,2,97,0,13740,26136,27240
rtt300_loss3_bw1000,lossblindref,0,true,4194304,2468033,1699452,90,1,88,0,10680,20520,21408
rtt300_loss3_bw1000,lossblindref,1,false,1362180,60000000,22703,143,29,36,0,12,24,60
rtt300_loss3_bw1000,lossblindref,2,false,1312540,60000000,21875,124,25,32,0,12,12,48
rtt300_loss3_bw1000,cubicref,0,false,1864420,60000000,31073,135,77,36,0,12,12,12
rtt300_loss3_bw1000,cubicref,1,false,1746160,60000000,29102,132,76,44,0,12,12,12
rtt300_loss3_bw1000,cubicref,2,false,1566580,60000000,26109,131,87,32,0,12,12,12
rtt300_loss3_bw1000,newrenoref,0,false,557720,60000000,9295,112,100,11,0,12,12,12
rtt300_loss3_bw1000,newrenoref,1,false,354780,60000000,5913,127,117,8,0,12,12,24
rtt300_loss3_bw1000,newrenoref,2,false,385440,60000000,6424,115,109,5,0,12,12,24
rtt300_loss5_bw10,edgecc,0,false,1168000,60000000,19466,138,32,43,0,1168,2730,4672
rtt300_loss5_bw10,edgecc,1,false,1081860,60000000,18031,139,35,46,0,1168,3504,4672
rtt300_loss5_bw10,edgecc,2,false,1125660,60000000,18761,124,29,37,0,1168,2336,4672
rtt300_loss5_bw10,edgecc_no_probe,0,false,1168000,60000000,19466,138,32,43,0,1168,2730,4672
rtt300_loss5_bw10,edgecc_no_probe,1,false,1081860,60000000,18031,139,35,46,0,1168,3504,4672
rtt300_loss5_bw10,edgecc_no_probe,2,false,1125660,60000000,18761,124,29,37,0,1168,2336,4672
rtt300_loss5_bw10,edgecc_no_utility,0,false,1168000,60000000,19466,138,32,43,0,1168,2730,4672
rtt300_loss5_bw10,edgecc_no_utility,1,false,1081860,60000000,18031,139,35,46,0,1168,3504,4672
rtt300_loss5_bw10,edgecc_no_utility,2,false,1125660,60000000,18761,124,29,37,0,1168,2336,4672
rtt300_loss5_bw10,edgecc_no_belief,0,false,1087700,60000000,18128,120,30,37,0,1168,3504,7008
rtt300_loss5_bw10,edgecc_no_belief,1,false,1083320,60000000,18055,142,35,45,0,1168,4672,7008
rtt300_loss5_bw10,edgecc_no_belief,2,false,2071740,60000000,34529,1131,24,2402,0,166924,298756,298964
rtt300_loss5_bw10,edgecc_no_plateau,0,false,1168000,60000000,19466,138,32,43,0,1168,2730,4672
rtt300_loss5_bw10,edgecc_no_plateau,1,false,1081860,60000000,18031,139,35,46,0,1168,3504,4672
rtt300_loss5_bw10,edgecc_no_plateau,2,false,1125660,60000000,18761,124,29,37,0,1168,2336,4672
rtt300_loss5_bw10,edgecc_no_prand,0,false,1168000,60000000,19466,138,32,43,0,1168,2730,4672
rtt300_loss5_bw10,edgecc_no_prand,1,false,1081860,60000000,18031,139,35,46,0,1168,3504,4672
rtt300_loss5_bw10,edgecc_no_prand,2,false,1125660,60000000,18761,124,29,37,0,1168,2336,4672
rtt300_loss5_bw10,edgecc_loss_blind,0,false,1311080,60000000,21851,147,30,43,0,1168,3504,7008
rtt300_loss5_bw10,edgecc_loss_blind,1,false,1159240,60000000,19320,167,37,46,0,1168,3196,4672
rtt300_loss5_bw10,edgecc_loss_blind,2,false,1525700,60000000,25428,176,28,46,0,1168,35910,71248
rtt300_loss5_bw10,edgecc_prior,0,false,2271760,60000000,37862,182,32,81,0,1168,161221,220142
rtt300_loss5_bw10,edgecc_prior,1,false,2254240,60000000,37570,161,26,76,0,1168,212309,272809
rtt300_loss5_bw10,edgecc_prior,2,false,2007500,60000000,33458,220,33,108,0,1168,248391,292617
rtt300_loss5_bw10,bbr3ref,0,true,4194304,9830086,426680,6429,7,2352,0,271024,298872,298984
rtt300_loss5_bw10,bbr3ref,1,true,4194304,10629843,394578,7035,8,2352,0,271024,298872,298984
rtt300_loss5_bw10,bbr3ref,2,true,4194304,10614786,395137,7333,8,2352,0,272192,298872,298984
rtt300_loss5_bw10,lossblindref,0,false,1311080,60000000,21851,147,30,43,0,1168,3504,7008
rtt300_loss5_bw10,lossblindref,1,false,1159240,60000000,19320,167,37,46,0,1168,3196,4672
rtt300_loss5_bw10,lossblindref,2,false,1525700,60000000,25428,176,28,46,0,1168,35910,71248
rtt300_loss5_bw10,cubicref,0,false,1054120,60000000,17568,128,94,38,0,1168,1168,1168
rtt300_loss5_bw10,cubicref,1,false,973820,60000000,16230,136,94,43,0,1168,1168,1168
rtt300_loss5_bw10,cubicref,2,false,1203040,60000000,20050,130,87,39,0,1168,1168,1168
rtt300_loss5_bw10,newrenoref,0,false,360620,60000000,6010,112,105,13,0,1168,1168,2336
rtt300_loss5_bw10,newrenoref,1,false,369380,60000000,6156,118,107,12,0,1168,1168,2336
rtt300_loss5_bw10,newrenoref,2,false,381060,60000000,6351,112,108,8,0,1168,1168,2336
rtt300_loss5_bw100,edgecc,0,false,1141720,60000000,19028,133,32,43,0,117,234,468
rtt300_loss5_bw100,edgecc,1,false,1081860,60000000,18031,136,35,46,0,117,351,468
rtt300_loss5_bw100,edgecc,2,false,1132960,60000000,18882,116,27,36,0,117,234,468
rtt300_loss5_bw100,edgecc_no_probe,0,false,1141720,60000000,19028,133,32,43,0,117,234,468
rtt300_loss5_bw100,edgecc_no_probe,1,false,1081860,60000000,18031,136,35,46,0,117,351,468
rtt300_loss5_bw100,edgecc_no_probe,2,false,1132960,60000000,18882,116,27,36,0,117,234,468
rtt300_loss5_bw100,edgecc_no_utility,0,false,1141720,60000000,19028,133,32,43,0,117,234,468
rtt300_loss5_bw100,edgecc_no_utility,1,false,1081860,60000000,18031,136,35,46,0,117,351,468
rtt300_loss5_bw100,edgecc_no_utility,2,false,1132960,60000000,18882,116,27,36,0,117,234,468
rtt300_loss5_bw100,edgecc_no_belief,0,false,1087700,60000000,18128,120,31,37,0,117,351,702
rtt300_loss5_bw100,edgecc_no_belief,1,false,1080400,60000000,18006,134,35,46,0,117,468,702
rtt300_loss5_bw100,edgecc_no_belief,2,true,4194304,3803128,1102856,164,1,151,0,78024,149739,156222
rtt300_loss5_bw100,edgecc_no_plateau,0,false,1141720,60000000,19028,133,32,43,0,117,234,468
rtt300_loss5_bw100,edgecc_no_plateau,1,false,1081860,60000000,18031,136,35,46,0,117,351,468
rtt300_loss5_bw100,edgecc_no_plateau,2,false,1132960,60000000,18882,116,27,36,0,117,234,468
rtt300_loss5_bw100,edgecc_no_prand,0,false,1141720,60000000,19028,133,32,43,0,117,234,468
rtt300_loss5_bw100,edgecc_no_prand,1,false,1081860,60000000,18031,136,35,46,0,117,351,468
rtt300_loss5_bw100,edgecc_no_prand,2,false,1132960,60000000,18882,116,27,36,0,117,234,468
rtt300_loss5_bw100,edgecc_loss_blind,0,false,1210340,60000000,20172,153,35,48,0,117,234,468
rtt300_loss5_bw100,edgecc_loss_blind,1,false,1163620,60000000,19393,157,36,45,0,117,234,468
rtt300_loss5_bw100,edgecc_loss_blind,2,false,1217640,60000000,20294,130,28,43,0,117,234,468
rtt300_loss5_bw100,edgecc_prior,0,true,4194304,35984922,116557,216,20,159,0,117,8492,19794
rtt300_loss5_bw100,edgecc_prior,1,true,4194304,13141740,319158,187,10,151,0,117,20148,31836
rtt300_loss5_bw100,edgecc_prior,2,true,4194304,4436765,945351,168,3,153,0,117,41885,53688
rtt300_loss5_bw100,bbr3ref,0,true,4194304,2132814,1966558,171,1,161,0,142458,270920,282229
rtt300_loss5_bw100,bbr3ref,1,true,4194304,3015971,1390697,153,2,144,0,143390,272675,284214
rtt300_loss5_bw100,bbr3ref,2,true,4194304,2135525,1964062,164,1,151,0,143043,271973,283395
rtt300_loss5_bw100,lossblindref,0,false,1210340,60000000,20172,153,35,48,0,117,234,468
rtt300_loss5_bw100,lossblindref,1,false,1163620,60000000,19393,157,36,45,0,117,234,468
rtt300_loss5_bw100,lossblindref,2,false,1217640,60000000,20294,130,28,43,0,117,234,468
rtt300_loss5_bw100,cubicref,0,false,1055580,60000000,17593,128,94,38,0,117,117,117
rtt300_loss5_bw100,cubicref,1,false,982580,60000000,16376,136,94,43,0,117,117,117
rtt300_loss5_bw100,cubicref,2,false,1203040,60000000,20050,130,87,39,0,117,117,117
rtt300_loss5_bw100,newrenoref,0,false,362080,60000000,6034,112,105,13,0,117,117,234
rtt300_loss5_bw100,newrenoref,1,false,332880,60000000,5548,125,114,11,0,117,117,234
rtt300_loss5_bw100,newrenoref,2,false,382520,60000000,6375,113,109,8,0,117,117,234
rtt300_loss5_bw1000,edgecc,0,false,1138800,60000000,18980,133,32,42,0,12,24,48
rtt300_loss5_bw1000,edgecc,1,false,1078940,60000000,17982,134,34,45,0,12,36,60
rtt300_loss5_bw1000,edgecc,2,false,1140260,60000000,19004,114,27,34,0,12,24,60
rtt300_loss5_bw1000,edgecc_no_probe,0,false,1138800,60000000,18980,133,32,42,0,12,24,48
rtt300_loss5_bw1000,edgecc_no_probe,1,false,1078940,60000000,17982,134,34,45,0,12,36,60
rtt300_loss5_bw1000,edgecc_no_probe,2,false,1140260,60000000,19004,114,27,34,0,12,24,60
rtt300_loss5_bw1000,edgecc_no_utility,0,false,1138800,60000000,18980,133,32,42,0,12,24,48
rtt300_loss5_bw1000,edgecc_no_utility,1,false,1078940,60000000,17982,134,34,45,0,12,36,60
rtt300_loss5_bw1000,edgecc_no_utility,2,false,1140260,60000000,19004,114,27,34,0,12,24,60
rtt300_loss5_bw1000,edgecc_no_belief,0,false,1089160,60000000,18152,120,31,37,0,12,36,72
rtt300_loss5_bw1000,edgecc_no_belief,1,false,1080400,60000000,18006,130,34,45,0,12,48,72
rtt300_loss5_bw1000,edgecc_no_belief,2,false,1115440,60000000,18590,103,26,32,0,12,36,72
rtt300_loss5_bw1000,edgecc_no_plateau,0,false,1138800,60000000,18980,133,32,42,0,12,24,48
rtt300_loss5_bw1000,edgecc_no_plateau,1,false,1078940,60000000,17982,134,34,45,0,12,36,60
rtt300_loss5_bw1000,edgecc_no_plateau,2,false,1140260,60000000,19004,114,27,34,0,12,24,60
rtt300_loss5_bw1000,edgecc_no_prand,0,false,1138800,60000000,18980,133,32,42,0,12,24,48
rtt300_loss5_bw1000,edgecc_no_prand,1,false,1078940,60000000,17982,134,34,45,0,12,36,60
rtt300_loss5_bw1000,edgecc_no_prand,2,false,1140260,60000000,19004,114,27,34,0,12,24,60
rtt300_loss5_bw1000,edgecc_loss_blind,0,false,1214720,60000000,20245,154,35,46,0,12,12,48
rtt300_loss5_bw1000,edgecc_loss_blind,1,false,1157780,60000000,19296,148,35,45,0,12,24,48
rtt300_loss5_bw1000,edgecc_loss_blind,2,false,1207420,60000000,20123,132,29,43,0,12,24,48
rtt300_loss5_bw1000,edgecc_prior,0,true,4194304,1900231,2207260,171,1,161,0,12,12,12
rtt300_loss5_bw1000,edgecc_prior,1,true,4194304,1927115,2176467,154,2,144,0,12,12,12
rtt300_loss5_bw1000,edgecc_prior,2,true,4194304,2200048,1906460,164,1,151,0,12,12,12
rtt300_loss5_bw1000,bbr3ref,0,true,4194304,1854768,2261363,171,1,161,0,13368,25404,26472
rtt300_loss5_bw1000,bbr3ref,1,true,4194304,2209116,1898634,153,2,144,0,13452,25596,26676
rtt300_loss5_bw1000,bbr3ref,2,true,4194304,1855191,2260847,164,1,151,0,13428,25512,26592
rtt300_loss5_bw1000,lossblindref,0,false,1214720,60000000,20245,154,35,46,0,12,12,48
rtt300_loss5_bw1000,lossblindref,1,false,1157780,60000000,19296,148,35,45,0,12,24,48
rtt300_loss5_bw1000,lossblindref,2,false,1207420,60000000,20123,132,29,43,0,12,24,48
rtt300_loss5_bw1000,cubicref,0,false,1166540,60000000,19442,150,89,45,0,12,12,12
rtt300_loss5_bw1000,cubicref,1,false,913960,60000000,15232,146,94,39,0,12,12,12
rtt300_loss5_bw1000,cubicref,2,false,1375320,60000000,22922,133,80,41,0,12,12,12
rtt300_loss5_bw1000,newrenoref,0,false,372300,60000000,6205,122,109,16,0,12,12,24
rtt300_loss5_bw1000,newrenoref,1,false,359160,60000000,5986,121,111,10,0,12,12,24
rtt300_loss5_bw1000,newrenoref,2,false,381060,60000000,6351,117,109,6,0,12,12,24
axis_buffer_025bdp,edgecc,0,true,4194304,6969344,601821,2302,5,2257,0,12420,12510,12519
axis_buffer_025bdp,edgecc,1,true,4194304,9674427,433545,2317,9,2257,0,12420,12510,12519
axis_buffer_025bdp,edgecc,2,true,4194304,5627428,745332,2295,5,2257,0,12420,12510,12519
axis_buffer_025bdp,edgecc_no_probe,0,true,4194304,12070690,347478,2456,10,2389,0,10503,12508,12516
axis_buffer_025bdp,edgecc_no_probe,1,true,4194304,11752760,356878,2462,10,2389,0,10503,12508,12516
axis_buffer_025bdp,edgecc_no_probe,2,true,4194304,12458166,336671,2476,12,2389,0,10503,12508,12516
axis_buffer_025bdp,edgecc_no_utility,0,true,4194304,7037511,595992,2487,5,2439,0,12420,12509,12517
axis_buffer_025bdp,edgecc_no_utility,1,true,4194304,6774327,619146,2489,6,2439,0,12420,12509,12517
axis_buffer_025bdp,edgecc_no_utility,2,true,4194304,9259396,452978,2512,9,2439,0,12420,12509,12517
axis_buffer_025bdp,edgecc_no_belief,0,true,4194304,1551382,2703592,2313,1,2289,0,12429,12510,12517
axis_buffer_025bdp,edgecc_no_belief,1,true,4194304,1551499,2703388,2313,1,2289,0,12429,12510,12517
axis_buffer_025bdp,edgecc_no_belief,2,true,4194304,1551616,2703184,2314,1,2289,0,12429,12510,12517
axis_buffer_025bdp,edgecc_no_plateau,0,true,4194304,6969344,601821,2302,5,2257,0,12420,12510,12519
axis_buffer_025bdp,edgecc_no_plateau,1,true,4194304,9674427,433545,2317,9,2257,0,12420,12510,12519
axis_buffer_025bdp,edgecc_no_plateau,2,true,4194304,5627428,745332,2295,5,2257,0,12420,12510,12519
axis_buffer_025bdp,edgecc_no_prand,0,true,4194304,6969344,601821,2302,5,2257,0,12420,12510,12519
axis_buffer_025bdp,edgecc_no_prand,1,true,4194304,9674427,433545,2317,9,2257,0,12420,12510,12519
axis_buffer_025bdp,edgecc_no_prand,2,true,4194304,5627428,745332,2295,5,2257,0,12420,12510,12519
axis_buffer_025bdp,edgecc_loss_blind,0,true,4194304,7248911,578611,2305,6,2257,0,12420,12510,12519
axis_buffer_025bdp,edgecc_loss_blind,1,true,4194304,9674427,433545,2317,9,2257,0,12420,12510,12519
axis_buffer_025bdp,edgecc_loss_blind,2,true,4194304,6389586,656428,2312,6,2257,0,12420,12510,12519
axis_buffer_025bdp,edgecc_prior,0,true,4194304,5609221,747751,2427,4,2396,0,6192,12503,12516
axis_buffer_025bdp,edgecc_prior,1,true,4194304,3411607,1229421,2428,2,2397,0,6192,12503,12516
axis_buffer_025bdp,edgecc_prior,2,true,4194304,9097220,461053,2460,8,2396,0,6192,12503,12516
axis_buffer_025bdp,bbr3ref,0,true,4194304,1103371,3801354,2518,1,2493,0,12431,12510,12517
axis_buffer_025bdp,bbr3ref,1,true,4194304,1103956,3799339,2523,1,2493,0,12431,12510,12517
axis_buffer_025bdp,bbr3ref,2,true,4194304,1103956,3799339,2523,1,2493,0,12431,12510,12517
axis_buffer_025bdp,lossblindref,0,true,4194304,7248911,578611,2305,6,2257,0,12420,12510,12519
axis_buffer_025bdp,lossblindref,1,true,4194304,9674427,433545,2317,9,2257,0,12420,12510,12519
axis_buffer_025bdp,lossblindref,2,true,4194304,6389586,656428,2312,6,2257,0,12420,12510,12519
axis_buffer_025bdp,cubicref,0,true,4194304,2372478,1767900,26,0,26,0,117,117,117
axis_buffer_025bdp,cubicref,1,true,4194304,9417478,445374,34,1,33,0,117,117,117
axis_buffer_025bdp,cubicref,2,true,4194304,1170402,3583643,206,1,199,0,117,12451,12504
axis_buffer_025bdp,newrenoref,0,true,4194304,9105676,460625,26,1,25,0,117,117,117
axis_buffer_025bdp,newrenoref,1,true,4194304,14419973,290867,36,2,34,0,117,117,117
axis_buffer_025bdp,newrenoref,2,true,4194304,14229799,294754,31,1,31,0,117,117,117
axis_buffer_4bdp,edgecc,0,true,4194304,1301375,3222978,657,1,652,0,99171,190164,200097
axis_buffer_4bdp,edgecc,1,true,4194304,1300680,3224700,656,1,652,0,99051,190164,199980
axis_buffer_4bdp,edgecc,2,true,4194304,1303584,3217517,657,1,652,0,99168,190164,199980
axis_buffer_4bdp,edgecc_no_probe,0,true,4194304,4989770,840580,652,2,644,0,105197,189254,199433
axis_buffer_4bdp,edgecc_no_probe,1,true,4194304,3556296,1179402,648,1,644,0,104766,189254,199316
axis_buffer_4bdp,edgecc_no_probe,2,true,4194304,3941855,1064043,655,2,644,0,104960,189254,199433
axis_buffer_4bdp,edgecc_no_utility,0,true,4194304,1100329,3811863,839,1,834,0,101343,198468,200276
axis_buffer_4bdp,edgecc_no_utility,1,true,4194304,1150563,3645436,844,1,834,0,101343,198347,200276
axis_buffer_4bdp,edgecc_no_utility,2,true,4194304,1100446,3811458,840,1,834,0,101343,198347,200276
axis_buffer_4bdp,edgecc_no_belief,0,true,4194304,1300914,3224120,689,1,684,0,103990,200115,200274
axis_buffer_4bdp,edgecc_no_belief,1,true,4194304,1300797,3224410,688,1,684,0,103873,200115,200274
axis_buffer_4bdp,edgecc_no_belief,2,true,4194304,1301599,3222424,689,1,684,0,103873,200115,200274
axis_buffer_4bdp,edgecc_no_plateau,0,true,4194304,1301375,3222978,657,1,652,0,99171,190164,200097
axis_buffer_4bdp,edgecc_no_plateau,1,true,4194304,1300680,3224700,656,1,652,0,99051,190164,199980
axis_buffer_4bdp,edgecc_no_plateau,2,true,4194304,1303584,3217517,657,1,652,0,99168,190164,199980
axis_buffer_4bdp,edgecc_no_prand,0,true,4194304,1301375,3222978,657,1,652,0,99171,190164,200097
axis_buffer_4bdp,edgecc_no_prand,1,true,4194304,1300680,3224700,656,1,652,0,99051,190164,199980
axis_buffer_4bdp,edgecc_no_prand,2,true,4194304,1303584,3217517,657,1,652,0,99168,190164,199980
axis_buffer_4bdp,edgecc_loss_blind,0,true,4194304,1301375,3222978,657,1,652,0,99171,190164,200097
axis_buffer_4bdp,edgecc_loss_blind,1,true,4194304,1300680,3224700,656,1,652,0,99051,190164,199980
axis_buffer_4bdp,edgecc_loss_blind,2,true,4194304,1303584,3217517,657,1,652,0,99168,190164,199980
axis_buffer_4bdp,edgecc_prior,0,true,4194304,5981924,701163,799,2,791,0,89697,192398,200228
axis_buffer_4bdp,edgecc_prior,1,true,4194304,1250914,3352991,801,1,792,0,89814,192398,200225
axis_buffer_4bdp,edgecc_prior,2,true,4194304,1250563,3353932,797,1,791,0,89697,192281,200225
axis_buffer_4bdp,bbr3ref,0,true,4194304,1101148,3809028,894,1,888,0,104706,199148,200278
axis_buffer_4bdp,bbr3ref,1,true,4194304,1101733,3807005,899,1,888,0,104706,199144,200278
axis_buffer_4bdp,bbr3ref,2,true,4194304,1101265,3808623,895,1,888,0,104706,199144,200278
axis_buffer_4bdp,lossblindref,0,true,4194304,1301375,3222978,657,1,652,0,99171,190164,200097
axis_buffer_4bdp,lossblindref,1,true,4194304,1300680,3224700,656,1,652,0,99051,190164,199980
axis_buffer_4bdp,lossblindref,2,true,4194304,1303584,3217517,657,1,652,0,99168,190164,199980
axis_buffer_4bdp,cubicref,0,true,4194304,2372478,1767900,26,0,26,0,117,117,117
axis_buffer_4bdp,cubicref,1,true,4194304,9417478,445374,34,1,33,0,117,117,117
axis_buffer_4bdp,cubicref,2,true,4194304,1050117,3994130,31,1,30,0,1489,23106,27571
axis_buffer_4bdp,newrenoref,0,true,4194304,9105676,460625,26,1,25,0,117,117,117
axis_buffer_4bdp,newrenoref,1,true,4194304,14419973,290867,36,2,34,0,117,117,117
axis_buffer_4bdp,newrenoref,2,true,4194304,14229799,294754,31,1,31,0,117,117,117
axis_policer,edgecc,0,true,4194304,9091530,461341,2520,9,2395,0,3225,6573,6978
axis_policer,edgecc,1,true,4194304,17434623,240573,2484,15,2399,0,3114,6573,6978
axis_policer,edgecc,2,true,4194304,17904528,234259,2498,17,2397,0,3222,6573,6978
axis_policer,edgecc_no_probe,0,true,4194304,11675114,359251,2597,13,2523,0,4664,6993,7209
axis_policer,edgecc_no_probe,1,true,4194304,10205961,410966,2654,10,2525,0,4553,6953,7098
axis_policer,edgecc_no_probe,2,true,4194304,17335127,241954,2634,19,2524,0,4664,6953,7098
axis_policer,edgecc_no_utility,0,true,4194304,9238620,453996,2600,8,2540,0,3436,6776,7028
axis_policer,edgecc_no_utility,1,true,4194304,11188960,374860,2621,11,2542,0,3323,6776,7028
axis_policer,edgecc_no_utility,2,true,4194304,8144260,515001,2609,8,2541,0,3436,6776,7028
axis_policer,edgecc_no_belief,0,true,4194304,1551382,2703592,2446,1,2422,0,2111,6625,6982
axis_policer,edgecc_no_belief,1,true,4194304,1601899,2618332,2454,1,2426,0,1900,6625,6982
axis_policer,edgecc_no_belief,2,true,4194304,1601382,2619177,2451,1,2424,0,2118,6625,6982
axis_policer,edgecc_no_plateau,0,true,4194304,9091530,461341,2520,9,2395,0,3225,6573,6978
axis_policer,edgecc_no_plateau,1,true,4194304,17434623,240573,2484,15,2399,0,3114,6573,6978
axis_policer,edgecc_no_plateau,2,true,4194304,17904528,234259,2498,17,2397,0,3222,6573,6978
axis_policer,edgecc_no_prand,0,true,4194304,9091530,461341,2520,9,2395,0,3225,6573,6978
axis_policer,edgecc_no_prand,1,true,4194304,17434623,240573,2484,15,2399,0,3114,6573,6978
axis_policer,edgecc_no_prand,2,true,4194304,17904528,234259,2498,17,2397,0,3222,6573,6978
axis_policer,edgecc_loss_blind,0,true,4194304,8143128,515072,2506,7,2395,0,3225,6573,6978
axis_policer,edgecc_loss_blind,1,true,4194304,14681062,285694,2488,15,2399,0,3114,6573,6978
axis_policer,edgecc_loss_blind,2,true,4194304,17904528,234259,2498,17,2397,0,3222,6573,6978
axis_policer,edgecc_prior,0,true,4194304,4564816,918833,2514,3,2479,0,2317,6651,6960
axis_policer,edgecc_prior,1,true,4194304,7581796,553207,2537,7,2482,0,2317,6534,6960
axis_policer,edgecc_prior,2,true,4194304,5419839,773879,2534,5,2479,0,2317,6651,6960
axis_policer,bbr3ref,0,true,4194304,1103488,3800951,2615,1,2589,0,4083,6940,7218
axis_policer,bbr3ref,1,true,4194304,1104190,3798534,2623,1,2591,0,4003,6940,7218
axis_policer,bbr3ref,2,true,4194304,1103956,3799339,2620,1,2590,0,4120,6940,7218
axis_policer,lossblindref,0,true,4194304,8143128,515072,2506,7,2395,0,3225,6573,6978
axis_policer,lossblindref,1,true,4194304,14681062,285694,2488,15,2399,0,3114,6573,6978
axis_policer,lossblindref,2,true,4194304,17904528,234259,2498,17,2397,0,3222,6573,6978
axis_policer,cubicref,0,true,4194304,2372478,1767900,26,0,26,0,117,117,117
axis_policer,cubicref,1,true,4194304,9417478,445374,34,1,33,0,117,117,117
axis_policer,cubicref,2,true,4194304,1645817,2548463,393,1,363,0,117,2148,3015
axis_policer,newrenoref,0,true,4194304,9105676,460625,26,1,25,0,117,117,117
axis_policer,newrenoref,1,true,4194304,14419973,290867,36,2,34,0,117,117,117
axis_policer,newrenoref,2,true,4194304,14229799,294754,31,1,31,0,117,117,117
axis_jitter10ms,edgecc,0,true,4194304,19864208,211148,314,1,32,0,0,8215,13820
axis_jitter10ms,edgecc,1,true,4194304,27920586,150222,119,1,25,0,0,10133,14949
axis_jitter10ms,edgecc,2,true,4194304,25617503,163728,138,0,30,0,0,10069,14200
axis_jitter10ms,edgecc_no_probe,0,true,4194304,15418511,272030,1197,1,1119,0,1070,37328,49337
axis_jitter10ms,edgecc_no_probe,1,true,4194304,26147820,160407,134,0,26,0,0,9434,13936
axis_jitter10ms,edgecc_no_probe,2,true,4194304,27635661,151771,133,0,25,0,0,9458,13899
axis_jitter10ms,edgecc_no_utility,0,true,4194304,5349743,784019,2478,2,2069,0,21,36590,40982
axis_jitter10ms,edgecc_no_utility,1,true,4194304,21150252,198309,157,0,23,0,0,8199,13791
axis_jitter10ms,edgecc_no_utility,2,true,4194304,27385994,153155,162,0,40,0,0,10540,15782
axis_jitter10ms,edgecc_no_belief,0,true,4194304,1561503,2686068,1511,0,125,0,0,35702,45358
axis_jitter10ms,edgecc_no_belief,1,true,4194304,22424959,187037,181,0,21,0,0,9138,14114
axis_jitter10ms,edgecc_no_belief,2,true,4194304,26331907,159285,194,0,30,0,0,9912,13969
axis_jitter10ms,edgecc_no_plateau,0,true,4194304,19864208,211148,314,1,32,0,0,8215,13820
axis_jitter10ms,edgecc_no_plateau,1,true,4194304,27920586,150222,119,1,25,0,0,10133,14949
axis_jitter10ms,edgecc_no_plateau,2,true,4194304,26362739,159099,132,0,29,0,0,9998,13755
axis_jitter10ms,edgecc_no_prand,0,true,4194304,19864208,211148,314,1,32,0,0,8215,13820
axis_jitter10ms,edgecc_no_prand,1,true,4194304,27920586,150222,119,1,25,0,0,10133,14949
axis_jitter10ms,edgecc_no_prand,2,true,4194304,25617503,163728,138,0,30,0,0,10069,14200
axis_jitter10ms,edgecc_loss_blind,0,true,4194304,2376735,1764733,1461,1,614,0,6860,32826,37436
axis_jitter10ms,edgecc_loss_blind,1,true,4194304,13785318,304258,435,1,20,0,0,6461,13400
axis_jitter10ms,edgecc_loss_blind,2,true,4194304,14457083,290121,2321,18,2130,0,8461,40403,50277
axis_jitter10ms,edgecc_prior,0,true,4194304,6670730,628762,855,0,84,0,0,16863,28218
axis_jitter10ms,edgecc_prior,1,true,4194304,1064289,3940944,1511,1,102,0,0,21480,32808
axis_jitter10ms,edgecc_prior,2,true,4194304,1241980,3377110,1549,0,99,0,0,18934,25569
axis_jitter10ms,bbr3ref,0,true,4194304,14573700,287799,447,0,31,0,0,6158,11717
axis_jitter10ms,bbr3ref,1,true,4194304,14762559,284117,479,0,32,0,0,7302,12079
axis_jitter10ms,bbr3ref,2,true,4194304,1491672,2811813,1950,2,1045,0,29549,47992,50605
axis_jitter10ms,lossblindref,0,true,4194304,2376735,1764733,1461,1,614,0,6860,32826,37436
axis_jitter10ms,lossblindref,1,true,4194304,13785318,304258,435,1,20,0,0,6461,13400
axis_jitter10ms,lossblindref,2,true,4194304,14457083,290121,2321,18,2130,0,8461,40403,50277
axis_jitter10ms,cubicref,0,true,4194304,11478852,365394,237,1,30,0,0,6258,10554
axis_jitter10ms,cubicref,1,true,4194304,8732483,480310,410,0,24,0,0,5431,10637
axis_jitter10ms,cubicref,2,true,4194304,6260942,669915,836,0,30,0,0,3447,8774
axis_jitter10ms,newrenoref,0,true,4194304,10047781,417435,693,0,30,0,0,5520,12131
axis_jitter10ms,newrenoref,1,true,4194304,3269259,1282952,871,0,21,0,0,6924,13480
axis_jitter10ms,newrenoref,2,true,4194304,4152936,1009961,737,0,29,0,0,13535,20583
axis_codel_ecn,edgecc,0,true,4194304,17346065,241801,1981,10,1936,841,39657,50061,50073
axis_codel_ecn,edgecc,1,true,4194304,11087182,378302,1995,10,1936,841,39537,50061,50073
axis_codel_ecn,edgecc,2,true,4194304,18318238,228968,1985,11,1936,841,39654,50061,50073
axis_codel_ecn,edgecc_no_probe,0,true,4194304,23379127,179403,1980,13,1928,862,32459,50036,50066
axis_codel_ecn,edgecc_no_probe,1,true,4194304,16664095,251697,2002,13,1928,862,32443,50036,50066
axis_codel_ecn,edgecc_no_probe,2,true,4194304,23145779,181212,1993,16,1928,862,32459,50036,50066
axis_codel_ecn,edgecc_no_utility,0,true,4194304,14030164,298949,2155,6,2118,667,33368,50054,50072
axis_codel_ecn,edgecc_no_utility,1,true,4194304,8932310,469565,2169,10,2118,667,33368,50054,50072
axis_codel_ecn,edgecc_no_utility,2,true,4194304,13548201,309583,2161,8,2118,667,33368,50054,50072
axis_codel_ecn,edgecc_no_belief,0,true,4194304,1501912,2792642,1990,1,1968,821,41128,50059,50072
axis_codel_ecn,edgecc_no_belief,1,true,4194304,1501616,2793193,1990,1,1968,821,41128,50059,50072
axis_codel_ecn,edgecc_no_belief,2,true,4194304,1501499,2793411,1989,1,1968,821,41128,50059,50072
axis_codel_ecn,edgecc_no_plateau,0,true,4194304,17346065,241801,1981,10,1936,841,39657,50061,50073
axis_codel_ecn,edgecc_no_plateau,1,true,4194304,11087182,378302,1995,10,1936,841,39537,50061,50073
axis_codel_ecn,edgecc_no_plateau,2,true,4194304,18318238,228968,1985,11,1936,841,39654,50061,50073
axis_codel_ecn,edgecc_no_prand,0,true,4194304,17346065,241801,1981,10,1936,841,39657,50061,50073
axis_codel_ecn,edgecc_no_prand,1,true,4194304,11087182,378302,1995,10,1936,841,39537,50061,50073
axis_codel_ecn,edgecc_no_prand,2,true,4194304,18318238,228968,1985,11,1936,841,39654,50061,50073
axis_codel_ecn,edgecc_loss_blind,0,true,4194304,17346065,241801,1981,10,1936,841,39657,50061,50073
axis_codel_ecn,edgecc_loss_blind,1,true,4194304,12766697,328534,1989,9,1936,841,39537,50061,50073
axis_codel_ecn,edgecc_loss_blind,2,true,4194304,18318238,228968,1985,11,1936,841,39654,50061,50073
axis_codel_ecn,edgecc_prior,0,true,4194304,22135538,189482,2127,12,2075,571,23073,50045,50069
axis_codel_ecn,edgecc_prior,1,true,4194304,3106530,1350157,2098,1,2076,646,23190,50043,50069
axis_codel_ecn,edgecc_prior,2,true,4194304,12406740,338066,2140,10,2075,571,23073,50043,50069
axis_codel_ecn,bbr3ref,0,true,4194304,1103137,3802160,2195,1,2172,649,36731,50056,50072
axis_codel_ecn,bbr3ref,1,true,4194304,1103137,3802160,2195,1,2172,650,36731,50056,50072
axis_codel_ecn,bbr3ref,2,true,4194304,1103254,3801757,2196,1,2172,649,36731,50056,50072
axis_codel_ecn,lossblindref,0,true,4194304,17346065,241801,1981,10,1936,841,39657,50061,50073
axis_codel_ecn,lossblindref,1,true,4194304,12766697,328534,1989,9,1936,841,39537,50061,50073
axis_codel_ecn,lossblindref,2,true,4194304,18318238,228968,1985,11,1936,841,39654,50061,50073
axis_codel_ecn,cubicref,0,true,4194304,2372478,1767900,26,0,26,0,117,117,117
axis_codel_ecn,cubicref,1,true,4194304,9417478,445374,34,1,33,0,117,117,117
axis_codel_ecn,cubicref,2,true,4194304,1150329,3646177,263,1,260,1328,5291,49588,50032
axis_codel_ecn,newrenoref,0,true,4194304,9105676,460625,26,1,25,0,117,117,117
axis_codel_ecn,newrenoref,1,true,4194304,14419973,290867,36,2,34,0,117,117,117
axis_codel_ecn,newrenoref,2,true,4194304,14229799,294754,31,1,31,0,117,117,117
axis_route_switch,edgecc,0,true,4194304,47095512,89059,1989,12,1936,0,39657,50061,50073
axis_route_switch,edgecc,1,true,4194304,17907126,234225,1992,9,1936,0,39537,50061,50073
axis_route_switch,edgecc,2,true,4194304,49991010,83901,1989,12,1936,0,39654,50061,50073
axis_route_switch,edgecc_no_probe,0,false,4010620,60000000,66843,1868,15,1928,0,32459,50036,50066
axis_route_switch,edgecc_no_probe,1,true,4194304,29515236,142106,1996,11,1928,0,32443,50036,50066
axis_route_switch,edgecc_no_probe,2,false,4020840,60000000,67014,1898,19,1928,0,32459,50036,50066
axis_route_switch,edgecc_no_utility,0,true,4194304,37347752,112304,2155,6,2118,0,33368,50054,50072
axis_route_switch,edgecc_no_utility,1,true,4194304,8617525,486717,2152,4,2118,0,33368,50054,50072
axis_route_switch,edgecc_no_utility,2,true,4194304,36046582,116357,2165,9,2118,0,33368,50054,50072
axis_route_switch,edgecc_no_belief,0,true,4194304,1501912,2792642,1990,1,1968,0,41128,50059,50072
axis_route_switch,edgecc_no_belief,1,true,4194304,1501616,2793193,1990,1,1968,0,41128,50059,50072
axis_route_switch,edgecc_no_belief,2,true,4194304,1501499,2793411,1989,1,1968,0,41128,50059,50072
axis_route_switch,edgecc_no_plateau,0,true,4194304,47095512,89059,1989,12,1936,0,39657,50061,50073
axis_route_switch,edgecc_no_plateau,1,true,4194304,17907126,234225,1992,9,1936,0,39537,50061,50073
axis_route_switch,edgecc_no_plateau,2,true,4194304,49991010,83901,1989,12,1936,0,39654,50061,50073
axis_route_switch,edgecc_no_prand,0,true,4194304,47095512,89059,1989,12,1936,0,39657,50061,50073
axis_route_switch,edgecc_no_prand,1,true,4194304,17907126,234225,1992,9,1936,0,39537,50061,50073
axis_route_switch,edgecc_no_prand,2,true,4194304,49991010,83901,1989,12,1936,0,39654,50061,50073
axis_route_switch,edgecc_loss_blind,0,true,4194304,47095512,89059,1989,12,1936,0,39657,50061,50073
axis_route_switch,edgecc_loss_blind,1,true,4194304,22254235,188472,1999,10,1936,0,39537,50061,50073
axis_route_switch,edgecc_loss_blind,2,true,4194304,49991010,83901,1989,12,1936,0,39654,50061,50073
axis_route_switch,edgecc_prior,0,false,4155160,60000000,69252,2113,14,2075,0,23073,50045,50069
axis_route_switch,edgecc_prior,1,true,4194304,4254775,985787,2098,1,2076,0,23190,50043,50069
axis_route_switch,edgecc_prior,2,true,4194304,15038786,278899,2126,6,2075,0,23073,50043,50069
axis_route_switch,bbr3ref,0,true,4194304,1103137,3802160,2195,1,2172,0,36731,50056,50072
axis_route_switch,bbr3ref,1,true,4194304,1103137,3802160,2195,1,2172,0,36731,50056,50072
axis_route_switch,bbr3ref,2,true,4194304,1103254,3801757,2196,1,2172,0,36731,50056,50072
axis_route_switch,lossblindref,0,true,4194304,47095512,89059,1989,12,1936,0,39657,50061,50073
axis_route_switch,lossblindref,1,true,4194304,22254235,188472,1999,10,1936,0,39537,50061,50073
axis_route_switch,lossblindref,2,true,4194304,49991010,83901,1989,12,1936,0,39654,50061,50073
axis_route_switch,cubicref,0,true,4194304,3066926,1367592,26,0,26,0,117,100117,100117
axis_route_switch,cubicref,1,true,4194304,16078302,260867,44,4,33,0,100117,100117,100117
axis_route_switch,cubicref,2,true,4194304,1050117,3994130,31,1,30,0,1489,23106,27571
axis_route_switch,newrenoref,0,true,4194304,23681449,177113,33,6,24,0,100117,100117,100117
axis_route_switch,newrenoref,1,true,4194304,39411731,106422,51,13,34,0,100117,100117,100117
axis_route_switch,newrenoref,2,true,4194304,35732227,117381,40,9,29,0,100117,100117,100117
axis_concur10,edgecc,0,true,4194304,7392128,567401,2117,5,2077,0,1257,50042,50073,flow=0
axis_concur10,edgecc,0,true,4194304,29359522,142860,2611,21,2526,0,44536,50069,50075,flow=1
axis_concur10,edgecc,0,true,4194304,30718553,136539,1287,11,1242,0,117,41845,50032,flow=2
axis_concur10,edgecc,0,true,4194304,26847061,156229,2282,21,2197,0,47671,50069,50069,flow=3
axis_concur10,edgecc,0,true,4194304,22055642,190169,1215,11,1169,0,1613,45811,50002,flow=4
axis_concur10,edgecc,0,true,4194304,17679080,237246,1340,8,1299,0,117,50076,50076,flow=5
axis_concur10,edgecc,0,true,4194304,14672726,285857,1549,10,1488,0,117,49959,50067,flow=6
axis_concur10,edgecc,0,true,4194304,23721380,176815,793,5,767,0,117,40488,49366,flow=7
axis_concur10,edgecc,0,true,4194304,10441621,401690,682,4,661,0,117,40500,48714,flow=8
axis_concur10,edgecc,0,true,4194304,7073678,592945,680,4,656,0,117,16368,26050,flow=9
axis_concur10,edgecc,0,fairness_min=136539,fairness_max=592945,fairness_ratio=0.230
axis_concur10,edgecc,1,true,4194304,19431127,215854,2556,17,2451,0,22611,50069,50076,flow=0
axis_concur10,edgecc,1,true,4194304,21343295,196516,1652,7,1623,0,117,49444,50070,flow=1
axis_concur10,edgecc,1,true,4194304,22646922,185204,1578,8,1543,0,128,50035,50068,flow=2
axis_concur10,edgecc,1,true,4194304,3011455,1392783,659,1,655,0,234,50069,50069,flow=3
axis_concur10,edgecc,1,true,4194304,29513759,142113,2631,15,2570,0,49198,50059,50071,flow=4
axis_concur10,edgecc,1,true,4194304,22607818,185524,1240,10,1198,0,914,45071,49979,flow=5
axis_concur10,edgecc,1,true,4194304,18066836,232154,846,5,824,0,117,41703,49776,flow=6
axis_concur10,edgecc,1,true,4194304,8814437,475844,969,2,963,0,1272,50035,50035,flow=7
axis_concur10,edgecc,1,true,4194304,17011266,246560,1298,8,1250,0,4771,44521,49980,flow=8
axis_concur10,edgecc,1,true,4194304,5598666,749161,992,5,964,0,117,50035,50035,flow=9
axis_concur10,edgecc,1,fairness_min=142113,fairness_max=1392783,fairness_ratio=0.102
axis_concur10,edgecc,2,true,4194304,11495568,364862,2572,9,2506,0,17949,50070,50076,flow=0
axis_concur10,edgecc,2,true,4194304,2616964,1602736,650,1,640,0,234,24330,47587,flow=1
axis_concur10,edgecc,2,true,4194304,16706874,251052,1253,5,1222,0,117,45614,50042,flow=2
axis_concur10,edgecc,2,true,4194304,25918326,161827,2130,12,2082,0,39703,50069,50069,flow=3
axis_concur10,edgecc,2,true,4194304,9953108,421406,693,7,660,0,117,16146,47846,flow=4
axis_concur10,edgecc,2,true,4194304,20079780,208881,696,9,655,0,117,17880,24768,flow=5
axis_concur10,edgecc,2,true,4194304,6747913,621570,960,2,944,0,117,50069,50069,flow=6
axis_concur10,edgecc,2,true,4194304,12699421,330275,1025,5,1006,0,117,50013,50064,flow=7
axis_concur10,edgecc,2,true,4194304,6062560,691837,669,2,656,0,117,6435,15286,flow=8
axis_concur10,edgecc,2,true,4194304,11437974,366699,1399,6,1356,0,117,46536,50034,flow=9
axis_concur10,edgecc,2,fairness_min=161827,fairness_max=1602736,fairness_ratio=0.101
axis_concur10,edgecc_no_probe,0,true,4194304,14147361,296472,2122,11,2057,0,15972,50021,50070,flow=0
axis_concur10,edgecc_no_probe,0,true,4194304,26853546,156191,2453,16,2384,0,39505,50057,50073,flow=1
axis_concur10,edgecc_no_probe,0,true,4194304,18017751,232787,1392,10,1350,0,117,49972,50065,flow=2
axis_concur10,edgecc_no_probe,0,true,4194304,11254261,372685,1350,5,1319,0,117,48258,50067,flow=3
axis_concur10,edgecc_no_probe,0,true,4194304,12728053,329532,1347,5,1316,0,234,50035,50070,flow=4
axis_concur10,edgecc_no_probe,0,true,4194304,15152617,276803,1091,8,1045,0,1143,44223,50064,flow=5
axis_concur10,edgecc_no_probe,0,true,4194304,10004014,419262,1106,3,1090,0,234,49986,50067,flow=6
axis_concur10,edgecc_no_probe,0,true,4194304,11064051,379092,1429,7,1394,0,117,49990,50068,flow=7
axis_concur10,edgecc_no_probe,0,true,4194304,13942245,300834,1262,5,1232,0,351,50023,50070,flow=8
axis_concur10,edgecc_no_probe,0,true,4194304,10527819,398401,1089,5,1055,0,2127,44254,50024,flow=9
axis_concur10,edgecc_no_probe,0,fairness_min=156191,fairness_max=419262,fairness_ratio=0.373
axis_concur10,edgecc_no_probe,1,true,4194304,14612246,287040,2377,12,2277,0,28380,50048,50073,flow=0
axis_concur10,edgecc_no_probe,1,true,4194304,23236695,180503,2402,10,2361,0,41485,50056,50073,flow=1
axis_concur10,edgecc_no_probe,1,true,4194304,1686521,2486956,30,0,30,0,7447,29268,42426,flow=2
axis_concur10,edgecc_no_probe,1,true,4194304,10610978,395279,1396,3,1375,0,351,50040,50071,flow=3
axis_concur10,edgecc_no_probe,1,true,4194304,3041916,1378836,28,1,28,0,234,19188,21177,flow=4
axis_concur10,edgecc_no_probe,1,true,4194304,10092865,415571,1320,5,1296,0,585,50034,50070,flow=5
axis_concur10,edgecc_no_probe,1,true,4194304,7462830,562025,758,2,748,0,117,5610,50060,flow=6
axis_concur10,edgecc_no_probe,1,true,4194304,8553869,490339,1255,2,1242,0,1627,50041,50069,flow=7
axis_concur10,edgecc_no_probe,1,true,4194304,4123016,1017290,793,1,785,0,117,19188,49992,flow=8
axis_concur10,edgecc_no_probe,1,true,4194304,13812334,303663,1244,7,1211,0,234,50036,50069,flow=9
axis_concur10,edgecc_no_probe,1,fairness_min=180503,fairness_max=2486956,fairness_ratio=0.073
axis_concur10,edgecc_no_probe,2,true,4194304,20126571,208396,2400,21,2283,0,27564,50049,50073,flow=0
axis_concur10,edgecc_no_probe,2,true,4194304,25949638,161632,2510,10,2471,0,44914,50061,50073,flow=1
axis_concur10,edgecc_no_probe,2,true,4194304,8548483,490648,943,2,935,0,117,41770,50060,flow=2
axis_concur10,edgecc_no_probe,2,true,4194304,13858588,302650,1179,3,1166,0,1555,47680,50047,flow=3
axis_concur10,edgecc_no_probe,2,true,4194304,15345515,273324,886,8,845,0,117,46302,50065,flow=4
axis_concur10,edgecc_no_probe,2,true,4194304,29113943,144065,900,12,834,0,117,6903,50040,flow=5
axis_concur10,edgecc_no_probe,2,true,4194304,11050084,379572,1245,8,1208,0,117,48438,50076,flow=6
axis_concur10,edgecc_no_probe,2,true,4194304,6293519,666448,47,1,47,0,117,3391,4323,flow=7
axis_concur10,edgecc_no_probe,2,true,4194304,9249315,453471,721,1,716,0,117,33984,50058,flow=8
axis_concur10,edgecc_no_probe,2,true,4194304,13522836,310164,1443,9,1393,0,117,49668,50068,flow=9
axis_concur10,edgecc_no_probe,2,fairness_min=144065,fairness_max=666448,fairness_ratio=0.216
axis_concur10,edgecc_no_utility,0,true,4194304,9541424,439588,2481,8,2416,0,19397,47736,50073,flow=0
axis_concur10,edgecc_no_utility,0,true,4194304,22192779,188994,2365,13,2306,0,33239,50044,50074,flow=1
axis_concur10,edgecc_no_utility,0,true,4194304,10269899,408407,1519,6,1491,0,117,48391,50065,flow=2
axis_concur10,edgecc_no_utility,0,true,4194304,26384611,158967,1379,11,1334,0,117,6903,50064,flow=3
axis_concur10,edgecc_no_utility,0,true,4194304,18263817,229651,1384,10,1327,0,117,6361,50066,flow=4
axis_concur10,edgecc_no_utility,0,true,4194304,18465539,227142,1297,3,1280,0,117,351,50064,flow=5
axis_concur10,edgecc_no_utility,0,true,4194304,18715624,224107,1253,5,1222,0,117,351,50064,flow=6
axis_concur10,edgecc_no_utility,0,true,4194304,18007543,232919,1266,8,1217,0,117,24734,50035,flow=7
axis_concur10,edgecc_no_utility,0,true,4194304,14017390,299221,1381,7,1338,0,117,2808,50064,flow=8
axis_concur10,edgecc_no_utility,0,true,4194304,14834728,282735,1295,5,1264,0,117,14409,50064,flow=9
axis_concur10,edgecc_no_utility,0,fairness_min=158967,fairness_max=439588,fairness_ratio=0.362
axis_concur10,edgecc_no_utility,1,true,4194304,16105587,260425,2476,13,2402,0,20088,50036,50073,flow=0
axis_concur10,edgecc_no_utility,1,true,4194304,25480512,164608,2429,18,2356,0,36229,50050,50074,flow=1
axis_concur10,edgecc_no_utility,1,true,4194304,5343703,784905,24,1,20,0,117,8892,16480,flow=2
axis_concur10,edgecc_no_utility,1,true,4194304,12539670,334482,1378,3,1361,0,117,50010,50075,flow=3
axis_concur10,edgecc_no_utility,1,true,4194304,12417026,337786,1329,8,1279,0,117,2106,50064,flow=4
axis_concur10,edgecc_no_utility,1,true,4194304,9752562,430072,1226,4,1201,0,117,38335,50064,flow=5
axis_concur10,edgecc_no_utility,1,true,4194304,8632672,485863,1247,5,1216,0,117,43834,50064,flow=6
axis_concur10,edgecc_no_utility,1,true,4194304,14432960,290605,1234,4,1209,0,117,20871,50064,flow=7
axis_concur10,edgecc_no_utility,1,true,4194304,7973780,526012,1311,7,1275,0,117,16497,50064,flow=8
axis_concur10,edgecc_no_utility,1,true,4194304,15787150,265678,1397,9,1342,0,117,1974,50063,flow=9
axis_concur10,edgecc_no_utility,1,fairness_min=164608,fairness_max=784905,fairness_ratio=0.210
axis_concur10,edgecc_no_utility,2,true,4194304,20219401,207439,2520,20,2418,0,19280,48785,50073,flow=0
axis_concur10,edgecc_no_utility,2,true,4194304,25998619,161327,2647,15,2582,0,48619,50068,50074,flow=1
axis_concur10,edgecc_no_utility,2,true,4194304,27211773,154135,1514,6,1487,0,117,48455,50065,flow=2
axis_concur10,edgecc_no_utility,2,true,4194304,32676261,128359,1391,11,1347,0,117,35293,50064,flow=3
axis_concur10,edgecc_no_utility,2,true,4194304,21179266,198038,1373,7,1325,0,117,1737,50066,flow=4
axis_concur10,edgecc_no_utility,2,true,4194304,10268804,408451,1330,8,1279,0,117,3393,32836,flow=5
axis_concur10,edgecc_no_utility,2,true,4194304,2128784,1970281,1752,1,1731,0,25114,50026,50073,flow=6
axis_concur10,edgecc_no_utility,2,true,4194304,9295139,451236,1253,6,1219,0,117,1287,50037,flow=7
axis_concur10,edgecc_no_utility,2,true,4194304,9683162,433154,1283,5,1246,0,117,1952,50064,flow=8
axis_concur10,edgecc_no_utility,2,true,4194304,21281456,197087,1338,2,1328,0,117,49450,50064,flow=9
axis_concur10,edgecc_no_utility,2,fairness_min=128359,fairness_max=1970281,fairness_ratio=0.065
axis_concur10,edgecc_no_belief,0,true,4194304,32311373,129808,2680,27,2565,0,13731,50069,50075,flow=0
axis_concur10,edgecc_no_belief,0,true,4194304,32304300,129837,2750,26,2646,0,29907,50076,50076,flow=1
axis_concur10,edgecc_no_belief,0,true,4194304,24491353,171256,2816,17,2739,0,48555,50076,50076,flow=2
axis_concur10,edgecc_no_belief,0,true,4194304,32351284,129648,2861,15,2792,0,50064,50076,50076,flow=3
axis_concur10,edgecc_no_belief,0,true,4194304,24281523,172736,2852,10,2810,0,5116,50076,50076,flow=4
axis_concur10,edgecc_no_belief,0,true,4194304,16112452,260314,2873,11,2808,0,50034,50076,50076,flow=5
axis_concur10,edgecc_no_belief,0,true,4194304,27682397,151515,2812,17,2735,0,50053,50076,50076,flow=6
axis_concur10,edgecc_no_belief,0,true,4194304,27811941,150809,2865,22,2775,0,50062,50076,50076,flow=7
axis_concur10,edgecc_no_belief,0,true,4194304,28279083,148318,2838,21,2748,0,50058,50076,50076,flow=8
axis_concur10,edgecc_no_belief,0,true,4194304,31370131,133703,2875,22,2786,0,50043,50076,50076,flow=9
axis_concur10,edgecc_no_belief,0,fairness_min=129648,fairness_max=260314,fairness_ratio=0.498
axis_concur10,edgecc_no_belief,1,true,4194304,30082462,139426,2585,22,2485,0,20070,50069,50075,flow=0
axis_concur10,edgecc_no_belief,1,true,4194304,32076678,130758,2788,16,2700,0,15795,50068,50074,flow=1
axis_concur10,edgecc_no_belief,1,true,4194304,26879692,156039,2813,22,2669,0,40221,50076,50076,flow=2
axis_concur10,edgecc_no_belief,1,true,4194304,32047967,130875,2858,21,2763,0,50058,50076,50076,flow=3
axis_concur10,edgecc_no_belief,1,true,4194304,35504431,118134,3075,19,2808,0,42822,50076,50076,flow=4
axis_concur10,edgecc_no_belief,1,true,4194304,28967825,144791,2830,21,2722,0,50053,50076,50076,flow=5
axis_concur10,edgecc_no_belief,1,true,4194304,27332901,153452,2789,14,2713,0,50053,50076,50076,flow=6
axis_concur10,edgecc_no_belief,1,true,4194304,36042619,116370,2940,19,2812,0,22698,50076,50076,flow=7
axis_concur10,edgecc_no_belief,1,true,4194304,1450468,2891690,735,2,723,0,48865,50035,50074,flow=8
axis_concur10,edgecc_no_belief,1,true,4194304,34221600,122563,2865,16,2794,0,49995,50076,50076,flow=9
axis_concur10,edgecc_no_belief,1,fairness_min=116370,fairness_max=2891690,fairness_ratio=0.040
axis_concur10,edgecc_no_belief,2,true,4194304,31965152,131214,2638,18,2565,0,13614,50069,50075,flow=0
axis_concur10,edgecc_no_belief,2,true,4194304,28773411,145770,2731,21,2644,0,29907,50076,50076,flow=1
axis_concur10,edgecc_no_belief,2,true,4194304,21283610,197067,2449,8,2411,0,117,50076,50076,flow=2
axis_concur10,edgecc_no_belief,2,true,4194304,23074587,181771,2858,15,2791,0,50064,50076,50076,flow=3
axis_concur10,edgecc_no_belief,2,true,4194304,27462765,152726,2909,24,2810,0,5116,50076,50076,flow=4
axis_concur10,edgecc_no_belief,2,true,4194304,23513318,178379,2871,14,2808,0,50034,50076,50076,flow=5
axis_concur10,edgecc_no_belief,2,true,4194304,23476064,178662,2803,15,2733,0,50053,50076,50076,flow=6
axis_concur10,edgecc_no_belief,2,true,4194304,31152877,134636,2862,21,2775,0,50062,50076,50076,flow=7
axis_concur10,edgecc_no_belief,2,true,4194304,25933958,161730,2806,15,2744,0,50058,50076,50076,flow=8
axis_concur10,edgecc_no_belief,2,true,4194304,30221292,138786,2871,20,2786,0,50043,50076,50076,flow=9
axis_concur10,edgecc_no_belief,2,fairness_min=131214,fairness_max=197067,fairness_ratio=0.666
axis_concur10,edgecc_no_plateau,0,true,4194304,5425367,773091,2106,4,2074,0,1170,50042,50073,flow=0
axis_concur10,edgecc_no_plateau,0,true,4194304,29399124,142667,2593,17,2524,0,44653,50069,50075,flow=1
axis_concur10,edgecc_no_plateau,0,true,4194304,29347759,142917,1270,11,1225,0,117,38049,50029,flow=2
axis_concur10,edgecc_no_plateau,0,true,4194304,23607454,177668,2224,12,2175,0,46993,50069,50069,flow=3
axis_concur10,edgecc_no_plateau,0,true,4194304,26850146,156211,1128,12,1081,0,117,45860,50046,flow=4
axis_concur10,edgecc_no_plateau,0,true,4194304,19582648,214184,1287,8,1250,0,5406,44528,49994,flow=5
axis_concur10,edgecc_no_plateau,0,true,4194304,17531957,239237,1265,9,1211,0,5308,49060,50041,flow=6
axis_concur10,edgecc_no_plateau,0,true,4194304,11323444,370408,1264,6,1233,0,6063,49971,50064,flow=7
axis_concur10,edgecc_no_plateau,0,true,4194304,7444001,563447,925,5,900,0,117,44494,50032,flow=8
axis_concur10,edgecc_no_plateau,0,true,4194304,14249880,294339,696,6,659,0,234,32220,38709,flow=9
axis_concur10,edgecc_no_plateau,0,fairness_min=142667,fairness_max=773091,fairness_ratio=0.185
axis_concur10,edgecc_no_plateau,1,true,4194304,14928306,280963,2522,12,2451,0,22611,50069,50076,flow=0
axis_concur10,edgecc_no_plateau,1,true,4194304,31153714,134632,1676,12,1623,0,117,49444,50070,flow=1
axis_concur10,edgecc_no_plateau,1,true,4194304,24869901,168649,1605,10,1562,0,117,50035,50068,flow=2
axis_concur10,edgecc_no_plateau,1,true,4194304,2386706,1757360,662,1,658,0,234,50069,50069,flow=3
axis_concur10,edgecc_no_plateau,1,true,4194304,29344324,142934,2636,17,2567,0,49081,50059,50071,flow=4
axis_concur10,edgecc_no_plateau,1,true,4194304,19718146,212712,1224,6,1202,0,4905,47110,50000,flow=5
axis_concur10,edgecc_no_plateau,1,true,4194304,16397860,255783,685,6,660,0,117,23049,31840,flow=6
axis_concur10,edgecc_no_plateau,1,true,4194304,8835911,474688,1055,3,1041,0,130,50035,50035,flow=7
axis_concur10,edgecc_no_plateau,1,true,4194304,11212440,374075,1168,7,1128,0,117,49997,50058,flow=8
axis_concur10,edgecc_no_plateau,1,true,4194304,4909075,854398,985,4,966,0,117,50035,50035,flow=9
axis_concur10,edgecc_no_plateau,1,fairness_min=134632,fairness_max=1757360,fairness_ratio=0.077
axis_concur10,edgecc_no_plateau,2,true,4194304,10075380,416292,2571,11,2506,0,17949,50070,50076,flow=0
axis_concur10,edgecc_no_plateau,2,true,4194304,10673507,392963,962,2,948,0,117,46129,50073,flow=1
axis_concur10,edgecc_no_plateau,2,true,4194304,18218511,230222,1384,7,1349,0,156,49973,50069,flow=2
axis_concur10,edgecc_no_plateau,2,true,4194304,25136897,166858,2125,15,2064,0,38536,50069,50069,flow=3
axis_concur10,edgecc_no_plateau,2,true,4194304,11908566,352208,679,3,666,0,117,46566,50076,flow=4
axis_concur10,edgecc_no_plateau,2,true,4194304,11764182,356531,681,6,657,0,117,18837,46098,flow=5
axis_concur10,edgecc_no_plateau,2,true,4194304,8052277,520884,959,3,940,0,117,50069,50069,flow=6
axis_concur10,edgecc_no_plateau,2,true,4194304,9152277,458279,676,4,657,0,117,3042,34398,flow=7
axis_concur10,edgecc_no_plateau,2,true,4194304,8721828,480897,750,6,721,0,117,38571,47922,flow=8
axis_concur10,edgecc_no_plateau,2,true,4194304,8233908,509394,693,5,660,0,117,5616,37320,flow=9
axis_concur10,edgecc_no_plateau,2,fairness_min=166858,fairness_max=520884,fairness_ratio=0.320
axis_concur10,edgecc_no_prand,0,true,4194304,7392128,567401,2117,5,2077,0,1257,50042,50073,flow=0
axis_concur10,edgecc_no_prand,0,true,4194304,29359522,142860,2611,21,2526,0,44536,50069,50075,flow=1
axis_concur10,edgecc_no_prand,0,true,4194304,30718553,136539,1287,11,1242,0,117,41845,50032,flow=2
axis_concur10,edgecc_no_prand,0,true,4194304,26847061,156229,2282,21,2197,0,47671,50069,50069,flow=3
axis_concur10,edgecc_no_prand,0,true,4194304,22055642,190169,1215,11,1169,0,1613,45811,50002,flow=4
axis_concur10,edgecc_no_prand,0,true,4194304,17679080,237246,1340,8,1299,0,117,50076,50076,flow=5
axis_concur10,edgecc_no_prand,0,true,4194304,14672726,285857,1549,10,1488,0,117,49959,50067,flow=6
axis_concur10,edgecc_no_prand,0,true,4194304,23721380,176815,793,5,767,0,117,40488,49366,flow=7
axis_concur10,edgecc_no_prand,0,true,4194304,10441621,401690,682,4,661,0,117,40500,48714,flow=8
axis_concur10,edgecc_no_prand,0,true,4194304,7073678,592945,680,4,656,0,117,16368,26050,flow=9
axis_concur10,edgecc_no_prand,0,fairness_min=136539,fairness_max=592945,fairness_ratio=0.230
axis_concur10,edgecc_no_prand,1,true,4194304,19431127,215854,2556,17,2451,0,22611,50069,50076,flow=0
axis_concur10,edgecc_no_prand,1,true,4194304,21343295,196516,1652,7,1623,0,117,49444,50070,flow=1
axis_concur10,edgecc_no_prand,1,true,4194304,22646922,185204,1578,8,1543,0,128,50035,50068,flow=2
axis_concur10,edgecc_no_prand,1,true,4194304,3011455,1392783,659,1,655,0,234,50069,50069,flow=3
axis_concur10,edgecc_no_prand,1,true,4194304,29513759,142113,2631,15,2570,0,49198,50059,50071,flow=4
axis_concur10,edgecc_no_prand,1,true,4194304,22607818,185524,1240,10,1198,0,914,45071,49979,flow=5
axis_concur10,edgecc_no_prand,1,true,4194304,18066836,232154,846,5,824,0,117,41703,49776,flow=6
axis_concur10,edgecc_no_prand,1,true,4194304,8814437,475844,969,2,963,0,1272,50035,50035,flow=7
axis_concur10,edgecc_no_prand,1,true,4194304,17011266,246560,1298,8,1250,0,4771,44521,49980,flow=8
axis_concur10,edgecc_no_prand,1,true,4194304,5598666,749161,992,5,964,0,117,50035,50035,flow=9
axis_concur10,edgecc_no_prand,1,fairness_min=142113,fairness_max=1392783,fairness_ratio=0.102
axis_concur10,edgecc_no_prand,2,true,4194304,11495568,364862,2572,9,2506,0,17949,50070,50076,flow=0
axis_concur10,edgecc_no_prand,2,true,4194304,2616964,1602736,650,1,640,0,234,24330,47587,flow=1
axis_concur10,edgecc_no_prand,2,true,4194304,16706874,251052,1253,5,1222,0,117,45614,50042,flow=2
axis_concur10,edgecc_no_prand,2,true,4194304,25918326,161827,2130,12,2082,0,39703,50069,50069,flow=3
axis_concur10,edgecc_no_prand,2,true,4194304,9953108,421406,693,7,660,0,117,16146,47846,flow=4
axis_concur10,edgecc_no_prand,2,true,4194304,20079780,208881,696,9,655,0,117,17880,24768,flow=5
axis_concur10,edgecc_no_prand,2,true,4194304,6747913,621570,960,2,944,0,117,50069,50069,flow=6
axis_concur10,edgecc_no_prand,2,true,4194304,12699421,330275,1025,5,1006,0,117,50013,50064,flow=7
axis_concur10,edgecc_no_prand,2,true,4194304,6062560,691837,669,2,656,0,117,6435,15286,flow=8
axis_concur10,edgecc_no_prand,2,true,4194304,11437974,366699,1399,6,1356,0,117,46536,50034,flow=9
axis_concur10,edgecc_no_prand,2,fairness_min=161827,fairness_max=1602736,fairness_ratio=0.101
axis_concur10,edgecc_loss_blind,0,true,4194304,6386737,656720,2127,7,2075,0,3771,50042,50073,flow=0
axis_concur10,edgecc_loss_blind,0,true,4194304,29071382,144276,2591,16,2526,0,44536,50069,50075,flow=1
axis_concur10,edgecc_loss_blind,0,true,4194304,21586500,194302,1282,8,1249,0,117,39891,50032,flow=2
axis_concur10,edgecc_loss_blind,0,true,4194304,26057237,160965,2242,11,2197,0,47671,50069,50069,flow=3
axis_concur10,edgecc_loss_blind,0,true,4194304,19372815,216504,706,7,682,0,117,41184,49491,flow=4
axis_concur10,edgecc_loss_blind,0,true,4194304,22972391,182580,1489,14,1420,0,165,49983,50061,flow=5
axis_concur10,edgecc_loss_blind,0,true,4194304,12959906,323636,1522,9,1468,0,117,50069,50076,flow=6
axis_concur10,edgecc_loss_blind,0,true,4194304,17575144,238649,812,5,775,0,117,40641,49173,flow=7
axis_concur10,edgecc_loss_blind,0,true,4194304,12161867,344873,1161,9,1107,0,117,43587,50001,flow=8
axis_concur10,edgecc_loss_blind,0,true,4194304,14604524,287192,1464,13,1403,0,164,50015,50068,flow=9
axis_concur10,edgecc_loss_blind,0,fairness_min=144276,fairness_max=656720,fairness_ratio=0.220
axis_concur10,edgecc_loss_blind,1,true,4194304,19218945,218237,2543,15,2451,0,22611,50069,50076,flow=0
axis_concur10,edgecc_loss_blind,1,true,4194304,32057213,130838,1689,16,1624,0,117,49444,50070,flow=1
axis_concur10,edgecc_loss_blind,1,true,4194304,24721139,169664,1593,12,1542,0,117,50035,50068,flow=2
axis_concur10,edgecc_loss_blind,1,true,4194304,6080985,689740,674,2,670,0,3001,50069,50069,flow=3
axis_concur10,edgecc_loss_blind,1,true,4194304,29367541,142821,2627,14,2570,0,49198,50059,50071,flow=4
axis_concur10,edgecc_loss_blind,1,true,4194304,16576559,253026,1329,12,1279,0,117,45823,50004,flow=5
axis_concur10,edgecc_loss_blind,1,true,4194304,15065940,278396,1472,8,1432,0,117,47205,50035,flow=6
axis_concur10,edgecc_loss_blind,1,true,4194304,7999775,524302,1109,2,1104,0,1170,50035,50035,flow=7
axis_concur10,edgecc_loss_blind,1,true,4194304,6123105,684996,950,4,926,0,234,45589,49531,flow=8
axis_concur10,edgecc_loss_blind,1,true,4194304,5486082,764535,992,4,966,0,117,50035,50035,flow=9
axis_concur10,edgecc_loss_blind,1,fairness_min=130838,fairness_max=764535,fairness_ratio=0.171
axis_concur10,edgecc_loss_blind,2,true,4194304,11834658,354408,2575,12,2506,0,17949,50070,50076,flow=0
axis_concur10,edgecc_loss_blind,2,true,4194304,10494622,399662,1101,2,1084,0,11204,49713,50058,flow=1
axis_concur10,edgecc_loss_blind,2,true,4194304,15299119,274153,1180,5,1153,0,10251,49971,50067,flow=2
axis_concur10,edgecc_loss_blind,2,true,4194304,26249132,159788,2145,16,2081,0,39622,50069,50069,flow=3
axis_concur10,edgecc_loss_blind,2,true,4194304,9336397,449242,1171,6,1148,0,117,43874,50066,flow=4
axis_concur10,edgecc_loss_blind,2,true,4194304,17788836,235782,1297,6,1272,0,1666,50024,50069,flow=5
axis_concur10,edgecc_loss_blind,2,true,4194304,13087443,320483,1222,8,1173,0,234,50069,50069,flow=6
axis_concur10,edgecc_loss_blind,2,true,4194304,12981670,323094,1612,11,1556,0,234,49959,50055,flow=7
axis_concur10,edgecc_loss_blind,2,true,4194304,14735980,284630,912,7,872,0,117,44744,50013,flow=8
axis_concur10,edgecc_loss_blind,2,true,4194304,9397300,446330,1376,7,1338,0,117,43407,50076,flow=9
axis_concur10,edgecc_loss_blind,2,fairness_min=159788,fairness_max=449242,fairness_ratio=0.356
axis_concur10,edgecc_prior,0,true,4194304,30871700,135862,819,5,801,0,2344,49842,50047,flow=0
axis_concur10,edgecc_prior,0,true,4194304,13080994,320641,2606,16,2518,0,49936,50059,50074,flow=1
axis_concur10,edgecc_prior,0,true,4194304,22646925,185204,676,5,656,0,117,46876,50062,flow=2
axis_concur10,edgecc_prior,0,true,4194304,17440350,240494,1350,11,1304,0,234,50019,50047,flow=3
axis_concur10,edgecc_prior,0,true,4194304,13224361,317164,1553,7,1511,0,18657,50013,50052,flow=4
axis_concur10,edgecc_prior,0,true,4194304,14857006,282311,1248,5,1225,0,1121,50018,50066,flow=5
axis_concur10,edgecc_prior,0,true,4194304,13609888,308180,1086,3,1066,0,3221,50012,50068,flow=6
axis_concur10,edgecc_prior,0,true,4194304,13783193,304305,1256,11,1210,0,117,45355,50035,flow=7
axis_concur10,edgecc_prior,0,true,4194304,22988344,182453,778,3,762,0,117,35577,49983,flow=8
axis_concur10,edgecc_prior,0,true,4194304,11805956,355270,737,5,716,0,117,41324,50042,flow=9
axis_concur10,edgecc_prior,0,fairness_min=135862,fairness_max=355270,fairness_ratio=0.382
axis_concur10,edgecc_prior,1,true,4194304,4610208,909786,220,1,215,0,234,49796,49935,flow=0
axis_concur10,edgecc_prior,1,true,4194304,21459230,195454,2601,17,2524,0,49969,50067,50075,flow=1
axis_concur10,edgecc_prior,1,true,4194304,10957217,382789,1219,5,1193,0,4734,50049,50074,flow=2
axis_concur10,edgecc_prior,1,true,4194304,18888467,222056,1655,14,1589,0,795,48961,50052,flow=3
axis_concur10,edgecc_prior,1,true,4194304,8142390,515119,488,2,472,0,117,46986,50043,flow=4
axis_concur10,edgecc_prior,1,true,4194304,13227395,317092,1242,5,1221,0,117,50015,50069,flow=5
axis_concur10,edgecc_prior,1,true,4194304,5718468,733466,168,3,162,0,6705,30437,36738,flow=6
axis_concur10,edgecc_prior,1,true,4194304,21100938,198773,1016,9,974,0,7658,47500,50056,flow=7
axis_concur10,edgecc_prior,1,true,4194304,2100187,1997109,432,0,432,0,117,26559,48949,flow=8
axis_concur10,edgecc_prior,1,true,4194304,13666283,306908,1063,2,1053,0,2650,50014,50064,flow=9
axis_concur10,edgecc_prior,1,fairness_min=195454,fairness_max=1997109,fairness_ratio=0.098
axis_concur10,edgecc_prior,2,true,4194304,15403573,272294,1573,11,1507,0,24820,50035,50069,flow=0
axis_concur10,edgecc_prior,2,true,4194304,6726352,623562,621,4,604,0,585,50035,50041,flow=1
axis_concur10,edgecc_prior,2,true,4194304,11884955,352908,1598,6,1567,0,17337,50034,50065,flow=2
axis_concur10,edgecc_prior,2,true,4194304,12052249,348010,727,4,709,0,117,16272,50035,flow=3
axis_concur10,edgecc_prior,2,true,4194304,17982526,233243,749,5,725,0,117,30564,49995,flow=4
axis_concur10,edgecc_prior,2,true,4194304,20772576,201915,1263,10,1218,0,117,47203,50057,flow=5
axis_concur10,edgecc_prior,2,true,4194304,19669183,213242,1124,8,1085,0,6087,46054,50057,flow=6
axis_concur10,edgecc_prior,2,true,4194304,18175389,230768,1610,9,1572,0,567,47569,50008,flow=7
axis_concur10,edgecc_prior,2,true,4194304,14549048,288287,920,2,905,0,117,46241,50052,flow=8
axis_concur10,edgecc_prior,2,true,4194304,17123384,244945,499,3,487,0,117,13908,50014,flow=9
axis_concur10,edgecc_prior,2,fairness_min=201915,fairness_max=623562,fairness_ratio=0.324
axis_concur10,bbr3ref,0,true,4194304,3450234,1215657,8313,7,2672,0,15412,50071,50075,flow=0
axis_concur10,bbr3ref,0,true,4194304,5450117,769580,18272,12,2700,0,27542,50072,50075,flow=1
axis_concur10,bbr3ref,0,true,4194304,7050351,594907,25416,16,2742,0,37570,50073,50075,flow=2
axis_concur10,bbr3ref,0,true,4194304,9901053,423622,39076,23,2792,0,48534,50074,50076,flow=3
axis_concur10,bbr3ref,0,true,4194304,11850117,353946,42020,28,2832,0,50067,50075,50076,flow=4
axis_concur10,bbr3ref,0,true,4194304,13050117,321399,48624,31,2844,0,50070,50075,50076,flow=5
axis_concur10,bbr3ref,0,true,4194304,13450117,311841,51668,32,2846,0,50070,50075,50076,flow=6
axis_concur10,bbr3ref,0,true,4194304,11552299,363070,29988,27,2837,0,50068,50076,50076,flow=7
axis_concur10,bbr3ref,0,true,4194304,12651404,331528,30730,30,2836,0,50068,50075,50076,flow=8
axis_concur10,bbr3ref,0,true,4194304,13450234,311838,43948,32,2843,0,50070,50076,50076,flow=9
axis_concur10,bbr3ref,0,fairness_min=311838,fairness_max=1215657,fairness_ratio=0.257
axis_concur10,bbr3ref,1,true,4194304,3450117,1215699,9225,7,2667,0,15529,50071,50075,flow=0
axis_concur10,bbr3ref,1,true,4194304,6250117,671076,18184,14,2703,0,27191,50072,50075,flow=1
axis_concur10,bbr3ref,1,true,4194304,7050351,594907,24768,16,2743,0,37102,50073,50075,flow=2
axis_concur10,bbr3ref,1,true,4194304,8250234,508386,30274,19,2793,0,47949,50074,50076,flow=3
axis_concur10,bbr3ref,1,true,4194304,10730632,390872,38503,25,2832,0,50067,50075,50076,flow=4
axis_concur10,bbr3ref,1,true,4194304,12707605,330062,46733,29,2844,0,50070,50075,50076,flow=5
axis_concur10,bbr3ref,1,true,4194304,12736504,329313,43819,29,2846,0,50070,50075,50076,flow=6
axis_concur10,bbr3ref,1,true,4194304,12740365,329213,37559,29,2837,0,50068,50076,50076,flow=7
axis_concur10,bbr3ref,1,true,4194304,13127378,319508,37616,31,2836,0,50068,50075,50076,flow=8
axis_concur10,bbr3ref,1,true,4194304,13450351,311836,41257,31,2843,0,50070,50076,50076,flow=9
axis_concur10,bbr3ref,1,fairness_min=311836,fairness_max=1215699,fairness_ratio=0.257
axis_concur10,bbr3ref,2,true,4194304,3450234,1215657,8872,7,2670,0,15529,50071,50075,flow=0
axis_concur10,bbr3ref,2,true,4194304,5450468,769530,15389,11,2701,0,27308,50072,50075,flow=1
axis_concur10,bbr3ref,2,true,4194304,6650234,630700,23091,15,2744,0,37453,50073,50075,flow=2
axis_concur10,bbr3ref,2,true,4194304,8650351,484870,34333,20,2791,0,48183,50074,50076,flow=3
axis_concur10,bbr3ref,2,true,4194304,12702457,330196,46302,29,2832,0,50067,50075,50076,flow=4
axis_concur10,bbr3ref,2,true,4194304,13107137,320001,50262,31,2844,0,50070,50075,50076,flow=5
axis_concur10,bbr3ref,2,true,4194304,13850117,302835,49773,33,2846,0,50070,50075,50076,flow=6
axis_concur10,bbr3ref,2,true,4194304,13112870,319861,36658,31,2837,0,50068,50076,50076,flow=7
axis_concur10,bbr3ref,2,true,4194304,13905031,301639,40671,33,2836,0,50068,50075,50076,flow=8
axis_concur10,bbr3ref,2,true,4194304,14250234,294332,41920,34,2843,0,50070,50076,50076,flow=9
axis_concur10,bbr3ref,2,fairness_min=294332,fairness_max=1215657,fairness_ratio=0.242
axis_concur10,lossblindref,0,true,4194304,6386737,656720,2127,7,2075,0,3771,50042,50073,flow=0
axis_concur10,lossblindref,0,true,4194304,29071382,144276,2591,16,2526,0,44536,50069,50075,flow=1
axis_concur10,lossblindref,0,true,4194304,21586500,194302,1282,8,1249,0,117,39891,50032,flow=2
axis_concur10,lossblindref,0,true,4194304,26057237,160965,2242,11,2197,0,47671,50069,50069,flow=3
axis_concur10,lossblindref,0,true,4194304,19372815,216504,706,7,682,0,117,41184,49491,flow=4
axis_concur10,lossblindref,0,true,4194304,22972391,182580,1489,14,1420,0,165,49983,50061,flow=5
axis_concur10,lossblindref,0,true,4194304,12959906,323636,1522,9,1468,0,117,50069,50076,flow=6
axis_concur10,lossblindref,0,true,4194304,17575144,238649,812,5,775,0,117,40641,49173,flow=7
axis_concur10,lossblindref,0,true,4194304,12161867,344873,1161,9,1107,0,117,43587,50001,flow=8
axis_concur10,lossblindref,0,true,4194304,14604524,287192,1464,13,1403,0,164,50015,50068,flow=9
axis_concur10,lossblindref,0,fairness_min=144276,fairness_max=656720,fairness_ratio=0.220
axis_concur10,lossblindref,1,true,4194304,19218945,218237,2543,15,2451,0,22611,50069,50076,flow=0
axis_concur10,lossblindref,1,true,4194304,32057213,130838,1689,16,1624,0,117,49444,50070,flow=1
axis_concur10,lossblindref,1,true,4194304,24721139,169664,1593,12,1542,0,117,50035,50068,flow=2
axis_concur10,lossblindref,1,true,4194304,6080985,689740,674,2,670,0,3001,50069,50069,flow=3
axis_concur10,lossblindref,1,true,4194304,29367541,142821,2627,14,2570,0,49198,50059,50071,flow=4
axis_concur10,lossblindref,1,true,4194304,16576559,253026,1329,12,1279,0,117,45823,50004,flow=5
axis_concur10,lossblindref,1,true,4194304,15065940,278396,1472,8,1432,0,117,47205,50035,flow=6
axis_concur10,lossblindref,1,true,4194304,7999775,524302,1109,2,1104,0,1170,50035,50035,flow=7
axis_concur10,lossblindref,1,true,4194304,6123105,684996,950,4,926,0,234,45589,49531,flow=8
axis_concur10,lossblindref,1,true,4194304,5486082,764535,992,4,966,0,117,50035,50035,flow=9
axis_concur10,lossblindref,1,fairness_min=130838,fairness_max=764535,fairness_ratio=0.171
axis_concur10,lossblindref,2,true,4194304,11834658,354408,2575,12,2506,0,17949,50070,50076,flow=0
axis_concur10,lossblindref,2,true,4194304,10494622,399662,1101,2,1084,0,11204,49713,50058,flow=1
axis_concur10,lossblindref,2,true,4194304,15299119,274153,1180,5,1153,0,10251,49971,50067,flow=2
axis_concur10,lossblindref,2,true,4194304,26249132,159788,2145,16,2081,0,39622,50069,50069,flow=3
axis_concur10,lossblindref,2,true,4194304,9336397,449242,1171,6,1148,0,117,43874,50066,flow=4
axis_concur10,lossblindref,2,true,4194304,17788836,235782,1297,6,1272,0,1666,50024,50069,flow=5
axis_concur10,lossblindref,2,true,4194304,13087443,320483,1222,8,1173,0,234,50069,50069,flow=6
axis_concur10,lossblindref,2,true,4194304,12981670,323094,1612,11,1556,0,234,49959,50055,flow=7
axis_concur10,lossblindref,2,true,4194304,14735980,284630,912,7,872,0,117,44744,50013,flow=8
axis_concur10,lossblindref,2,true,4194304,9397300,446330,1376,7,1338,0,117,43407,50076,flow=9
axis_concur10,lossblindref,2,fairness_min=159788,fairness_max=449242,fairness_ratio=0.356
axis_concur10,cubicref,0,true,4194304,7472038,561333,29,2,27,0,117,30732,49643,flow=0
axis_concur10,cubicref,0,true,4194304,8213902,510634,42,0,42,0,150,37703,49834,flow=1
axis_concur10,cubicref,0,true,4194304,11842068,354186,28,1,27,0,117,9726,41026,flow=2
axis_concur10,cubicref,0,true,4194304,7066949,593509,29,1,28,0,117,30095,49567,flow=3
axis_concur10,cubicref,0,true,4194304,10033694,418021,30,0,30,0,117,23901,48046,flow=4
axis_concur10,cubicref,0,true,4194304,6164313,680417,46,1,44,0,199,38311,49938,flow=5
axis_concur10,cubicref,0,true,4194304,9967685,420790,25,0,25,0,117,11116,45126,flow=6
axis_concur10,cubicref,0,true,4194304,8680503,483186,30,0,30,0,117,36494,45874,flow=7
axis_concur10,cubicref,0,true,4194304,9205273,455641,28,1,27,0,117,15544,45238,flow=8
axis_concur10,cubicref,0,true,4194304,13849330,302852,37,1,36,0,117,4563,36463,flow=9
axis_concur10,cubicref,0,fairness_min=302852,fairness_max=680417,fairness_ratio=0.445
axis_concur10,cubicref,1,true,4194304,11450933,366284,26,1,25,0,117,284,9319,flow=0
axis_concur10,cubicref,1,true,4194304,9163491,457719,35,0,35,0,117,12439,17977,flow=1
axis_concur10,cubicref,1,true,4194304,6431946,652104,17,0,17,0,117,1343,15577,flow=2
axis_concur10,cubicref,1,true,4194304,9358478,448182,18,0,18,0,117,339,11960,flow=3
axis_concur10,cubicref,1,true,4194304,10741978,390459,21,0,21,0,117,368,12010,flow=4
axis_concur10,cubicref,1,true,4194304,7831110,535595,27,0,27,0,117,10489,17550,flow=5
axis_concur10,cubicref,1,true,4194304,11391251,368203,23,1,22,0,117,344,11642,flow=6
axis_concur10,cubicref,1,true,4194304,10826828,387399,29,0,29,0,117,351,13882,flow=7
axis_concur10,cubicref,1,true,4194304,4287600,978240,27,0,27,0,179,14170,18242,flow=8
axis_concur10,cubicref,1,true,4194304,10246644,409334,27,0,27,0,117,715,14350,flow=9
axis_concur10,cubicref,1,fairness_min=366284,fairness_max=978240,fairness_ratio=0.374
axis_concur10,cubicref,2,true,4194304,6762335,620244,26,0,26,0,117,27452,31886,flow=0
axis_concur10,cubicref,2,true,4194304,9090562,461391,22,0,22,0,117,383,27454,flow=1
axis_concur10,cubicref,2,true,4194304,9974702,420494,23,1,22,0,117,1104,27541,flow=2
axis_concur10,cubicref,2,true,4194304,13192159,317939,35,0,35,0,117,2374,28039,flow=3
axis_concur10,cubicref,2,true,4194304,3896355,1076468,22,0,22,0,225,28632,34392,flow=4
axis_concur10,cubicref,2,true,4194304,10970688,382319,29,0,29,0,117,9450,28744,flow=5
axis_concur10,cubicref,2,true,4194304,11858536,353694,32,0,32,0,117,3250,27799,flow=6
axis_concur10,cubicref,2,true,4194304,8617905,486696,27,0,27,0,117,27103,31207,flow=7
axis_concur10,cubicref,2,true,4194304,8542301,491004,29,1,28,0,117,24997,32485,flow=8
axis_concur10,cubicref,2,true,4194304,11675519,359239,26,1,25,0,117,320,26266,flow=9
axis_concur10,cubicref,2,fairness_min=317939,fairness_max=1076468,fairness_ratio=0.295
axis_concur10,newrenoref,0,true,4194304,15560840,269542,40,2,38,0,117,12773,20177,flow=0
axis_concur10,newrenoref,0,true,4194304,12113323,346255,24,1,24,0,117,13886,20247,flow=1
axis_concur10,newrenoref,0,true,4194304,15815445,265203,28,1,28,0,117,220,6808,flow=2
axis_concur10,newrenoref,0,true,4194304,22013740,190531,39,2,37,0,117,3268,19207,flow=3
axis_concur10,newrenoref,0,true,4194304,13907487,301586,29,1,29,0,117,2492,18794,flow=4
axis_concur10,newrenoref,0,true,4194304,14493309,289395,25,0,25,0,117,467,12813,flow=5
axis_concur10,newrenoref,0,true,4194304,20033537,209364,35,2,33,0,117,222,1816,flow=6
axis_concur10,newrenoref,0,true,4194304,13133463,319360,27,0,27,0,117,539,13967,flow=7
axis_concur10,newrenoref,0,true,4194304,12577073,333488,22,0,22,0,117,312,10176,flow=8
axis_concur10,newrenoref,0,true,4194304,19065400,219995,34,1,33,0,117,214,5371,flow=9
axis_concur10,newrenoref,0,fairness_min=190531,fairness_max=346255,fairness_ratio=0.550
axis_concur10,newrenoref,1,true,4194304,11669675,359419,17,0,17,0,117,217,311,flow=0
axis_concur10,newrenoref,1,true,4194304,15586788,269093,24,0,24,0,117,228,440,flow=1
axis_concur10,newrenoref,1,true,4194304,14504115,289180,25,0,25,0,117,220,307,flow=2
axis_concur10,newrenoref,1,true,4194304,13933092,301031,32,3,29,0,117,261,3568,flow=3
axis_concur10,newrenoref,1,true,4194304,14165024,296102,23,0,23,0,117,216,284,flow=4
axis_concur10,newrenoref,1,true,4194304,8986181,466750,18,0,18,0,117,411,4143,flow=5
axis_concur10,newrenoref,1,true,4194304,15204116,275866,29,3,26,0,117,224,321,flow=6
axis_concur10,newrenoref,1,true,4194304,17026133,246345,32,0,32,0,117,218,323,flow=7
axis_concur10,newrenoref,1,true,4194304,12343679,339793,24,0,24,0,117,228,362,flow=8
axis_concur10,newrenoref,1,true,4194304,14243033,294481,28,0,28,0,117,237,2398,flow=9
axis_concur10,newrenoref,1,fairness_min=246345,fairness_max=466750,fairness_ratio=0.528
axis_concur10,newrenoref,2,true,4194304,12988373,322927,26,0,26,0,117,330,1273,flow=0
axis_concur10,newrenoref,2,true,4194304,13982178,299975,26,2,26,0,117,215,292,flow=1
axis_concur10,newrenoref,2,true,4194304,18791374,223203,31,0,31,0,117,199,337,flow=2
axis_concur10,newrenoref,2,true,4194304,19569095,214333,32,1,31,0,117,215,334,flow=3
axis_concur10,newrenoref,2,true,4194304,10082080,416015,20,0,20,0,117,387,1612,flow=4
axis_concur10,newrenoref,2,true,4194304,12422511,337637,20,0,20,0,117,249,1179,flow=5
axis_concur10,newrenoref,2,true,4194304,19587489,214131,32,0,32,0,117,219,374,flow=6
axis_concur10,newrenoref,2,true,4194304,15393871,272465,29,0,29,0,117,234,801,flow=7
axis_concur10,newrenoref,2,true,4194304,18018875,232772,33,2,32,0,117,220,388,flow=8
axis_concur10,newrenoref,2,true,4194304,14895887,281574,24,0,24,0,117,220,343,flow=9
axis_concur10,newrenoref,2,fairness_min=214131,fairness_max=416015,fairness_ratio=0.515
axis_concur100,edgecc,0,true,4194304,43376640,96694,2184,19,2108,0,117,50050,50071,flow=0
axis_concur100,edgecc,0,true,4194304,32873090,127590,1372,14,1313,0,14818,50024,50069,flow=1
axis_concur100,edgecc,0,true,4194304,25187723,166521,771,9,735,0,11542,49567,50059,flow=2
axis_concur100,edgecc,0,true,4194304,32660252,128422,1638,10,1601,0,20513,50035,50041,flow=3
axis_concur100,edgecc,0,true,4194304,37586559,111590,748,6,731,0,6979,47110,50035,flow=4
axis_concur100,edgecc,0,true,4194304,24083349,174157,40,0,40,0,16690,41359,49561,flow=5
axis_concur100,edgecc,0,true,4194304,35343196,118673,1044,6,972,0,18094,50035,50035,flow=6
axis_concur100,edgecc,0,true,4194304,31895164,131502,780,8,752,0,4873,42121,49896,flow=7
axis_concur100,edgecc,0,true,4194304,37904220,110655,802,8,774,0,3586,41811,49734,flow=8
axis_concur100,edgecc,0,true,4194304,35216925,119099,1112,9,1079,0,10274,49985,50054,flow=9
axis_concur100,edgecc,0,true,4194304,39295477,106737,823,8,798,0,441,42097,50032,flow=10
axis_concur100,edgecc,0,true,4194304,30502750,137505,818,9,786,0,5850,40792,49918,flow=11
axis_concur100,edgecc,0,true,4194304,27317886,153536,694,9,657,0,15052,49998,50049,flow=12
axis_concur100,edgecc,0,true,4194304,20183511,207808,568,5,552,0,15169,45940,50035,flow=13
axis_concur100,edgecc,0,true,4194304,32569351,128780,572,7,551,0,6511,44514,50035,flow=14
axis_concur100,edgecc,0,true,4194304,34779138,120598,1274,10,1238,0,17626,50029,50062,flow=15
axis_concur100,edgecc,0,true,4194304,34705288,120854,584,9,551,0,1961,41728,50035,flow=16
axis_concur100,edgecc,0,true,4194304,20691737,202704,567,5,549,0,17158,45801,50035,flow=17
axis_concur100,edgecc,0,true,4194304,29175225,143762,734,5,716,0,21370,49333,50035,flow=18
axis_concur100,edgecc,0,true,4194304,29388099,142721,592,7,566,0,10840,48960,50035,flow=19
axis_concur100,edgecc,0,true,4194304,22407433,187183,40,1,36,0,17041,42313,49684,flow=20
axis_concur100,edgecc,0,true,4194304,23214689,180674,969,10,936,0,18562,45472,50035,flow=21
axis_concur100,edgecc,0,true,4194304,33703953,124445,894,11,852,0,14976,49333,50035,flow=22
axis_concur100,edgecc,0,true,4194304,34583485,121280,985,10,944,0,15286,49194,50035,flow=23
axis_concur100,edgecc,0,true,4194304,24702293,169794,1491,14,1412,0,18328,50053,50071,flow=24
axis_concur100,edgecc,0,true,4194304,38707784,108358,632,10,592,0,2650,44519,50035,flow=25
axis_concur100,edgecc,0,true,4194304,33508962,125169,732,8,706,0,10606,49639,50035,flow=26
axis_concur100,edgecc,0,true,4194304,36578439,114666,1061,9,1021,0,11880,48700,50035,flow=27
axis_concur100,edgecc,0,true,4194304,30355856,138171,55,4,46,0,10116,41260,49684,flow=28
axis_concur100,edgecc,0,true,4194304,21724313,193069,610,6,585,0,16924,40425,50035,flow=29
axis_concur100,edgecc,0,true,4194304,28860075,145332,1042,7,1013,0,17370,49216,50035,flow=30
axis_concur100,edgecc,0,true,4194304,30596527,137084,627,7,602,0,6232,42547,50019,flow=31
axis_concur100,edgecc,0,true,4194304,26255345,159750,755,6,733,0,20902,49567,50035,flow=32
axis_concur100,edgecc,0,true,4194304,31911627,131434,1023,9,985,0,14680,48631,50035,flow=33
axis_concur100,edgecc,0,true,4194304,27301582,153628,797,5,777,0,14584,49801,50050,flow=34
axis_concur100,edgecc,0,true,4194304,36427269,115141,1779,22,1689,0,21604,50035,50064,flow=35
axis_concur100,edgecc,0,true,4194304,31538419,132990,53,2,49,0,10723,42477,50032,flow=36
axis_concur100,edgecc,0,true,4194304,32120223,130581,1617,17,1483,0,17743,49567,50035,flow=37
axis_concur100,edgecc,0,true,4194304,37278799,112511,1677,13,1624,0,19264,50035,50061,flow=38
axis_concur100,edgecc,0,true,4194304,23379444,179401,652,4,636,0,9841,44982,49918,flow=39
axis_concur100,edgecc,0,true,4194304,31671413,132431,943,7,915,0,9787,46525,50035,flow=40
axis_concur100,edgecc,0,true,4194304,35119031,119431,919,12,875,0,6254,45940,50035,flow=41
axis_concur100,edgecc,0,true,4194304,38123661,110018,1669,14,1616,0,16880,50035,50064,flow=42
axis_concur100,edgecc,0,true,4194304,35225551,119069,1232,12,1187,0,9067,47104,50011,flow=43
axis_concur100,edgecc,0,true,4194304,34971456,119935,1076,14,1023,0,5809,49333,50044,flow=44
axis_concur100,edgecc,0,true,4194304,36577503,114668,1738,17,1672,0,19030,49975,50051,flow=45
axis_concur100,edgecc,0,true,4194304,32014168,131013,45,2,44,0,10372,39037,50032,flow=46
axis_concur100,edgecc,0,true,4194304,38023972,110306,718,8,690,0,585,41049,49918,flow=47
axis_concur100,edgecc,0,true,4194304,35113576,119449,720,10,684,0,5259,41121,50018,flow=48
axis_concur100,edgecc,0,true,4194304,35764723,117274,1132,11,1095,0,9142,47383,50032,flow=49
axis_concur100,edgecc,0,true,4194304,36225853,115782,2520,26,2414,0,43881,50064,50073,flow=50
axis_concur100,edgecc,0,true,4194304,37259238,112570,731,7,707,0,1395,41026,50013,flow=51
axis_concur100,edgecc,0,true,4194304,26443810,158611,882,8,854,0,20551,50017,50044,flow=52
axis_concur100,edgecc,0,true,4194304,28196633,148751,747,9,715,0,10856,48137,50035,flow=53
axis_concur100,edgecc,0,true,4194304,37138861,112935,1570,17,1505,0,17509,49959,50043,flow=54
axis_concur100,edgecc,0,true,4194304,32657115,128434,47,2,39,0,9670,43717,49684,flow=55
axis_concur100,edgecc,0,true,4194304,38577715,108723,818,8,790,0,4335,41263,49921,flow=56
axis_concur100,edgecc,0,true,4194304,38612951,108624,1887,15,1825,0,18796,50035,50070,flow=57
axis_concur100,edgecc,0,true,4194304,38976193,107611,1741,15,1684,0,17275,49999,50055,flow=58
axis_concur100,edgecc,0,true,4194304,38683287,108426,986,12,928,0,5926,43366,50035,flow=59
axis_concur100,edgecc,0,true,4194304,29487527,142239,1215,10,1161,0,12478,48542,50035,flow=60
axis_concur100,edgecc,0,true,4194304,33237211,126193,1356,14,1287,0,12946,50043,50070,flow=61
axis_concur100,edgecc,0,true,4194304,19272125,217635,934,6,895,0,17253,49918,50062,flow=62
axis_concur100,edgecc,0,true,4194304,17132729,244812,1030,6,996,0,16456,49918,50068,flow=63
axis_concur100,edgecc,0,true,4194304,30827875,136055,89,2,84,0,11776,46041,50019,flow=64
axis_concur100,edgecc,0,true,4194304,14766119,284049,29,1,29,0,19849,36346,43366,flow=65
axis_concur100,edgecc,0,true,4194304,31727516,132197,56,5,44,0,13297,39271,50035,flow=66
axis_concur100,edgecc,0,true,4194304,32531672,128929,1034,11,979,0,7681,47695,50035,flow=67
axis_concur100,edgecc,0,true,4194304,34510830,121535,1041,14,973,0,8734,47110,50035,flow=68
axis_concur100,edgecc,0,true,4194304,16907175,248078,1252,7,1209,0,19849,47110,50035,flow=69
axis_concur100,edgecc,0,true,4194304,30242737,138687,43,2,37,0,14018,39718,50035,flow=70
axis_concur100,edgecc,0,true,4194304,26709326,157035,1602,15,1517,0,18562,50035,50071,flow=71
axis_concur100,edgecc,0,true,4194304,12434565,337310,1044,10,990,0,24061,49684,50035,flow=72
axis_concur100,edgecc,0,true,4194304,40568099,103389,1063,14,992,0,3235,43834,50035,flow=73
axis_concur100,edgecc,0,true,4194304,33456293,125366,1003,8,956,0,13297,49567,50068,flow=74
axis_concur100,edgecc,0,true,4194304,25128970,166911,1003,10,947,0,16503,49684,50068,flow=75
axis_concur100,edgecc,0,true,4194304,34853869,120339,1051,7,1024,0,10255,44215,50035,flow=76
axis_concur100,edgecc,0,true,4194304,36075172,116265,1058,6,1029,0,8968,44352,50035,flow=77
axis_concur100,edgecc,0,true,4194304,29812999,140687,37,1,36,0,16434,45918,50035,flow=78
axis_concur100,edgecc,0,true,4194304,16345129,256608,1096,4,1043,0,19264,44887,50053,flow=79
axis_concur100,edgecc,0,true,4194304,29378644,142767,1596,8,1547,0,15637,50002,50071,flow=80
axis_concur100,edgecc,0,true,4194304,23108007,181508,58,1,58,0,17977,38259,50035,flow=81
axis_concur100,edgecc,0,true,4194304,29181404,143732,1284,9,1235,0,19422,49894,50068,flow=82
axis_concur100,edgecc,0,true,4194304,29967363,139962,51,3,41,0,11191,39154,50035,flow=83
axis_concur100,edgecc,0,true,4194304,21307252,196848,59,1,59,0,17041,48865,50035,flow=84
axis_concur100,edgecc,0,true,4194304,34579178,121295,66,4,55,0,8855,41143,49918,flow=85
axis_concur100,edgecc,0,true,4194304,19500955,215081,1348,6,1324,0,18328,49918,50048,flow=86
axis_concur100,edgecc,0,true,4194304,21864064,191835,1423,8,1381,0,19579,50050,50071,flow=87
axis_concur100,edgecc,0,true,4194304,25246903,166131,54,2,49,0,15944,49684,50035,flow=88
axis_concur100,edgecc,0,true,4194304,10736098,390673,1075,5,1044,0,23359,31900,50041,flow=89
axis_concur100,edgecc,0,true,4194304,36921806,113599,1136,10,1087,0,7888,44887,50008,flow=90
axis_concur100,edgecc,0,true,4194304,35006597,119814,1110,7,1080,0,9319,46057,50035,flow=91
axis_concur100,edgecc,0,true,4194304,21393108,196058,1115,9,1062,0,16317,48631,50050,flow=92
axis_concur100,edgecc,0,true,4194304,32529661,128937,1145,9,1097,0,12010,47322,50035,flow=93
axis_concur100,edgecc,0,true,4194304,39164004,107095,1165,15,1099,0,4171,44302,50035,flow=94
axis_concur100,edgecc,0,true,4194304,27377322,153203,2583,24,2459,0,40750,50067,50074,flow=95
axis_concur100,edgecc,0,true,4194304,18205363,230388,1005,8,965,0,16339,49450,50035,flow=96
axis_concur100,edgecc,0,true,4194304,29083168,144217,1145,9,1105,0,14116,45801,50035,flow=97
axis_concur100,edgecc,0,true,4194304,31594515,132754,42,3,35,0,11191,45472,50035,flow=98
axis_concur100,edgecc,0,true,4194304,19110921,219471,1355,10,1308,0,22423,50035,50071,flow=99
axis_concur100,edgecc,0,fairness_min=96694,fairness_max=390673,fairness_ratio=0.248
axis_concur100,edgecc,1,true,4194304,39090407,107297,1288,10,1249,0,240,49746,50067,flow=0
axis_concur100,edgecc,1,true,4194304,31424435,133472,48,2,43,0,9202,46525,50035,flow=1
axis_concur100,edgecc,1,true,4194304,41181239,101849,1492,20,1414,0,5607,50016,50065,flow=2
axis_concur100,edgecc,1,true,4194304,29536705,142003,40,1,40,0,13275,46525,50035,flow=3
axis_concur100,edgecc,1,true,4194304,40563221,103401,1757,16,1670,0,20944,49992,50059,flow=4
axis_concur100,edgecc,1,true,4194304,32409437,129416,666,5,651,0,5575,49801,50035,flow=5
axis_concur100,edgecc,1,true,4194304,20244414,207183,611,8,586,0,23242,49918,50035,flow=6
axis_concur100,edgecc,1,true,4194304,28510011,147116,609,6,592,0,17721,50035,50035,flow=7
axis_concur100,edgecc,1,true,4194304,29114084,144064,812,12,768,0,5689,49758,50035,flow=8
axis_concur100,edgecc,1,true,4194304,34132500,122883,45,2,41,0,11659,44419,50035,flow=9
axis_concur100,edgecc,1,true,4194304,33009745,127062,776,12,736,0,18328,49452,50035,flow=10
axis_concur100,edgecc,1,true,4194304,35447125,118325,760,9,724,0,11687,48318,50062,flow=11
axis_concur100,edgecc,1,true,4194304,29054531,144359,78,2,76,0,17626,46399,50035,flow=12
axis_concur100,edgecc,1,true,4194304,36519284,114851,813,10,780,0,351,42685,50035,flow=13
axis_concur100,edgecc,1,true,4194304,33034005,126969,1044,9,1007,0,15349,50035,50063,flow=14
axis_concur100,edgecc,1,true,4194304,35128364,119399,55,3,48,0,14350,41120,50035,flow=15
axis_concur100,edgecc,1,true,4194304,34717879,120811,62,3,52,0,9879,44536,50035,flow=16
axis_concur100,edgecc,1,true,4194304,35670611,117584,1859,23,1765,0,23710,50038,50069,flow=17
axis_concur100,edgecc,1,true,4194304,32094701,130685,770,7,744,0,12595,50035,50035,flow=18
axis_concur100,edgecc,1,true,4194304,32015612,131008,1120,16,1053,0,18679,48865,50035,flow=19
axis_concur100,edgecc,1,true,4194304,32822988,127785,64,4,56,0,12946,42898,50035,flow=20
axis_concur100,edgecc,1,true,4194304,40277751,104134,610,8,586,0,1467,38737,50035,flow=21
axis_concur100,edgecc,1,true,4194304,32444907,129274,789,10,744,0,17860,50035,50047,flow=22
axis_concur100,edgecc,1,true,4194304,35082342,119555,1353,14,1303,0,16039,47205,50035,flow=23
axis_concur100,edgecc,1,true,4194304,25327296,165604,611,6,593,0,19732,49684,50035,flow=24
axis_concur100,edgecc,1,true,4194304,32366435,129588,1823,20,1746,0,27454,50050,50072,flow=25
axis_concur100,edgecc,1,true,4194304,34509338,121541,661,14,615,0,2650,46642,50035,flow=26
axis_concur100,edgecc,1,true,4194304,36790268,114005,1888,19,1815,0,23425,49996,50062,flow=27
axis_concur100,edgecc,1,true,4194304,44209574,94873,640,12,599,0,461,39601,50035,flow=28
axis_concur100,edgecc,1,true,4194304,17745021,236365,66,2,62,0,27454,49918,50035,flow=29
axis_concur100,edgecc,1,true,4194304,36443332,115091,66,3,61,0,8734,39856,50035,flow=30
axis_concur100,edgecc,1,true,4194304,32075918,130761,1865,17,1772,0,19264,50035,50066,flow=31
axis_concur100,edgecc,1,true,4194304,27936178,150138,86,3,77,0,15403,48046,50035,flow=32
axis_concur100,edgecc,1,true,4194304,35080587,119561,889,9,851,0,14467,48490,50035,flow=33
axis_concur100,edgecc,1,true,4194304,38079697,110145,1880,15,1819,0,27805,50055,50072,flow=34
axis_concur100,edgecc,1,true,4194304,30862508,135902,50,3,44,0,12712,47227,50035,flow=35
axis_concur100,edgecc,1,true,4194304,28584951,146731,1640,12,1584,0,21019,50035,50035,flow=36
axis_concur100,edgecc,1,true,4194304,41145087,101939,676,10,635,0,585,39367,50035,flow=37
axis_concur100,edgecc,1,true,4194304,27273571,153786,1613,14,1545,0,22891,50035,50053,flow=38
axis_concur100,edgecc,1,true,4194304,25130698,166899,63,2,55,0,16339,44068,50035,flow=39
axis_concur100,edgecc,1,true,4194304,26419849,158755,85,1,85,0,18211,42993,50035,flow=40
axis_concur100,edgecc,1,true,4194304,31257224,134186,69,3,60,0,12595,43929,50035,flow=41
axis_concur100,edgecc,1,true,4194304,26037471,161087,42,4,34,0,17509,47344,50035,flow=42
axis_concur100,edgecc,1,true,4194304,23886457,175593,1720,14,1658,0,23125,50035,50062,flow=43
axis_concur100,edgecc,1,true,4194304,37056414,113186,971,10,936,0,10069,46906,50035,flow=44
axis_concur100,edgecc,1,true,4194304,26950845,155627,842,9,814,0,17041,49216,50035,flow=45
axis_concur100,edgecc,1,true,4194304,33929221,123619,1013,11,975,0,5787,38803,50035,flow=46
axis_concur100,edgecc,1,true,4194304,34637063,121092,64,4,57,0,14233,46642,50035,flow=47
axis_concur100,edgecc,1,true,4194304,33380872,125649,48,2,43,0,12478,46525,50035,flow=48
axis_concur100,edgecc,1,true,4194304,37173986,112829,724,10,692,0,3282,39388,50029,flow=49
axis_concur100,edgecc,1,true,4194304,30873651,135853,68,5,62,0,11169,44419,50035,flow=50
axis_concur100,edgecc,1,true,4194304,40498493,103566,714,8,685,0,1053,44419,50035,flow=51
axis_concur100,edgecc,1,true,4194304,36336312,115430,740,14,691,0,4463,38922,50035,flow=52
axis_concur100,edgecc,1,true,4194304,36252904,115695,1036,8,1012,0,15286,49099,50045,flow=53
axis_concur100,edgecc,1,true,4194304,25188942,166513,807,9,779,0,13038,45565,50013,flow=54
axis_concur100,edgecc,1,true,4194304,36669931,114379,923,11,889,0,2613,48931,50035,flow=55
axis_concur100,edgecc,1,true,4194304,39257116,106841,1616,19,1542,0,19615,49931,50044,flow=56
axis_concur100,edgecc,1,true,4194304,30122942,139239,723,6,703,0,2859,37867,50029,flow=57
axis_concur100,edgecc,1,true,4194304,33078534,126798,1363,15,1305,0,11169,49939,50035,flow=58
axis_concur100,edgecc,1,true,4194304,33708281,124429,1982,17,1898,0,20083,50062,50073,flow=59
axis_concur100,edgecc,1,true,4194304,34187882,122683,1365,16,1296,0,13509,48444,50035,flow=60
axis_concur100,edgecc,1,true,4194304,24652165,170139,706,6,679,0,17977,40909,50065,flow=61
axis_concur100,edgecc,1,true,4194304,33675597,124550,805,8,774,0,15871,49796,50065,flow=62
axis_concur100,edgecc,1,true,4194304,25626543,163670,367,2,352,0,18328,48865,50035,flow=63
axis_concur100,edgecc,1,true,4194304,35946814,116680,986,9,943,0,8500,42898,50035,flow=64
axis_concur100,edgecc,1,true,4194304,24623797,170335,1456,14,1387,0,20902,49042,50053,flow=65
axis_concur100,edgecc,1,true,4194304,15330697,273588,1410,8,1376,0,16339,42985,49957,flow=66
axis_concur100,edgecc,1,true,4194304,13854179,302746,979,5,953,0,17158,30496,42430,flow=67
axis_concur100,edgecc,1,true,4194304,25274096,165952,58,3,53,0,19381,48046,50035,flow=68
axis_concur100,edgecc,1,true,4194304,22094158,189837,1583,13,1470,0,22306,50044,50071,flow=69
axis_concur100,edgecc,1,true,4194304,24576425,170663,1617,16,1527,0,22189,50035,50071,flow=70
axis_concur100,edgecc,1,true,4194304,17501003,239660,1491,15,1409,0,21136,44094,50071,flow=71
axis_concur100,edgecc,1,true,4194304,10141579,413575,980,5,944,0,17977,38849,50047,flow=72
axis_concur100,edgecc,1,true,4194304,35177684,119231,53,2,48,0,10255,39213,50035,flow=73
axis_concur100,edgecc,1,true,4194304,21182524,198007,1393,10,1345,0,18913,47153,50065,flow=74
axis_concur100,edgecc,1,true,4194304,21379359,196184,1416,12,1355,0,20668,47074,50041,flow=75
axis_concur100,edgecc,1,true,4194304,23068320,181820,1393,15,1316,0,21539,49978,50071,flow=76
axis_concur100,edgecc,1,true,4194304,29274826,143273,131,3,122,0,16807,42664,50035,flow=77
axis_concur100,edgecc,1,true,4194304,33443018,125416,1049,8,1011,0,14350,48024,50062,flow=78
axis_concur100,edgecc,1,true,4194304,27765276,151062,37,2,33,0,13414,41377,50054,flow=79
axis_concur100,edgecc,1,true,4194304,17228649,243449,1012,8,966,0,18094,42313,50068,flow=80
axis_concur100,edgecc,1,true,4194304,20223822,207394,1549,8,1507,0,17977,49099,50062,flow=81
axis_concur100,edgecc,1,true,4194304,27690301,151471,1091,5,1065,0,17158,49801,50068,flow=82
axis_concur100,edgecc,1,true,4194304,35621243,117747,1172,9,1131,0,10606,46993,50068,flow=83
axis_concur100,edgecc,1,true,4194304,36455712,115052,1168,9,1118,0,8423,48338,50071,flow=84
axis_concur100,edgecc,1,true,4194304,13486470,311000,1158,8,1110,0,18211,38350,50038,flow=85
axis_concur100,edgecc,1,true,4194304,31868866,131611,1151,9,1107,0,15052,49450,50068,flow=86
axis_concur100,edgecc,1,true,4194304,30576865,137172,1096,9,1042,0,16807,48572,50035,flow=87
axis_concur100,edgecc,1,true,4194304,28457361,147389,1319,8,1283,0,18211,49083,50071,flow=88
axis_concur100,edgecc,1,true,4194304,22572291,185816,1112,11,1046,0,15754,48982,50050,flow=89
axis_concur100,edgecc,1,true,4194304,23566367,177978,1626,13,1562,0,17509,48397,50005,flow=90
axis_concur100,edgecc,1,true,4194304,29730031,141079,1100,10,1047,0,17275,48865,50062,flow=91
axis_concur100,edgecc,1,true,4194304,30374746,138085,101,5,84,0,12361,45940,50035,flow=92
axis_concur100,edgecc,1,true,4194304,34750423,120697,80,5,72,0,6979,40353,50013,flow=93
axis_concur100,edgecc,1,true,4194304,40661817,103150,1153,14,1074,0,585,46750,50035,flow=94
axis_concur100,edgecc,1,true,4194304,31359827,133747,1307,11,1250,0,17092,49990,50054,flow=95
axis_concur100,edgecc,1,true,4194304,22179756,189105,1320,9,1265,0,22774,50035,50071,flow=96
axis_concur100,edgecc,1,true,4194304,35023354,119757,70,3,66,0,5107,38920,50035,flow=97
axis_concur100,edgecc,1,true,4194304,26026846,161152,41,2,37,0,13531,48748,49918,flow=98
axis_concur100,edgecc,1,true,4194304,17697541,236999,50,3,42,0,21816,38215,49567,flow=99
axis_concur100,edgecc,1,fairness_min=94873,fairness_max=413575,fairness_ratio=0.229
axis_concur100,edgecc,2,true,4194304,44599092,94044,2272,27,2168,0,117,50047,50071,flow=0
axis_concur100,edgecc,2,true,4194304,31569296,132860,60,4,52,0,12010,46525,50025,flow=1
axis_concur100,edgecc,2,true,4194304,35058835,119636,49,2,45,0,12244,47088,50035,flow=2
axis_concur100,edgecc,2,true,4194304,30290983,138467,954,8,923,0,14233,50035,50048,flow=3
axis_concur100,edgecc,2,true,4194304,30817925,136099,45,1,45,0,12712,41143,49918,flow=4
axis_concur100,edgecc,2,true,4194304,23936016,175229,691,7,667,0,21136,49420,50035,flow=5
axis_concur100,edgecc,2,true,4194304,33997896,123369,1144,13,1097,0,10866,49607,50035,flow=6
axis_concur100,edgecc,2,true,4194304,35266954,118930,647,12,605,0,4149,43929,50035,flow=7
axis_concur100,edgecc,2,true,4194304,36089601,116219,53,3,47,0,10489,42196,50035,flow=8
axis_concur100,edgecc,2,true,4194304,27032637,155157,924,9,889,0,15871,48627,50035,flow=9
axis_concur100,edgecc,2,true,4194304,30931070,135601,49,2,47,0,14584,47110,50035,flow=10
axis_concur100,edgecc,2,true,4194304,39092703,107291,578,8,550,0,4266,42763,50035,flow=11
axis_concur100,edgecc,2,true,4194304,35139345,119362,811,11,775,0,12946,50020,50041,flow=12
axis_concur100,edgecc,2,true,4194304,34635104,121099,1001,7,978,0,8383,49996,50056,flow=13
axis_concur100,edgecc,2,true,4194304,34336274,122153,745,8,709,0,14584,49684,50050,flow=14
axis_concur100,edgecc,2,true,4194304,29218108,143551,445,4,425,0,14818,49918,50055,flow=15
axis_concur100,edgecc,2,true,4194304,34565853,121342,1400,13,1343,0,16339,50035,50067,flow=16
axis_concur100,edgecc,2,true,4194304,30757933,136364,46,1,46,0,10372,43600,50035,flow=17
axis_concur100,edgecc,2,true,4194304,28528140,147023,43,1,42,0,17860,44302,50035,flow=18
axis_concur100,edgecc,2,true,4194304,33342732,125793,1307,11,1260,0,19030,50035,50061,flow=19
axis_concur100,edgecc,2,true,4194304,42820754,97950,600,8,575,0,234,37984,50035,flow=20
axis_concur100,edgecc,2,true,4194304,38874641,107893,874,12,836,0,6277,47688,50035,flow=21
axis_concur100,edgecc,2,true,4194304,36323085,115472,592,4,576,0,7427,41429,50035,flow=22
axis_concur100,edgecc,2,true,4194304,18916279,221729,589,4,574,0,19381,49216,49933,flow=23
axis_concur100,edgecc,2,true,4194304,29979573,139905,848,10,815,0,12244,49801,50035,flow=24
axis_concur100,edgecc,2,true,4194304,33139017,126566,1253,8,1219,0,15520,50024,50063,flow=25
axis_concur100,edgecc,2,true,4194304,33137730,126571,45,1,43,0,12361,44302,50035,flow=26
axis_concur100,edgecc,2,true,4194304,32637471,128511,1132,11,1082,0,16807,49918,50035,flow=27
axis_concur100,edgecc,2,true,4194304,34788292,120566,1654,14,1585,0,17860,50009,50038,flow=28
axis_concur100,edgecc,2,true,4194304,29290434,143197,1112,10,1065,0,17860,50076,50076,flow=29
axis_concur100,edgecc,2,true,4194304,37831500,110868,796,4,777,0,4873,49567,50053,flow=30
axis_concur100,edgecc,2,true,4194304,26080649,160820,649,7,620,0,13531,49801,50035,flow=31
axis_concur100,edgecc,2,true,4194304,31599332,132733,991,6,965,0,16456,49567,50035,flow=32
axis_concur100,edgecc,2,true,4194304,30657038,136813,48,1,45,0,12712,42898,50035,flow=33
axis_concur100,edgecc,2,true,4194304,35935535,116717,80,7,59,0,9477,45472,49918,flow=34
axis_concur100,edgecc,2,true,4194304,28020089,149689,644,7,615,0,12114,49216,50035,flow=35
axis_concur100,edgecc,2,true,4194304,36942583,113535,668,7,636,0,9299,47592,50035,flow=36
axis_concur100,edgecc,2,true,4194304,31083733,134935,853,9,821,0,8293,46152,50035,flow=37
axis_concur100,edgecc,2,true,4194304,24255404,172922,688,2,680,0,19732,48843,50035,flow=38
axis_concur100,edgecc,2,true,4194304,31445567,133382,58,4,50,0,13414,41611,49918,flow=39
axis_concur100,edgecc,2,true,4194304,18730154,223933,660,9,624,0,16339,46408,50035,flow=40
axis_concur100,edgecc,2,true,4194304,34822073,120449,674,7,649,0,8149,42313,50035,flow=41
axis_concur100,edgecc,2,true,4194304,34040876,123213,673,8,644,0,10537,47578,50035,flow=42
axis_concur100,edgecc,2,true,4194304,32793148,127901,48,5,39,0,11403,43205,49918,flow=43
axis_concur100,edgecc,2,true,4194304,31905800,131458,689,11,658,0,5224,41260,50035,flow=44
axis_concur100,edgecc,2,true,4194304,24897326,168464,676,6,652,0,19773,49029,50035,flow=45
axis_concur100,edgecc,2,true,4194304,43293434,96880,690,7,662,0,819,40485,50035,flow=46
axis_concur100,edgecc,2,true,4194304,31883965,131549,1166,9,1129,0,15169,49939,50061,flow=47
axis_concur100,edgecc,2,true,4194304,27804673,150848,1522,16,1443,0,16690,50035,50059,flow=48
axis_concur100,edgecc,2,true,4194304,40040859,104750,1014,13,968,0,234,44068,50035,flow=49
axis_concur100,edgecc,2,true,4194304,37925884,110592,1122,11,1085,0,2416,49801,50035,flow=50
axis_concur100,edgecc,2,true,4194304,33181793,126403,740,9,712,0,9180,47171,50035,flow=51
axis_concur100,edgecc,2,true,4194304,16829950,249216,34,0,34,0,16573,45940,49918,flow=52
axis_concur100,edgecc,2,true,4194304,35391216,118512,920,14,876,0,14379,47075,49982,flow=53
axis_concur100,edgecc,2,true,4194304,39234074,106904,1204,12,1151,0,10418,47695,50027,flow=54
axis_concur100,edgecc,2,true,4194304,32038791,130913,1221,13,1163,0,15849,49874,50035,flow=55
axis_concur100,edgecc,2,true,4194304,29127941,143995,1310,7,1277,0,18328,50035,50035,flow=56
axis_concur100,edgecc,2,true,4194304,31610012,132689,789,15,742,0,6745,41728,49684,flow=57
axis_concur100,edgecc,2,true,4194304,21479550,195269,1427,9,1381,0,22072,49684,50051,flow=58
axis_concur100,edgecc,2,true,4194304,31409319,133536,61,5,47,0,12595,46525,50035,flow=59
axis_concur100,edgecc,2,true,4194304,24873129,168627,1586,15,1520,0,24061,50008,50053,flow=60
axis_concur100,edgecc,2,true,4194304,32760856,128027,70,4,62,0,10138,42079,50035,flow=61
axis_concur100,edgecc,2,true,4194304,30368883,138111,1003,10,960,0,15754,49450,50035,flow=62
axis_concur100,edgecc,2,true,4194304,15821922,265094,1105,8,1059,0,24295,49684,50035,flow=63
axis_concur100,edgecc,2,true,4194304,32407247,129424,1016,15,945,0,1558,36931,49918,flow=64
axis_concur100,edgecc,2,true,4194304,30201149,138878,64,4,56,0,15871,47087,50035,flow=65
axis_concur100,edgecc,2,true,4194304,10379309,404102,901,6,875,0,22306,46642,46759,flow=66
axis_concur100,edgecc,2,true,4194304,17846636,235019,1058,10,1008,0,22423,49684,50035,flow=67
axis_concur100,edgecc,2,true,4194304,26086265,160785,962,14,892,0,13648,49216,50035,flow=68
axis_concur100,edgecc,2,true,4194304,24836274,168878,1021,8,985,0,20083,48280,50035,flow=69
axis_concur100,edgecc,2,true,4194304,29849374,140515,1529,11,1478,0,22657,50045,50074,flow=70
axis_concur100,edgecc,2,true,4194304,38788846,108131,1064,15,996,0,936,39614,49984,flow=71
axis_concur100,edgecc,2,true,4194304,26490058,158335,1448,14,1379,0,18679,49801,50050,flow=72
axis_concur100,edgecc,2,true,4194304,25447595,164821,52,2,48,0,17977,49684,50035,flow=73
axis_concur100,edgecc,2,true,4194304,11149381,376191,1002,7,960,0,30591,46759,49333,flow=74
axis_concur100,edgecc,2,true,4194304,18613900,225331,1468,7,1421,0,26635,49724,50071,flow=75
axis_concur100,edgecc,2,true,4194304,26986242,155423,974,6,943,0,27454,49918,50068,flow=76
axis_concur100,edgecc,2,true,4194304,16259012,257967,1243,6,1215,0,27103,49567,50071,flow=77
axis_concur100,edgecc,2,true,4194304,18715668,224106,1025,7,986,0,20668,49684,50035,flow=78
axis_concur100,edgecc,2,true,4194304,35777779,117232,1016,10,958,0,12361,49801,50065,flow=79
axis_concur100,edgecc,2,true,4194304,21548558,194644,38,4,30,0,19966,48982,50035,flow=80
axis_concur100,edgecc,2,true,4194304,28118464,149165,114,4,101,0,17275,47695,50035,flow=81
axis_concur100,edgecc,2,true,4194304,35124559,119412,101,5,85,0,13648,48631,50035,flow=82
axis_concur100,edgecc,2,true,4194304,31340545,133829,1047,10,987,0,20083,49630,50068,flow=83
axis_concur100,edgecc,2,true,4194304,37594784,111566,1092,10,1044,0,7915,49428,50035,flow=84
axis_concur100,edgecc,2,true,4194304,11715288,358019,1520,7,1474,0,28975,50005,50068,flow=85
axis_concur100,edgecc,2,true,4194304,17951117,233651,1208,7,1154,0,22939,49216,50065,flow=86
axis_concur100,edgecc,2,true,4194304,33878844,123803,56,3,52,0,10138,42898,50035,flow=87
axis_concur100,edgecc,2,true,4194304,17954605,233606,1200,4,1178,0,23251,49801,50050,flow=88
axis_concur100,edgecc,2,true,4194304,26179897,160210,1210,8,1162,0,19615,49876,50065,flow=89
axis_concur100,edgecc,2,true,4194304,12364031,339234,1117,8,1069,0,31315,49567,50071,flow=90
axis_concur100,edgecc,2,true,4194304,28383440,147772,1590,10,1536,0,20083,50036,50072,flow=91
axis_concur100,edgecc,2,true,4194304,34571118,121323,1199,14,1125,0,7330,49801,50068,flow=92
axis_concur100,edgecc,2,true,4194304,28748996,145893,1145,11,1078,0,15637,49333,50035,flow=93
axis_concur100,edgecc,2,true,4194304,31339514,133834,1854,9,1799,0,8734,49918,50035,flow=94
axis_concur100,edgecc,2,true,4194304,27662588,151623,2652,26,2523,0,39271,50068,50074,flow=95
axis_concur100,edgecc,2,true,4194304,33866230,123849,64,3,52,0,12712,47344,50035,flow=96
axis_concur100,edgecc,2,true,4194304,33091357,126749,67,3,59,0,14913,42620,50035,flow=97
axis_concur100,edgecc,2,true,4194304,26617475,157577,62,2,58,0,13616,47578,50035,flow=98
axis_concur100,edgecc,2,true,4194304,23467921,178724,78,4,70,0,15637,49684,50035,flow=99
axis_concur100,edgecc,2,fairness_min=94044,fairness_max=404102,fairness_ratio=0.233
axis_concur100,edgecc_no_probe,0,true,4194304,43336246,96785,1696,20,1620,0,117,48739,50064,flow=0
axis_concur100,edgecc_no_probe,0,true,4194304,28755096,145862,1265,8,1234,0,16456,50035,50067,flow=1
axis_concur100,edgecc_no_probe,0,true,4194304,32408274,129420,606,9,574,0,1102,44881,50035,flow=2
axis_concur100,edgecc_no_probe,0,true,4194304,37303649,112436,846,12,800,0,9202,49918,50060,flow=3
axis_concur100,edgecc_no_probe,0,true,4194304,30351903,138189,894,4,878,0,9670,49456,50053,flow=4
axis_concur100,edgecc_no_probe,0,true,4194304,33039189,126949,1599,17,1528,0,15637,47556,50035,flow=5
axis_concur100,edgecc_no_probe,0,true,4194304,20666691,202949,660,5,643,0,22189,50028,50065,flow=6
axis_concur100,edgecc_no_probe,0,true,4194304,38166934,109893,1673,17,1608,0,12478,49918,50068,flow=7
axis_concur100,edgecc_no_probe,0,true,4194304,38165871,109896,1958,19,1884,0,14233,50035,50067,flow=8
axis_concur100,edgecc_no_probe,0,true,4194304,33550029,125016,1041,10,970,0,12684,49978,50064,flow=9
axis_concur100,edgecc_no_probe,0,true,4194304,32211118,130212,1503,18,1419,0,14818,50014,50067,flow=10
axis_concur100,edgecc_no_probe,0,true,4194304,34616757,121163,1087,13,1028,0,12629,49216,50057,flow=11
axis_concur100,edgecc_no_probe,0,true,4194304,36834036,113870,1106,12,1058,0,10948,49099,50036,flow=12
axis_concur100,edgecc_no_probe,0,true,4194304,29914683,140208,1399,15,1324,0,16573,49970,50068,flow=13
axis_concur100,edgecc_no_probe,0,true,4194304,41093873,102066,647,11,607,0,2385,40558,50035,flow=14
axis_concur100,edgecc_no_probe,0,true,4194304,35053248,119655,773,10,736,0,9787,49038,50035,flow=15
axis_concur100,edgecc_no_probe,0,true,4194304,23105640,181527,827,11,785,0,14584,50035,50057,flow=16
axis_concur100,edgecc_no_probe,0,true,4194304,32002198,131062,982,13,931,0,10021,49646,50040,flow=17
axis_concur100,edgecc_no_probe,0,true,4194304,34163867,122770,932,10,898,0,12010,47834,50035,flow=18
axis_concur100,edgecc_no_probe,0,true,4194304,28760924,145833,1277,11,1234,0,11425,49941,50035,flow=19
axis_concur100,edgecc_no_probe,0,true,4194304,29399686,142664,50,3,45,0,9670,47227,50035,flow=20
axis_concur100,edgecc_no_probe,0,true,4194304,33801348,124086,670,9,636,0,8149,41845,50035,flow=21
axis_concur100,edgecc_no_probe,0,true,4194304,30351998,138188,1498,15,1436,0,14350,50005,50064,flow=22
axis_concur100,edgecc_no_probe,0,true,4194304,35068733,119602,687,7,663,0,10255,46993,50035,flow=23
axis_concur100,edgecc_no_probe,0,true,4194304,14985189,279896,388,4,376,0,24412,49684,50035,flow=24
axis_concur100,edgecc_no_probe,0,true,4194304,39238065,106893,1987,17,1868,0,12829,50024,50054,flow=25
axis_concur100,edgecc_no_probe,0,true,4194304,32528845,128941,709,8,685,0,9319,45183,50013,flow=26
axis_concur100,edgecc_no_probe,0,true,4194304,33362270,125719,739,4,724,0,10957,49225,50035,flow=27
axis_concur100,edgecc_no_probe,0,true,4194304,30739759,136445,68,3,64,0,9553,39856,50035,flow=28
axis_concur100,edgecc_no_probe,0,true,4194304,26328408,159307,814,9,782,0,12599,49918,50001,flow=29
axis_concur100,edgecc_no_probe,0,true,4194304,32709050,128230,718,12,681,0,7798,45770,50013,flow=30
axis_concur100,edgecc_no_probe,0,true,4194304,36848384,113825,1038,14,980,0,10840,49216,50048,flow=31
axis_concur100,edgecc_no_probe,0,true,4194304,23671579,177187,860,9,828,0,12244,49918,50038,flow=32
axis_concur100,edgecc_no_probe,0,true,4194304,36881144,113724,1586,15,1525,0,14679,49795,50053,flow=33
axis_concur100,edgecc_no_probe,0,true,4194304,36503415,114901,738,10,703,0,7798,42664,50035,flow=34
axis_concur100,edgecc_no_probe,0,true,4194304,17617547,238075,68,3,60,0,16016,44280,49801,flow=35
axis_concur100,edgecc_no_probe,0,true,4194304,35460100,118282,744,12,700,0,8149,45918,50035,flow=36
axis_concur100,edgecc_no_probe,0,true,4194304,27027682,155185,755,11,715,0,6810,44180,49931,flow=37
axis_concur100,edgecc_no_probe,0,true,4194304,32896803,127498,772,13,727,0,7096,44484,50035,flow=38
axis_concur100,edgecc_no_probe,0,true,4194304,37806906,110940,758,10,720,0,8032,41815,50035,flow=39
axis_concur100,edgecc_no_probe,0,true,4194304,39579889,105970,995,6,966,0,2531,49896,50064,flow=40
axis_concur100,edgecc_no_probe,0,true,4194304,33443604,125414,763,9,730,0,2808,49428,50013,flow=41
axis_concur100,edgecc_no_probe,0,true,4194304,37965520,110476,1734,19,1653,0,18080,50035,50070,flow=42
axis_concur100,edgecc_no_probe,0,true,4194304,31865559,131624,58,3,50,0,11191,40558,50035,flow=43
axis_concur100,edgecc_no_probe,0,true,4194304,33595315,124847,1107,13,1053,0,8149,49801,50062,flow=44
axis_concur100,edgecc_no_probe,0,true,4194304,30681896,136702,899,5,869,0,10723,49961,50064,flow=45
axis_concur100,edgecc_no_probe,0,true,4194304,29613992,141632,43,2,38,0,7798,40414,50035,flow=46
axis_concur100,edgecc_no_probe,0,true,4194304,37489414,111879,851,8,832,0,11637,46260,50035,flow=47
axis_concur100,edgecc_no_probe,0,true,4194304,36780698,114035,785,8,751,0,2897,44887,50035,flow=48
axis_concur100,edgecc_no_probe,0,true,4194304,39528602,106108,1126,9,1085,0,8149,49608,50062,flow=49
axis_concur100,edgecc_no_probe,0,true,4194304,29839145,140563,40,2,36,0,11849,34240,50035,flow=50
axis_concur100,edgecc_no_probe,0,true,4194304,30491982,137554,1234,16,1163,0,12478,49216,50035,flow=51
axis_concur100,edgecc_no_probe,0,true,4194304,28769794,145788,825,6,798,0,9787,49333,50040,flow=52
axis_concur100,edgecc_no_probe,0,true,4194304,39173381,107070,759,13,709,0,1272,46104,50063,flow=53
axis_concur100,edgecc_no_probe,0,true,4194304,34158548,122789,843,12,800,0,8595,48046,50035,flow=54
axis_concur100,edgecc_no_probe,0,true,4194304,33646785,124656,90,5,79,0,9910,41304,50035,flow=55
axis_concur100,edgecc_no_probe,0,true,4194304,31558108,132907,928,15,872,0,734,43951,50035,flow=56
axis_concur100,edgecc_no_probe,0,true,4194304,35890004,116865,754,7,727,0,8032,42528,50035,flow=57
axis_concur100,edgecc_no_probe,0,true,4194304,27138468,154551,809,10,774,0,10021,45238,50035,flow=58
axis_concur100,edgecc_no_probe,0,true,4194304,33347999,125773,1214,15,1141,0,8400,44982,50035,flow=59
axis_concur100,edgecc_no_probe,0,true,4194304,30399620,137972,1154,9,1115,0,9085,49368,50035,flow=60
axis_concur100,edgecc_no_probe,0,true,4194304,32393789,129478,1179,12,1118,0,4288,49801,50059,flow=61
axis_concur100,edgecc_no_probe,0,true,4194304,31778787,131984,1165,14,1086,0,11425,48982,50068,flow=62
axis_concur100,edgecc_no_probe,0,true,4194304,29856907,140480,1202,10,1152,0,8266,49251,50035,flow=63
axis_concur100,edgecc_no_probe,0,true,4194304,19212659,218309,42,2,38,0,15264,43132,50035,flow=64
axis_concur100,edgecc_no_probe,0,true,4194304,34278561,122359,65,4,55,0,9085,42664,50035,flow=65
axis_concur100,edgecc_no_probe,0,true,4194304,29731666,141071,48,3,39,0,12946,36697,50013,flow=66
axis_concur100,edgecc_no_probe,0,true,4194304,38317698,109461,1265,15,1180,0,2182,45004,50035,flow=67
axis_concur100,edgecc_no_probe,0,true,4194304,21609069,194099,1222,7,1174,0,12478,48397,50036,flow=68
axis_concur100,edgecc_no_probe,0,true,4194304,33288285,125999,1323,16,1242,0,7798,49251,50035,flow=69
axis_concur100,edgecc_no_probe,0,true,4194304,18195271,230516,1770,14,1694,0,21019,48536,50066,flow=70
axis_concur100,edgecc_no_probe,0,true,4194304,33403973,125563,1301,9,1262,0,9202,49251,50035,flow=71
axis_concur100,edgecc_no_probe,0,true,4194304,35851426,116991,1204,9,1149,0,7447,49333,50067,flow=72
axis_concur100,edgecc_no_probe,0,true,4194304,36249058,115707,1255,12,1197,0,7213,49216,50048,flow=73
axis_concur100,edgecc_no_probe,0,true,4194304,33962675,123497,1210,10,1144,0,7394,49096,50060,flow=74
axis_concur100,edgecc_no_probe,0,true,4194304,25085111,167202,1250,11,1188,0,12946,49244,50068,flow=75
axis_concur100,edgecc_no_probe,0,true,4194304,22722253,184590,1312,6,1271,0,12711,49216,50070,flow=76
axis_concur100,edgecc_no_probe,0,true,4194304,24212835,173226,1344,13,1277,0,11308,48865,50036,flow=77
axis_concur100,edgecc_no_probe,0,true,4194304,35584022,117870,61,3,56,0,9553,43249,50013,flow=78
axis_concur100,edgecc_no_probe,0,true,4194304,24329111,172398,1283,11,1221,0,15754,49612,50071,flow=79
axis_concur100,edgecc_no_probe,0,true,4194304,28435661,147501,2530,21,2430,0,40135,50071,50075,flow=80
axis_concur100,edgecc_no_probe,0,true,4194304,29549538,141941,55,4,43,0,13063,49567,50035,flow=81
axis_concur100,edgecc_no_probe,0,true,4194304,14665216,286003,1386,12,1317,0,25114,49567,50047,flow=82
axis_concur100,edgecc_no_probe,0,true,4194304,31687252,132365,44,3,36,0,10138,47278,50001,flow=83
axis_concur100,edgecc_no_probe,0,true,4194304,19831099,211501,47,2,43,0,14701,39249,49216,flow=84
axis_concur100,edgecc_no_probe,0,true,4194304,21464704,195404,53,4,40,0,14350,39037,50035,flow=85
axis_concur100,edgecc_no_probe,0,true,4194304,35781818,117218,1329,11,1268,0,7413,49216,50071,flow=86
axis_concur100,edgecc_no_probe,0,true,4194304,10361131,404811,1124,7,1092,0,21721,45097,49918,flow=87
axis_concur100,edgecc_no_probe,0,true,4194304,10309866,406824,432,4,407,0,16807,27805,50035,flow=88
axis_concur100,edgecc_no_probe,0,true,4194304,19115805,219415,1229,5,1189,0,14818,46174,50060,flow=89
axis_concur100,edgecc_no_probe,0,true,4194304,29810619,140698,1329,10,1276,0,9904,49918,50071,flow=90
axis_concur100,edgecc_no_probe,0,true,4194304,35265640,118934,1044,9,999,0,8500,49567,50048,flow=91
axis_concur100,edgecc_no_probe,0,true,4194304,28209266,148685,1329,13,1258,0,11074,49567,50063,flow=92
axis_concur100,edgecc_no_probe,0,true,4194304,28853373,145366,1450,8,1404,0,10723,50012,50071,flow=93
axis_concur100,edgecc_no_probe,0,true,4194304,31901087,131478,1459,10,1403,0,8500,49684,50071,flow=94
axis_concur100,edgecc_no_probe,0,true,4194304,29429319,142521,1379,10,1334,0,8500,50025,50070,flow=95
axis_concur100,edgecc_no_probe,0,true,4194304,17359584,241613,50,2,46,0,14467,47227,49918,flow=96
axis_concur100,edgecc_no_probe,0,true,4194304,16820002,249364,45,3,37,0,15520,29677,49333,flow=97
axis_concur100,edgecc_no_probe,0,true,4194304,32204120,130241,47,3,43,0,10255,45981,50035,flow=98
axis_concur100,edgecc_no_probe,0,true,4194304,20898095,200702,1406,8,1368,0,12244,50008,50070,flow=99
axis_concur100,edgecc_no_probe,0,fairness_min=96785,fairness_max=406824,fairness_ratio=0.238
axis_concur100,edgecc_no_probe,1,true,4194304,35864049,116950,1022,15,964,0,7330,48049,50060,flow=0
axis_concur100,edgecc_no_probe,1,true,4194304,28917532,145043,40,2,36,0,13414,42525,50013,flow=1
axis_concur100,edgecc_no_probe,1,true,4194304,29794251,140775,694,5,672,0,20317,47695,50044,flow=2
axis_concur100,edgecc_no_probe,1,true,4194304,17830956,235225,436,1,434,0,20902,49406,50035,flow=3
axis_concur100,edgecc_no_probe,1,true,4194304,23975585,174940,1100,10,1061,0,19298,49998,50069,flow=4
axis_concur100,edgecc_no_probe,1,true,4194304,34554992,121380,1108,16,1037,0,15286,48784,50059,flow=5
axis_concur100,edgecc_no_probe,1,true,4194304,31155157,134626,782,7,757,0,22891,48010,50014,flow=6
axis_concur100,edgecc_no_probe,1,true,4194304,33136300,126577,1886,19,1811,0,25231,50038,50071,flow=7
axis_concur100,edgecc_no_probe,1,true,4194304,32526695,128949,617,8,590,0,9787,46035,49997,flow=8
axis_concur100,edgecc_no_probe,1,true,4194304,33032557,126974,55,3,51,0,11659,39154,49428,flow=9
axis_concur100,edgecc_no_probe,1,true,4194304,35545188,117999,932,6,903,0,13180,49579,50069,flow=10
axis_concur100,edgecc_no_probe,1,true,4194304,32130424,130539,965,6,947,0,16317,49896,50060,flow=11
axis_concur100,edgecc_no_probe,1,true,4194304,35837522,117036,2063,16,1995,0,21278,50032,50071,flow=12
axis_concur100,edgecc_no_probe,1,true,4194304,21093771,198840,967,10,928,0,21253,47344,50035,flow=13
axis_concur100,edgecc_no_probe,1,true,4194304,38013730,110336,1191,12,1144,0,13882,50027,50067,flow=14
axis_concur100,edgecc_no_probe,1,true,4194304,31261785,134167,49,4,41,0,13180,33304,47205,flow=15
axis_concur100,edgecc_no_probe,1,true,4194304,32323447,129760,57,4,44,0,11308,45706,49918,flow=16
axis_concur100,edgecc_no_probe,1,true,4194304,38694024,108396,1232,14,1177,0,14935,47812,50032,flow=17
axis_concur100,edgecc_no_probe,1,true,4194304,27303830,153615,662,5,646,0,12942,47812,50035,flow=18
axis_concur100,edgecc_no_probe,1,true,4194304,34693284,120896,879,12,842,0,15169,48542,50054,flow=19
axis_concur100,edgecc_no_probe,1,true,4194304,28535120,146987,696,11,652,0,7330,45589,50035,flow=20
axis_concur100,edgecc_no_probe,1,true,4194304,25192753,166488,765,10,733,0,22657,46753,49900,flow=21
axis_concur100,edgecc_no_probe,1,true,4194304,32832003,127750,52,3,43,0,11659,41845,49997,flow=22
axis_concur100,edgecc_no_probe,1,true,4194304,37253456,112588,669,7,645,0,3550,40558,50013,flow=23
axis_concur100,edgecc_no_probe,1,true,4194304,35247123,118997,694,11,652,0,10138,45216,50035,flow=24
axis_concur100,edgecc_no_probe,1,true,4194304,37790213,110989,1676,15,1619,0,23206,49801,50044,flow=25
axis_concur100,edgecc_no_probe,1,true,4194304,35002389,119829,56,5,39,0,7564,38174,49567,flow=26
axis_concur100,edgecc_no_probe,1,true,4194304,32069655,130787,1288,8,1233,0,17392,48422,50063,flow=27
axis_concur100,edgecc_no_probe,1,true,4194304,34238332,122503,938,5,911,0,13414,47227,50061,flow=28
axis_concur100,edgecc_no_probe,1,true,4194304,32685279,128323,41,3,33,0,12976,39856,49801,flow=29
axis_concur100,edgecc_no_probe,1,true,4194304,33004426,127083,696,9,659,0,10957,44536,50047,flow=30
axis_concur100,edgecc_no_probe,1,true,4194304,32837385,127729,50,3,42,0,14350,43344,49918,flow=31
axis_concur100,edgecc_no_probe,1,true,4194304,31820947,131809,40,2,35,0,11659,35154,49896,flow=32
axis_concur100,edgecc_no_probe,1,true,4194304,42584067,98494,725,10,689,0,351,39271,49450,flow=33
axis_concur100,edgecc_no_probe,1,true,4194304,34135657,122871,1391,12,1345,0,20860,50048,50072,flow=34
axis_concur100,edgecc_no_probe,1,true,4194304,35594954,117834,1428,12,1375,0,19147,49450,50068,flow=35
axis_concur100,edgecc_no_probe,1,true,4194304,30166969,139036,703,2,693,0,7096,42876,50047,flow=36
axis_concur100,edgecc_no_probe,1,true,4194304,34138978,122859,1487,17,1414,0,17041,49952,50035,flow=37
axis_concur100,edgecc_no_probe,1,true,4194304,27978951,149909,852,7,831,0,13999,48345,50013,flow=38
axis_concur100,edgecc_no_probe,1,true,4194304,22822771,183777,42,2,37,0,16456,47110,50013,flow=39
axis_concur100,edgecc_no_probe,1,true,4194304,25563486,164074,58,3,50,0,16792,47227,50035,flow=40
axis_concur100,edgecc_no_probe,1,true,4194304,29552788,141925,1301,5,1272,0,17392,50035,50066,flow=41
axis_concur100,edgecc_no_probe,1,true,4194304,18919012,221697,132,2,127,0,19966,37665,50035,flow=42
axis_concur100,edgecc_no_probe,1,true,4194304,31822095,131804,771,9,739,0,6979,38569,47812,flow=43
axis_concur100,edgecc_no_probe,1,true,4194304,29086210,144202,1514,10,1470,0,20949,49450,50061,flow=44
axis_concur100,edgecc_no_probe,1,true,4194304,36444841,115086,922,9,882,0,13297,46720,50057,flow=45
axis_concur100,edgecc_no_probe,1,true,4194304,21837679,192067,47,2,43,0,19147,47790,50035,flow=46
axis_concur100,edgecc_no_probe,1,true,4194304,41671768,100650,720,6,693,0,2283,39232,50035,flow=47
axis_concur100,edgecc_no_probe,1,true,4194304,30218841,138797,44,4,39,0,13180,36346,48748,flow=48
axis_concur100,edgecc_no_probe,1,true,4194304,32968656,127220,1096,7,1067,0,19264,50042,50070,flow=49
axis_concur100,edgecc_no_probe,1,true,4194304,31853824,131673,48,2,44,0,13626,40675,49567,flow=50
axis_concur100,edgecc_no_probe,1,true,4194304,28578620,146763,710,3,698,0,11542,48258,50035,flow=51
axis_concur100,edgecc_no_probe,1,true,4194304,32973219,127203,692,6,670,0,14446,42876,50063,flow=52
axis_concur100,edgecc_no_probe,1,true,4194304,23075118,181767,891,3,878,0,15949,47461,50050,flow=53
axis_concur100,edgecc_no_probe,1,true,4194304,35375235,118566,1521,10,1474,0,19615,49708,50069,flow=54
axis_concur100,edgecc_no_probe,1,true,4194304,30551434,137286,1024,13,968,0,14796,47812,50035,flow=55
axis_concur100,edgecc_no_probe,1,true,4194304,28776097,145756,888,12,840,0,10529,49567,50063,flow=56
axis_concur100,edgecc_no_probe,1,true,4194304,35368844,118587,735,7,703,0,14116,44121,50035,flow=57
axis_concur100,edgecc_no_probe,1,true,4194304,26864295,156129,740,5,720,0,10957,49567,50035,flow=58
axis_concur100,edgecc_no_probe,1,true,4194304,36038065,116385,730,3,714,0,6957,44035,50061,flow=59
axis_concur100,edgecc_no_probe,1,true,4194304,33776479,124178,758,8,727,0,16587,46503,50035,flow=60
axis_concur100,edgecc_no_probe,1,true,4194304,45148281,92900,1867,16,1805,0,11679,50025,50072,flow=61
axis_concur100,edgecc_no_probe,1,true,4194304,31222271,134336,850,12,806,0,7447,38870,50002,flow=62
axis_concur100,edgecc_no_probe,1,true,4194304,31111187,134816,2016,15,1951,0,18445,49987,50066,flow=63
axis_concur100,edgecc_no_probe,1,true,4194304,33438044,125435,1237,13,1168,0,12829,48141,50049,flow=64
axis_concur100,edgecc_no_probe,1,true,4194304,26566435,157879,1199,12,1128,0,15365,48713,50069,flow=65
axis_concur100,edgecc_no_probe,1,true,4194304,23323588,179830,1216,10,1165,0,19381,47639,50069,flow=66
axis_concur100,edgecc_no_probe,1,true,4194304,22509350,186336,1192,4,1175,0,18913,47368,50069,flow=67
axis_concur100,edgecc_no_probe,1,true,4194304,31669040,132441,55,3,48,0,13648,37633,49311,flow=68
axis_concur100,edgecc_no_probe,1,true,4194304,39218740,106946,1239,11,1186,0,4639,42771,49801,flow=69
axis_concur100,edgecc_no_probe,1,true,4194304,40722591,102996,1193,17,1113,0,2650,39973,49896,flow=70
axis_concur100,edgecc_no_probe,1,true,4194304,18149174,231101,1182,10,1120,0,20083,50035,50060,flow=71
axis_concur100,edgecc_no_probe,1,true,4194304,34814089,120477,1299,12,1227,0,11659,48492,50035,flow=72
axis_concur100,edgecc_no_probe,1,true,4194304,32491766,129088,44,2,39,0,11776,37750,49099,flow=73
axis_concur100,edgecc_no_probe,1,true,4194304,19979105,209934,1207,6,1167,0,18328,47227,50069,flow=74
axis_concur100,edgecc_no_probe,1,true,4194304,35837990,117035,1210,11,1151,0,12010,44175,50035,flow=75
axis_concur100,edgecc_no_probe,1,true,4194304,20243503,207192,1246,7,1210,0,16573,47110,50036,flow=76
axis_concur100,edgecc_no_probe,1,true,4194304,30251089,138649,44,3,35,0,14350,36814,47461,flow=77
axis_concur100,edgecc_no_probe,1,true,4194304,17093059,245380,1194,7,1159,0,17275,44653,50035,flow=78
axis_concur100,edgecc_no_probe,1,true,4194304,31272037,134123,52,3,44,0,10562,34708,47812,flow=79
axis_concur100,edgecc_no_probe,1,true,4194304,39046999,107416,1318,15,1247,0,4522,49567,50068,flow=80
axis_concur100,edgecc_no_probe,1,true,4194304,21654647,193690,1289,10,1232,0,18796,45217,50064,flow=81
axis_concur100,edgecc_no_probe,1,true,4194304,14171006,295977,1237,7,1203,0,15520,45472,49918,flow=82
axis_concur100,edgecc_no_probe,1,true,4194304,20467419,204925,1210,6,1181,0,17509,43600,50035,flow=83
axis_concur100,edgecc_no_probe,1,true,4194304,24440009,171616,1452,9,1392,0,17970,50013,50064,flow=84
axis_concur100,edgecc_no_probe,1,true,4194304,29761045,140932,1297,6,1263,0,14116,47929,50050,flow=85
axis_concur100,edgecc_no_probe,1,true,4194304,12306165,340829,1277,3,1266,0,15169,33304,50071,flow=86
axis_concur100,edgecc_no_probe,1,true,4194304,39000743,107544,1344,19,1250,0,3586,47556,50071,flow=87
axis_concur100,edgecc_no_probe,1,true,4194304,31367604,133714,1298,7,1259,0,13999,47905,50071,flow=88
axis_concur100,edgecc_no_probe,1,true,4194304,33078294,126799,1301,7,1262,0,12712,48046,50071,flow=89
axis_concur100,edgecc_no_probe,1,true,4194304,36190881,115893,1160,12,1091,0,11191,48373,50068,flow=90
axis_concur100,edgecc_no_probe,1,true,4194304,29679518,141319,71,4,67,0,14701,44068,49918,flow=91
axis_concur100,edgecc_no_probe,1,true,4194304,29165643,143809,37,2,32,0,15169,40570,49684,flow=92
axis_concur100,edgecc_no_probe,1,true,4194304,27557739,152200,2224,13,2170,0,33227,50045,50072,flow=93
axis_concur100,edgecc_no_probe,1,true,4194304,20596682,203639,1400,7,1359,0,17743,50023,50070,flow=94
axis_concur100,edgecc_no_probe,1,true,4194304,29578177,141804,62,3,54,0,14818,41143,49801,flow=95
axis_concur100,edgecc_no_probe,1,true,4194304,19657494,213369,1352,7,1309,0,16668,50028,50070,flow=96
axis_concur100,edgecc_no_probe,1,true,4194304,29963177,139981,69,3,63,0,15052,44419,50013,flow=97
axis_concur100,edgecc_no_probe,1,true,4194304,33217625,126267,64,5,51,0,10584,39110,49896,flow=98
axis_concur100,edgecc_no_probe,1,true,4194304,20817322,201481,64,3,56,0,18328,42664,49450,flow=99
axis_concur100,edgecc_no_probe,1,fairness_min=92900,fairness_max=340829,fairness_ratio=0.273
axis_concur100,edgecc_no_probe,2,true,4194304,39015082,107504,1887,21,1805,0,117,50002,50066,flow=0
axis_concur100,edgecc_no_probe,2,true,4194304,33506635,125178,1917,24,1824,0,20913,49981,50063,flow=1
axis_concur100,edgecc_no_probe,2,true,4194304,30272466,138551,30,1,30,0,13531,38686,50035,flow=2
axis_concur100,edgecc_no_probe,2,true,4194304,38052090,110225,1736,17,1672,0,13648,50035,50069,flow=3
axis_concur100,edgecc_no_probe,2,true,4194304,31068767,135000,56,4,48,0,8266,38686,49918,flow=4
axis_concur100,edgecc_no_probe,2,true,4194304,30268681,138569,596,6,576,0,6979,45684,50035,flow=5
axis_concur100,edgecc_no_probe,2,true,4194304,29655051,141436,1678,10,1619,0,14537,50020,50067,flow=6
axis_concur100,edgecc_no_probe,2,true,4194304,21354288,196415,560,5,539,0,13297,43695,50052,flow=7
axis_concur100,edgecc_no_probe,2,true,4194304,27768203,151047,41,2,40,0,13180,41143,50035,flow=8
axis_concur100,edgecc_no_probe,2,true,4194304,35146496,119337,1722,15,1665,0,14689,49999,50069,flow=9
axis_concur100,edgecc_no_probe,2,true,4194304,28332779,148037,47,2,41,0,13063,42664,50035,flow=10
axis_concur100,edgecc_no_probe,2,true,4194304,38352675,109361,1233,13,1177,0,6277,49428,50058,flow=11
axis_concur100,edgecc_no_probe,2,true,4194304,39466890,106273,633,9,599,0,1265,41069,50035,flow=12
axis_concur100,edgecc_no_probe,2,true,4194304,35618323,117756,1048,10,1017,0,11659,49330,50062,flow=13
axis_concur100,edgecc_no_probe,2,true,4194304,30579646,137159,50,4,45,0,12010,37750,49937,flow=14
axis_concur100,edgecc_no_probe,2,true,4194304,24507664,171142,1512,15,1432,0,19381,50050,50074,flow=15
axis_concur100,edgecc_no_probe,2,true,4194304,33586626,124880,1717,18,1609,0,15286,50035,50069,flow=16
axis_concur100,edgecc_no_probe,2,true,4194304,30107809,139309,40,1,40,0,11776,41845,50035,flow=17
axis_concur100,edgecc_no_probe,2,true,4194304,31007064,135269,41,3,39,0,9360,39622,49801,flow=18
axis_concur100,edgecc_no_probe,2,true,4194304,33981846,123427,852,9,824,0,9436,46657,50037,flow=19
axis_concur100,edgecc_no_probe,2,true,4194304,31584454,132796,1594,15,1529,0,14818,49985,50055,flow=20
axis_concur100,edgecc_no_probe,2,true,4194304,40861015,102648,1181,10,1143,0,6115,50006,50061,flow=21
axis_concur100,edgecc_no_probe,2,true,4194304,30976928,135400,669,7,638,0,15615,43553,50035,flow=22
axis_concur100,edgecc_no_probe,2,true,4194304,33975976,123449,927,7,904,0,11076,48613,50035,flow=23
axis_concur100,edgecc_no_probe,2,true,4194304,28751367,145881,826,7,797,0,11052,50035,50066,flow=24
axis_concur100,edgecc_no_probe,2,true,4194304,33171303,126443,1416,13,1368,0,12127,50035,50071,flow=25
axis_concur100,edgecc_no_probe,2,true,4194304,32678642,128350,51,2,46,0,9904,40207,50035,flow=26
axis_concur100,edgecc_no_probe,2,true,4194304,33207099,126307,1296,13,1245,0,12623,48237,50040,flow=27
axis_concur100,edgecc_no_probe,2,true,4194304,33560028,124979,698,9,665,0,11425,46294,50035,flow=28
axis_concur100,edgecc_no_probe,2,true,4194304,35244741,119005,727,13,680,0,4054,37282,50017,flow=29
axis_concur100,edgecc_no_probe,2,true,4194304,37046015,113218,1707,16,1646,0,15147,49996,50057,flow=30
axis_concur100,edgecc_no_probe,2,true,4194304,44250370,94785,701,7,676,0,132,30613,49918,flow=31
axis_concur100,edgecc_no_probe,2,true,4194304,34834753,120405,842,8,817,0,10255,47466,50035,flow=32
axis_concur100,edgecc_no_probe,2,true,4194304,18156949,231002,50,1,48,0,15637,39622,50035,flow=33
axis_concur100,edgecc_no_probe,2,true,4194304,22268985,188347,40,2,36,0,13882,39654,50035,flow=34
axis_concur100,edgecc_no_probe,2,true,4194304,33071012,126827,1519,14,1449,0,13531,49850,50067,flow=35
axis_concur100,edgecc_no_probe,2,true,4194304,29793948,140777,783,7,757,0,8383,45121,50035,flow=36
axis_concur100,edgecc_no_probe,2,true,4194304,36048628,116351,751,9,715,0,10372,46102,50035,flow=37
axis_concur100,edgecc_no_probe,2,true,4194304,36889507,113699,725,6,701,0,6851,41250,50060,flow=38
axis_concur100,edgecc_no_probe,2,true,4194304,32270489,129973,45,1,45,0,7447,37282,49801,flow=39
axis_concur100,edgecc_no_probe,2,true,4194304,35451723,118310,784,14,739,0,11940,44678,50035,flow=40
axis_concur100,edgecc_no_probe,2,true,4194304,31200980,134428,779,5,761,0,10255,50035,50035,flow=41
axis_concur100,edgecc_no_probe,2,true,4194304,39355030,106576,1271,12,1219,0,9155,49957,50068,flow=42
axis_concur100,edgecc_no_probe,2,true,4194304,25552096,164147,54,1,54,0,13414,43366,50035,flow=43
axis_concur100,edgecc_no_probe,2,true,4194304,35779533,117226,768,5,750,0,5727,42781,50035,flow=44
axis_concur100,edgecc_no_probe,2,true,4194304,33120737,126636,766,4,754,0,11542,49918,50035,flow=45
axis_concur100,edgecc_no_probe,2,true,4194304,26958011,155586,758,8,728,0,8500,44653,50035,flow=46
axis_concur100,edgecc_no_probe,2,true,4194304,36583706,114649,792,6,776,0,6979,44789,50035,flow=47
axis_concur100,edgecc_no_probe,2,true,4194304,33921153,123648,1608,11,1565,0,14584,50026,50070,flow=48
axis_concur100,edgecc_no_probe,2,true,4194304,42691637,98246,1683,18,1608,0,13087,47824,50035,flow=49
axis_concur100,edgecc_no_probe,2,true,4194304,32127743,130550,1015,7,987,0,8266,44860,49993,flow=50
axis_concur100,edgecc_no_probe,2,true,4194304,35442425,118341,748,11,708,0,5856,42328,50035,flow=51
axis_concur100,edgecc_no_probe,2,true,4194304,21713364,193166,887,4,867,0,20434,50035,50074,flow=52
axis_concur100,edgecc_no_probe,2,true,4194304,43967450,95395,1041,10,1001,0,351,49963,50062,flow=53
axis_concur100,edgecc_no_probe,2,true,4194304,28682511,146232,791,11,747,0,10012,46291,50035,flow=54
axis_concur100,edgecc_no_probe,2,true,4194304,34104067,122985,1181,14,1105,0,9202,43835,50047,flow=55
axis_concur100,edgecc_no_probe,2,true,4194304,17273738,242813,1198,6,1166,0,15754,48514,50035,flow=56
axis_concur100,edgecc_no_probe,2,true,4194304,37265427,112552,886,12,842,0,2805,37652,49918,flow=57
axis_concur100,edgecc_no_probe,2,true,4194304,29378292,142768,1153,8,1112,0,12985,47605,50054,flow=58
axis_concur100,edgecc_no_probe,2,true,4194304,34031837,123246,71,3,63,0,7681,39856,50035,flow=59
axis_concur100,edgecc_no_probe,2,true,4194304,33206068,126311,1227,7,1185,0,8851,44596,50035,flow=60
axis_concur100,edgecc_no_probe,2,true,4194304,12049849,348079,64,3,56,0,18580,35761,49918,flow=61
axis_concur100,edgecc_no_probe,2,true,4194304,28031080,149630,2589,23,2461,0,31312,50047,50074,flow=62
axis_concur100,edgecc_no_probe,2,true,4194304,31818893,131818,1158,9,1098,0,9376,44302,50068,flow=63
axis_concur100,edgecc_no_probe,2,true,4194304,24493880,171238,1169,7,1128,0,13063,49624,50070,flow=64
axis_concur100,edgecc_no_probe,2,true,4194304,31452497,133353,46,3,38,0,10606,39388,49918,flow=65
axis_concur100,edgecc_no_probe,2,true,4194304,39649525,105784,1152,12,1093,0,2340,43812,50058,flow=66
axis_concur100,edgecc_no_probe,2,true,4194304,35567950,117923,1436,19,1337,0,6043,49567,50072,flow=67
axis_concur100,edgecc_no_probe,2,true,4194304,33977380,123444,1094,8,1048,0,9670,48046,50068,flow=68
axis_concur100,edgecc_no_probe,2,true,4194304,37144544,112918,1244,10,1193,0,5926,44185,50060,flow=69
axis_concur100,edgecc_no_probe,2,true,4194304,31200278,134431,1617,18,1541,0,19867,50035,50074,flow=70
axis_concur100,edgecc_no_probe,2,true,4194304,30120211,139252,1241,8,1201,0,11542,45684,50069,flow=71
axis_concur100,edgecc_no_probe,2,true,4194304,38335902,109409,1326,15,1234,0,2979,44770,50069,flow=72
axis_concur100,edgecc_no_probe,2,true,4194304,38557310,108781,1277,14,1193,0,2457,43578,50048,flow=73
axis_concur100,edgecc_no_probe,2,true,4194304,34199662,122641,1441,13,1363,0,9620,50035,50071,flow=74
axis_concur100,edgecc_no_probe,2,true,4194304,28570618,146804,1314,12,1251,0,11191,49766,50037,flow=75
axis_concur100,edgecc_no_probe,2,true,4194304,36201130,115861,1351,17,1270,0,6979,49333,50059,flow=76
axis_concur100,edgecc_no_probe,2,true,4194304,30224806,138770,52,3,47,0,11425,41728,50035,flow=77
axis_concur100,edgecc_no_probe,2,true,4194304,7935332,528560,1276,5,1250,0,23944,42196,50037,flow=78
axis_concur100,edgecc_no_probe,2,true,4194304,33131267,126596,1295,9,1238,0,9319,44653,50048,flow=79
axis_concur100,edgecc_no_probe,2,true,4194304,21322369,196709,41,3,32,0,15871,46035,50035,flow=80
axis_concur100,edgecc_no_probe,2,true,4194304,31936304,131333,38,2,34,0,10723,37399,49567,flow=81
axis_concur100,edgecc_no_probe,2,true,4194304,31643018,132550,1816,11,1759,0,10723,49918,50054,flow=82
axis_concur100,edgecc_no_probe,2,true,4194304,20752857,202107,1307,7,1262,0,13297,49918,50067,flow=83
axis_concur100,edgecc_no_probe,2,true,4194304,21124076,198555,1270,6,1232,0,14211,48163,50070,flow=84
axis_concur100,edgecc_no_probe,2,true,4194304,23665191,177235,1205,6,1177,0,23710,48163,50060,flow=85
axis_concur100,edgecc_no_probe,2,true,4194304,24943264,168153,1411,10,1356,0,12339,49801,50044,flow=86
axis_concur100,edgecc_no_probe,2,true,4194304,12609321,332635,39,3,31,0,19849,35176,44887,flow=87
axis_concur100,edgecc_no_probe,2,true,4194304,21462064,195428,1389,6,1351,0,15754,48982,50044,flow=88
axis_concur100,edgecc_no_probe,2,true,4194304,33902236,123717,1271,13,1205,0,4054,42003,50035,flow=89
axis_concur100,edgecc_no_probe,2,true,4194304,35420992,118412,1280,11,1218,0,8317,44653,50035,flow=90
axis_concur100,edgecc_no_probe,2,true,4194304,19271001,217648,1481,5,1452,0,21263,50066,50066,flow=91
axis_concur100,edgecc_no_probe,2,true,4194304,22833899,183687,1312,10,1244,0,12478,49099,50068,flow=92
axis_concur100,edgecc_no_probe,2,true,4194304,29051421,144375,1474,16,1388,0,8500,48046,50071,flow=93
axis_concur100,edgecc_no_probe,2,true,4194304,32958019,127262,1402,13,1335,0,9180,50027,50070,flow=94
axis_concur100,edgecc_no_probe,2,true,4194304,19484621,215262,307,5,293,0,19236,43185,50016,flow=95
axis_concur100,edgecc_no_probe,2,true,4194304,20018470,209521,56,2,51,0,14328,40639,50035,flow=96
axis_concur100,edgecc_no_probe,2,true,4194304,29481768,142267,1411,8,1368,0,10957,49684,50071,flow=97
axis_concur100,edgecc_no_probe,2,true,4194304,23284340,180134,42,2,38,0,13999,44887,49918,flow=98
axis_concur100,edgecc_no_probe,2,true,4194304,31538751,132988,49,2,45,0,10840,40909,50035,flow=99
axis_concur100,edgecc_no_probe,2,fairness_min=94785,fairness_max=528560,fairness_ratio=0.179
axis_concur100,edgecc_no_utility,0,true,4194304,43341346,96773,2528,28,2420,0,117,50050,50071,flow=0
axis_concur100,edgecc_no_utility,0,true,4194304,39344605,106604,1064,10,1031,0,346,45682,50056,flow=1
axis_concur100,edgecc_no_utility,0,true,4194304,42274702,99215,960,12,919,0,174,39856,50057,flow=2
axis_concur100,edgecc_no_utility,0,true,4194304,39265080,106820,964,13,919,0,468,36463,50035,flow=3
axis_concur100,edgecc_no_utility,0,true,4194304,37307580,112424,1519,12,1473,0,3235,49567,50066,flow=4
axis_concur100,edgecc_no_utility,0,true,4194304,17810141,235500,225,3,211,0,18094,30847,49099,flow=5
axis_concur100,edgecc_no_utility,0,true,4194304,37057689,113183,858,6,836,0,6277,37336,49918,flow=6
axis_concur100,edgecc_no_utility,0,true,4194304,38956299,107666,915,9,886,0,1255,37282,50035,flow=7
axis_concur100,edgecc_no_utility,0,true,4194304,27105261,154741,1479,7,1448,0,12969,49684,50070,flow=8
axis_concur100,edgecc_no_utility,0,true,4194304,37183483,112800,1164,14,1112,0,2533,33538,49918,flow=9
axis_concur100,edgecc_no_utility,0,true,4194304,38131103,109996,887,11,849,0,683,39505,50056,flow=10
axis_concur100,edgecc_no_utility,0,true,4194304,25309761,165718,1265,5,1239,0,15988,50025,50073,flow=11
axis_concur100,edgecc_no_utility,0,true,4194304,27226245,154053,1217,11,1174,0,14116,50015,50070,flow=12
axis_concur100,edgecc_no_utility,0,true,4194304,37345222,112311,862,6,844,0,2299,33187,49968,flow=13
axis_concur100,edgecc_no_utility,0,true,4194304,33140500,126561,1083,9,1054,0,7304,46260,50035,flow=14
axis_concur100,edgecc_no_utility,0,true,4194304,27038162,155125,1425,14,1365,0,14818,49959,50067,flow=15
axis_concur100,edgecc_no_utility,0,true,4194304,37945648,110534,876,9,846,0,1687,32602,50035,flow=16
axis_concur100,edgecc_no_utility,0,true,4194304,34500492,121572,1318,14,1255,0,7615,50039,50071,flow=17
axis_concur100,edgecc_no_utility,0,true,4194304,21265019,197239,905,7,879,0,19615,44274,50035,flow=18
axis_concur100,edgecc_no_utility,0,true,4194304,32384227,129516,883,6,859,0,544,39739,50035,flow=19
axis_concur100,edgecc_no_utility,0,true,4194304,30777178,136279,41,1,40,0,10138,32485,49567,flow=20
axis_concur100,edgecc_no_utility,0,true,4194304,33494475,125223,881,12,839,0,351,33516,49930,flow=21
axis_concur100,edgecc_no_utility,0,true,4194304,22726866,184552,950,8,926,0,14233,47534,50035,flow=22
axis_concur100,edgecc_no_utility,0,true,4194304,28682760,146230,935,9,898,0,10998,37750,50013,flow=23
axis_concur100,edgecc_no_utility,0,true,4194304,36401323,115223,2057,20,1982,0,21253,50023,50067,flow=24
axis_concur100,edgecc_no_utility,0,true,4194304,38609477,108634,914,8,880,0,277,35878,50035,flow=25
axis_concur100,edgecc_no_utility,0,true,4194304,34107206,122974,930,5,916,0,804,39739,50056,flow=26
axis_concur100,edgecc_no_utility,0,true,4194304,35530233,118048,1424,9,1383,0,11383,48013,50065,flow=27
axis_concur100,edgecc_no_utility,0,true,4194304,19006561,220676,47,1,47,0,15754,39388,48163,flow=28
axis_concur100,edgecc_no_utility,0,true,4194304,24590438,170566,1327,10,1292,0,15754,48631,50043,flow=29
axis_concur100,edgecc_no_utility,0,true,4194304,28399519,147689,1275,16,1203,0,14323,49099,50060,flow=30
axis_concur100,edgecc_no_utility,0,true,4194304,36454239,115056,1305,12,1257,0,12946,48871,50059,flow=31
axis_concur100,edgecc_no_utility,0,true,4194304,27882496,150427,1321,6,1295,0,14116,49424,50066,flow=32
axis_concur100,edgecc_no_utility,0,true,4194304,34913766,120133,1284,12,1234,0,8787,47573,50056,flow=33
axis_concur100,edgecc_no_utility,0,true,4194304,41934049,100021,974,15,915,0,220,39388,50035,flow=34
axis_concur100,edgecc_no_utility,0,true,4194304,33497612,125212,1193,11,1152,0,6979,46478,50035,flow=35
axis_concur100,edgecc_no_utility,0,true,4194304,30641455,136883,55,2,53,0,10723,33538,49684,flow=36
axis_concur100,edgecc_no_utility,0,true,4194304,39464146,106281,1044,15,983,0,577,36463,50035,flow=37
axis_concur100,edgecc_no_utility,0,true,4194304,37838457,110847,1055,16,991,0,2425,35995,50035,flow=38
axis_concur100,edgecc_no_utility,0,true,4194304,36437539,115109,1054,11,1009,0,4171,37165,50035,flow=39
axis_concur100,edgecc_no_utility,0,true,4194304,31772284,132011,1085,14,1031,0,585,39154,50035,flow=40
axis_concur100,edgecc_no_utility,0,true,4194304,42941373,97675,1478,15,1417,0,117,33772,50050,flow=41
axis_concur100,edgecc_no_utility,0,true,4194304,39176842,107060,1088,12,1044,0,220,33772,49856,flow=42
axis_concur100,edgecc_no_utility,0,true,4194304,40549288,103437,1447,12,1397,0,153,38803,50061,flow=43
axis_concur100,edgecc_no_utility,0,true,4194304,39706488,105632,1081,7,1054,0,552,33538,50032,flow=44
axis_concur100,edgecc_no_utility,0,true,4194304,34010581,123323,1085,9,1047,0,667,44662,50035,flow=45
axis_concur100,edgecc_no_utility,0,true,4194304,29534652,142012,65,4,56,0,11191,35629,50035,flow=46
axis_concur100,edgecc_no_utility,0,true,4194304,25490364,164544,1210,11,1165,0,8361,47695,50053,flow=47
axis_concur100,edgecc_no_utility,0,true,4194304,29979120,139907,1276,17,1211,0,8595,47916,50034,flow=48
axis_concur100,edgecc_no_utility,0,true,4194304,34381275,121993,1621,11,1570,0,234,36697,50075,flow=49
axis_concur100,edgecc_no_utility,0,true,4194304,27057575,155014,45,4,41,0,13882,33421,49918,flow=50
axis_concur100,edgecc_no_utility,0,true,4194304,40679234,103106,1452,16,1387,0,155,39154,50045,flow=51
axis_concur100,edgecc_no_utility,0,true,4194304,44256481,94772,1411,15,1354,0,117,34123,50066,flow=52
axis_concur100,edgecc_no_utility,0,true,4194304,33412516,125530,1432,12,1382,0,209,39643,50075,flow=53
axis_concur100,edgecc_no_utility,0,true,4194304,44383039,94502,1377,18,1312,0,117,25631,48982,flow=54
axis_concur100,edgecc_no_utility,0,true,4194304,24725794,169632,76,3,66,0,14116,34006,49801,flow=55
axis_concur100,edgecc_no_utility,0,true,4194304,41672122,100650,1608,12,1559,0,117,34282,50003,flow=56
axis_concur100,edgecc_no_utility,0,true,4194304,43095454,97325,1444,16,1380,0,117,41039,50075,flow=57
axis_concur100,edgecc_no_utility,0,true,4194304,44416763,94430,1625,20,1549,0,117,25769,49971,flow=58
axis_concur100,edgecc_no_utility,0,true,4194304,30373213,138092,2025,22,1907,0,351,43951,50075,flow=59
axis_concur100,edgecc_no_utility,0,true,4194304,36898610,113671,1896,15,1813,0,142,45178,50075,flow=60
axis_concur100,edgecc_no_utility,0,true,4194304,38230872,109709,1965,24,1844,0,125,38803,50066,flow=61
axis_concur100,edgecc_no_utility,0,true,4194304,29297756,143161,1992,16,1905,0,4522,50035,50076,flow=62
axis_concur100,edgecc_no_utility,0,true,4194304,33219185,126261,1858,16,1782,0,1850,41026,49918,flow=63
axis_concur100,edgecc_no_utility,0,true,4194304,27856269,150569,60,5,44,0,11776,34825,49099,flow=64
axis_concur100,edgecc_no_utility,0,true,4194304,30966270,135447,59,4,51,0,8851,35761,49424,flow=65
axis_concur100,edgecc_no_utility,0,true,4194304,28055621,149499,57,4,43,0,12946,33633,49567,flow=66
axis_concur100,edgecc_no_utility,0,true,4194304,28064162,149454,2155,17,2072,0,14205,49981,50071,flow=67
axis_concur100,edgecc_no_utility,0,true,4194304,30300566,138423,2081,20,1972,0,458,50034,50076,flow=68
axis_concur100,edgecc_no_utility,0,true,4194304,19869158,211096,1933,8,1886,0,13882,49918,50076,flow=69
axis_concur100,edgecc_no_utility,0,true,4194304,26417266,158771,1798,13,1737,0,21274,50047,50071,flow=70
axis_concur100,edgecc_no_utility,0,true,4194304,32903895,127471,2119,21,2011,0,463,49967,50076,flow=71
axis_concur100,edgecc_no_utility,0,true,4194304,33965909,123485,2086,16,1991,0,234,49450,50076,flow=72
axis_concur100,edgecc_no_utility,0,true,4194304,32077392,130755,2118,18,2020,0,468,49859,50076,flow=73
axis_concur100,edgecc_no_utility,0,true,4194304,26183268,160190,2103,12,2037,0,5458,49567,50061,flow=74
axis_concur100,edgecc_no_utility,0,true,4194304,31933547,131344,2945,32,2774,0,50029,50073,50075,flow=75
axis_concur100,edgecc_no_utility,0,true,4194304,33904518,123709,2272,27,2125,0,117,50035,50076,flow=76
axis_concur100,edgecc_no_utility,0,true,4194304,24292933,172655,2158,17,2063,0,8361,49567,50045,flow=77
axis_concur100,edgecc_no_utility,0,true,4194304,28350473,147944,58,5,44,0,10296,34687,49216,flow=78
axis_concur100,edgecc_no_utility,0,true,4194304,27774859,151010,2454,19,2365,0,30981,50041,50068,flow=79
axis_concur100,edgecc_no_utility,0,true,4194304,30179471,138978,2414,29,2266,0,237,49999,50074,flow=80
axis_concur100,edgecc_no_utility,0,true,4194304,16792519,249772,40,3,32,0,15988,34123,44770,flow=81
axis_concur100,edgecc_no_utility,0,true,4194304,19655187,213394,2177,11,2112,0,13180,49567,50073,flow=82
axis_concur100,edgecc_no_utility,0,true,4194304,31528563,133031,46,3,38,0,8617,34942,49968,flow=83
axis_concur100,edgecc_no_utility,0,true,4194304,20133790,208321,42,3,37,0,15403,27571,44887,flow=84
axis_concur100,edgecc_no_utility,0,true,4194304,34829280,120424,55,6,38,0,10138,34357,49684,flow=85
axis_concur100,edgecc_no_utility,0,true,4194304,23392644,179300,2400,11,2329,0,13882,50044,50076,flow=86
axis_concur100,edgecc_no_utility,0,true,4194304,25282576,165897,2028,9,1972,0,12478,49801,50071,flow=87
axis_concur100,edgecc_no_utility,0,true,4194304,21710533,193192,405,5,379,0,17952,41319,50035,flow=88
axis_concur100,edgecc_no_utility,0,true,4194304,25179949,166573,2416,17,2253,0,8968,50024,50073,flow=89
axis_concur100,edgecc_no_utility,0,true,4194304,26815351,156414,2254,15,2170,0,8946,50035,50076,flow=90
axis_concur100,edgecc_no_utility,0,true,4194304,26776950,156638,1351,13,1287,0,12595,49099,50064,flow=91
axis_concur100,edgecc_no_utility,0,true,4194304,23409492,179171,1551,12,1488,0,17350,50013,50071,flow=92
axis_concur100,edgecc_no_utility,0,true,4194304,21207360,197775,1415,9,1365,0,14935,49918,50069,flow=93
axis_concur100,edgecc_no_utility,0,true,4194304,28867055,145297,1229,10,1174,0,12478,42664,50066,flow=94
axis_concur100,edgecc_no_utility,0,true,4194304,27509153,152469,1303,10,1244,0,14467,49975,50065,flow=95
axis_concur100,edgecc_no_utility,0,true,4194304,22688058,184868,1444,15,1363,0,16690,48817,50065,flow=96
axis_concur100,edgecc_no_utility,0,true,4194304,17602956,238272,1748,7,1703,0,15403,50047,50074,flow=97
axis_concur100,edgecc_no_utility,0,true,4194304,30549196,137296,42,2,38,0,10957,33538,49918,flow=98
axis_concur100,edgecc_no_utility,0,true,4194304,28034169,149613,58,4,49,0,13414,35293,49918,flow=99
axis_concur100,edgecc_no_utility,0,fairness_min=94430,fairness_max=249772,fairness_ratio=0.378
axis_concur100,edgecc_no_utility,1,true,4194304,38867972,107911,1233,10,1197,0,159,47695,50060,flow=0
axis_concur100,edgecc_no_utility,1,true,4194304,25850026,162255,44,1,44,0,10840,28836,49333,flow=1
axis_concur100,edgecc_no_utility,1,true,4194304,32366446,129588,947,10,911,0,2215,37750,50035,flow=2
axis_concur100,edgecc_no_utility,1,true,4194304,20504918,204551,284,5,264,0,16339,29491,49918,flow=3
axis_concur100,edgecc_no_utility,1,true,4194304,31975004,131174,1149,10,1108,0,9787,48957,50063,flow=4
axis_concur100,edgecc_no_utility,1,true,4194304,34534070,121454,1369,10,1325,0,9371,47344,50052,flow=5
axis_concur100,edgecc_no_utility,1,true,4194304,33969568,123472,1620,18,1548,0,14556,50012,50065,flow=6
axis_concur100,edgecc_no_utility,1,true,4194304,31915369,131419,1308,9,1269,0,11776,49980,50072,flow=7
axis_concur100,edgecc_no_utility,1,true,4194304,36778364,114042,1218,10,1175,0,3431,47681,50064,flow=8
axis_concur100,edgecc_no_utility,1,true,4194304,21141332,198393,39,2,34,0,13648,28039,46759,flow=9
axis_concur100,edgecc_no_utility,1,true,4194304,31858866,131652,1635,19,1544,0,12595,49801,50067,flow=10
axis_concur100,edgecc_no_utility,1,true,4194304,32692509,128295,1184,12,1134,0,8968,45823,50055,flow=11
axis_concur100,edgecc_no_utility,1,true,4194304,30811380,136128,623,7,599,0,10484,47667,50038,flow=12
axis_concur100,edgecc_no_utility,1,true,4194304,33066995,126842,1512,13,1454,0,10939,47215,50064,flow=13
axis_concur100,edgecc_no_utility,1,true,4194304,33905752,123704,1078,10,1039,0,1831,37867,50065,flow=14
axis_concur100,edgecc_no_utility,1,true,4194304,22625885,185376,39,1,39,0,12829,30613,50035,flow=15
axis_concur100,edgecc_no_utility,1,true,4194304,22261819,188407,36,1,35,0,13063,43366,49918,flow=16
axis_concur100,edgecc_no_utility,1,true,4194304,30073716,139467,898,4,886,0,7145,44887,49845,flow=17
axis_concur100,edgecc_no_utility,1,true,4194304,35904827,116817,925,14,869,0,3586,37875,50035,flow=18
axis_concur100,edgecc_no_utility,1,true,4194304,37077546,113122,1134,11,1097,0,3489,45386,50018,flow=19
axis_concur100,edgecc_no_utility,1,true,4194304,31949316,131279,75,3,66,0,8734,37750,49918,flow=20
axis_concur100,edgecc_no_utility,1,true,4194304,38416600,109179,1223,13,1170,0,936,41494,50052,flow=21
axis_concur100,edgecc_no_utility,1,true,4194304,33643003,124670,1038,7,988,0,10072,44530,50035,flow=22
axis_concur100,edgecc_no_utility,1,true,4194304,42085765,99660,955,14,909,0,300,25699,43834,flow=23
axis_concur100,edgecc_no_utility,1,true,4194304,32154575,130441,963,14,908,0,1001,45276,50030,flow=24
axis_concur100,edgecc_no_utility,1,true,4194304,39486414,106221,1299,16,1234,0,284,39856,50047,flow=25
axis_concur100,edgecc_no_utility,1,true,4194304,30228203,138754,1454,8,1423,0,10590,45291,50035,flow=26
axis_concur100,edgecc_no_utility,1,true,4194304,35376745,118561,1380,13,1326,0,12890,47429,50067,flow=27
axis_concur100,edgecc_no_utility,1,true,4194304,33411346,125535,1491,12,1442,0,11626,48631,50065,flow=28
axis_concur100,edgecc_no_utility,1,true,4194304,23993542,174809,48,3,39,0,12592,41845,48163,flow=29
axis_concur100,edgecc_no_utility,1,true,4194304,22981600,182507,64,1,64,0,13765,29209,48163,flow=30
axis_concur100,edgecc_no_utility,1,true,4194304,31776380,131994,1051,11,1010,0,8500,47695,50065,flow=31
axis_concur100,edgecc_no_utility,1,true,4194304,31855122,131668,1969,18,1884,0,17509,49999,50063,flow=32
axis_concur100,edgecc_no_utility,1,true,4194304,36288640,115581,1190,13,1137,0,307,38920,50061,flow=33
axis_concur100,edgecc_no_utility,1,true,4194304,41113329,102018,1194,9,1163,0,282,44026,50000,flow=34
axis_concur100,edgecc_no_utility,1,true,4194304,28037181,149597,33,1,32,0,11191,28507,47461,flow=35
axis_concur100,edgecc_no_utility,1,true,4194304,31070510,134993,949,11,909,0,5328,33421,50053,flow=36
axis_concur100,edgecc_no_utility,1,true,4194304,33543148,125042,1132,11,1094,0,5458,45416,50065,flow=37
axis_concur100,edgecc_no_utility,1,true,4194304,28155304,148970,1069,7,1040,0,8734,42547,50035,flow=38
axis_concur100,edgecc_no_utility,1,true,4194304,29485975,142247,52,2,51,0,10138,41143,48865,flow=39
axis_concur100,edgecc_no_utility,1,true,4194304,17704589,236904,44,2,40,0,12478,31549,50035,flow=40
axis_concur100,edgecc_no_utility,1,true,4194304,28071206,149416,38,1,37,0,10723,27922,49801,flow=41
axis_concur100,edgecc_no_utility,1,true,4194304,26041166,161064,39,1,35,0,12339,27805,47461,flow=42
axis_concur100,edgecc_no_utility,1,true,4194304,40924401,102489,1174,15,1117,0,234,32217,49993,flow=43
axis_concur100,edgecc_no_utility,1,true,4194304,43478404,96468,1108,10,1072,0,158,35322,50035,flow=44
axis_concur100,edgecc_no_utility,1,true,4194304,34925681,120092,1116,12,1067,0,2637,35365,50029,flow=45
axis_concur100,edgecc_no_utility,1,true,4194304,33982198,123426,1567,10,1524,0,330,42898,50075,flow=46
axis_concur100,edgecc_no_utility,1,true,4194304,25725677,163039,46,2,41,0,10840,28975,49567,flow=47
axis_concur100,edgecc_no_utility,1,true,4194304,29308243,143110,44,2,39,0,9553,35995,47227,flow=48
axis_concur100,edgecc_no_utility,1,true,4194304,42876704,97822,1431,18,1356,0,132,37984,50045,flow=49
axis_concur100,edgecc_no_utility,1,true,4194304,29316528,143069,64,2,60,0,11542,30613,49684,flow=50
axis_concur100,edgecc_no_utility,1,true,4194304,42334543,99075,1383,13,1330,0,117,38452,50066,flow=51
axis_concur100,edgecc_no_utility,1,true,4194304,40053138,104718,1394,9,1357,0,234,38803,50075,flow=52
axis_concur100,edgecc_no_utility,1,true,4194304,43784075,95795,1335,15,1277,0,117,37633,50066,flow=53
axis_concur100,edgecc_no_utility,1,true,4194304,43078576,97364,1325,11,1280,0,117,39154,50066,flow=54
axis_concur100,edgecc_no_utility,1,true,4194304,42579161,98506,1449,13,1396,0,165,38688,50035,flow=55
axis_concur100,edgecc_no_utility,1,true,4194304,41728638,100513,1416,9,1379,0,163,37984,50019,flow=56
axis_concur100,edgecc_no_utility,1,true,4194304,34297774,122290,1476,18,1402,0,293,43341,50035,flow=57
axis_concur100,edgecc_no_utility,1,true,4194304,42679161,98275,1466,16,1399,0,151,38870,50076,flow=58
axis_concur100,edgecc_no_utility,1,true,4194304,41822156,100289,1453,13,1398,0,117,42079,50076,flow=59
axis_concur100,edgecc_no_utility,1,true,4194304,43330331,96798,1420,21,1335,0,150,34620,50020,flow=60
axis_concur100,edgecc_no_utility,1,true,4194304,40217008,104291,1480,15,1420,0,188,39221,50076,flow=61
axis_concur100,edgecc_no_utility,1,true,4194304,40769816,102877,1473,14,1417,0,117,39505,50076,flow=62
axis_concur100,edgecc_no_utility,1,true,4194304,28594968,146679,1639,12,1574,0,12946,50033,50068,flow=63
axis_concur100,edgecc_no_utility,1,true,4194304,22597593,185608,1966,12,1900,0,10840,49992,50075,flow=64
axis_concur100,edgecc_no_utility,1,true,4194304,29202268,143629,2413,19,2323,0,26401,50037,50062,flow=65
axis_concur100,edgecc_no_utility,1,true,4194304,25165217,166670,2211,17,2123,0,21130,49567,50075,flow=66
axis_concur100,edgecc_no_utility,1,true,4194304,32028172,130956,2042,18,1932,0,2544,49944,50075,flow=67
axis_concur100,edgecc_no_utility,1,true,4194304,10979422,382015,63,4,50,0,22189,43366,44302,flow=68
axis_concur100,edgecc_no_utility,1,true,4194304,20453343,205066,1992,8,1946,0,10840,50003,50076,flow=69
axis_concur100,edgecc_no_utility,1,true,4194304,29184204,143718,2256,17,2170,0,3276,50038,50074,flow=70
axis_concur100,edgecc_no_utility,1,true,4194304,24371564,172098,2228,12,2159,0,7564,45121,50073,flow=71
axis_concur100,edgecc_no_utility,1,true,4194304,31563057,132886,2096,20,1987,0,506,45004,50073,flow=72
axis_concur100,edgecc_no_utility,1,true,4194304,11344791,369711,29,2,24,0,20317,43812,48492,flow=73
axis_concur100,edgecc_no_utility,1,true,4194304,22783661,184092,2361,13,2288,0,7096,50035,50066,flow=74
axis_concur100,edgecc_no_utility,1,true,4194304,25924277,161790,2097,11,2033,0,7915,40480,50073,flow=75
axis_concur100,edgecc_no_utility,1,true,4194304,29427358,142530,2911,26,2770,0,50029,50072,50074,flow=76
axis_concur100,edgecc_no_utility,1,true,4194304,32915960,127424,884,8,854,0,14116,47432,49997,flow=77
axis_concur100,edgecc_no_utility,1,true,4194304,27840760,150653,2904,19,2797,0,50044,50073,50075,flow=78
axis_concur100,edgecc_no_utility,1,true,4194304,29379632,142762,67,2,63,0,10372,36463,50035,flow=79
axis_concur100,edgecc_no_utility,1,true,4194304,33623312,124743,2193,17,2094,0,351,49684,50074,flow=80
axis_concur100,edgecc_no_utility,1,true,4194304,25880658,162063,2142,16,2062,0,4990,50035,50073,flow=81
axis_concur100,edgecc_no_utility,1,true,4194304,29505375,142153,2874,20,2768,0,50004,50073,50074,flow=82
axis_concur100,edgecc_no_utility,1,true,4194304,15680299,267488,2230,11,2167,0,20668,45823,50072,flow=83
axis_concur100,edgecc_no_utility,1,true,4194304,36626042,114516,2157,22,2038,0,241,40909,50035,flow=84
axis_concur100,edgecc_no_utility,1,true,4194304,31094054,134890,2152,24,2023,0,1755,47063,50073,flow=85
axis_concur100,edgecc_no_utility,1,true,4194304,34681470,120937,2102,14,2030,0,344,47110,50073,flow=86
axis_concur100,edgecc_no_utility,1,true,4194304,33670519,124569,2271,16,2183,0,468,50050,50076,flow=87
axis_concur100,edgecc_no_utility,1,true,4194304,34435708,121801,2142,20,2034,0,330,49579,50073,flow=88
axis_concur100,edgecc_no_utility,1,true,4194304,31594423,132754,2139,12,2076,0,1202,44653,50055,flow=89
axis_concur100,edgecc_no_utility,1,true,4194304,30953433,135503,1105,8,1053,0,8500,44026,50035,flow=90
axis_concur100,edgecc_no_utility,1,true,4194304,27029677,155174,73,4,60,0,10138,37892,49450,flow=91
axis_concur100,edgecc_no_utility,1,true,4194304,20755605,202080,46,2,39,0,12478,27688,48163,flow=92
axis_concur100,edgecc_no_utility,1,true,4194304,16218711,258608,57,3,49,0,15986,35761,49450,flow=93
axis_concur100,edgecc_no_utility,1,true,4194304,24391900,171954,1373,11,1305,0,9436,49918,50066,flow=94
axis_concur100,edgecc_no_utility,1,true,4194304,11480957,365327,76,4,63,0,19966,38452,44887,flow=95
axis_concur100,edgecc_no_utility,1,true,4194304,20196784,207671,1440,9,1383,0,15988,50035,50071,flow=96
axis_concur100,edgecc_no_utility,1,true,4194304,20689171,202729,1461,15,1393,0,18211,46876,50068,flow=97
axis_concur100,edgecc_no_utility,1,true,4194304,33571898,124934,57,3,52,0,7096,30613,48906,flow=98
axis_concur100,edgecc_no_utility,1,true,4194304,30381501,138054,1403,12,1339,0,8383,49918,50062,flow=99
axis_concur100,edgecc_no_utility,1,fairness_min=95795,fairness_max=382015,fairness_ratio=0.251
axis_concur100,edgecc_no_utility,2,true,4194304,43308982,96846,2682,36,2542,0,117,50062,50071,flow=0
axis_concur100,edgecc_no_utility,2,true,4194304,20681821,202801,257,2,251,0,16573,37633,47519,flow=1
axis_concur100,edgecc_no_utility,2,true,4194304,30127446,139218,45,2,41,0,7096,32368,46642,flow=2
axis_concur100,edgecc_no_utility,2,true,4194304,29697136,141235,1031,10,997,0,9904,45679,50038,flow=3
axis_concur100,edgecc_no_utility,2,true,4194304,25913137,161860,32,2,28,0,10957,32836,48046,flow=4
axis_concur100,edgecc_no_utility,2,true,4194304,38453295,109075,963,8,934,0,3235,36225,48738,flow=5
axis_concur100,edgecc_no_utility,2,true,4194304,29800858,140744,864,7,834,0,2277,28975,50056,flow=6
axis_concur100,edgecc_no_utility,2,true,4194304,33763275,124226,1248,10,1209,0,9787,47941,50065,flow=7
axis_concur100,edgecc_no_utility,2,true,4194304,15533738,270012,30,1,30,0,15988,28273,43929,flow=8
axis_concur100,edgecc_no_utility,2,true,4194304,42621592,98407,854,11,808,0,873,38218,50058,flow=9
axis_concur100,edgecc_no_utility,2,true,4194304,24351579,172239,32,1,30,0,14584,35410,50035,flow=10
axis_concur100,edgecc_no_utility,2,true,4194304,27348496,153365,1383,14,1330,0,17041,48621,50064,flow=11
axis_concur100,edgecc_no_utility,2,true,4194304,33705179,124440,1022,13,967,0,2564,40818,50051,flow=12
axis_concur100,edgecc_no_utility,2,true,4194304,29933469,140120,863,9,826,0,2162,25084,49216,flow=13
axis_concur100,edgecc_no_utility,2,true,4194304,39734339,105558,1186,15,1130,0,1569,33989,49026,flow=14
axis_concur100,edgecc_no_utility,2,true,4194304,38938733,107715,2041,22,1956,0,23856,50067,50075,flow=15
axis_concur100,edgecc_no_utility,2,true,4194304,35281189,118882,1106,7,1082,0,4405,44799,50035,flow=16
axis_concur100,edgecc_no_utility,2,true,4194304,27229603,154034,48,3,44,0,10606,33538,48524,flow=17
axis_concur100,edgecc_no_utility,2,true,4194304,22747697,184383,41,2,36,0,17626,40190,46408,flow=18
axis_concur100,edgecc_no_utility,2,true,4194304,39370206,106534,1443,16,1382,0,10306,46989,50056,flow=19
axis_concur100,edgecc_no_utility,2,true,4194304,35524720,118067,1369,13,1317,0,15403,47330,50065,flow=20
axis_concur100,edgecc_no_utility,2,true,4194304,35517166,118092,1281,14,1226,0,8658,45790,49990,flow=21
axis_concur100,edgecc_no_utility,2,true,4194304,36755965,114112,975,10,942,0,8535,48397,50070,flow=22
axis_concur100,edgecc_no_utility,2,true,4194304,33568567,124947,1121,14,1064,0,8945,45538,50061,flow=23
axis_concur100,edgecc_no_utility,2,true,4194304,35472059,118242,1047,13,998,0,8023,44673,50016,flow=24
axis_concur100,edgecc_no_utility,2,true,4194304,31847327,131700,1252,10,1215,0,13531,49540,50067,flow=25
axis_concur100,edgecc_no_utility,2,true,4194304,22043540,190273,40,2,34,0,16924,35293,47461,flow=26
axis_concur100,edgecc_no_utility,2,true,4194304,37410457,112115,1280,10,1239,0,1332,37399,50035,flow=27
axis_concur100,edgecc_no_utility,2,true,4194304,48829803,85896,975,11,942,0,117,27315,47907,flow=28
axis_concur100,edgecc_no_utility,2,true,4194304,35466465,118261,1293,8,1259,0,472,40844,49947,flow=29
axis_concur100,edgecc_no_utility,2,true,4194304,33967397,123480,1211,13,1161,0,9951,45905,50035,flow=30
axis_concur100,edgecc_no_utility,2,true,4194304,33466110,125329,1274,10,1234,0,10862,48280,50059,flow=31
axis_concur100,edgecc_no_utility,2,true,4194304,37599013,111553,1001,14,946,0,1170,39973,50007,flow=32
axis_concur100,edgecc_no_utility,2,true,4194304,18749322,223704,37,2,30,0,17977,36580,50035,flow=33
axis_concur100,edgecc_no_utility,2,true,4194304,27788967,150934,45,2,41,0,12105,28975,49099,flow=34
axis_concur100,edgecc_no_utility,2,true,4194304,32742366,128100,933,7,909,0,1831,40404,49684,flow=35
axis_concur100,edgecc_no_utility,2,true,4194304,34161680,122778,1322,11,1275,0,7915,45978,50055,flow=36
axis_concur100,edgecc_no_utility,2,true,4194304,34061351,123139,1104,11,1064,0,8500,45238,50035,flow=37
axis_concur100,edgecc_no_utility,2,true,4194304,34074066,123093,1521,8,1486,0,9553,50020,50069,flow=38
axis_concur100,edgecc_no_utility,2,true,4194304,21630903,193903,52,3,43,0,16690,37048,50035,flow=39
axis_concur100,edgecc_no_utility,2,true,4194304,36121850,116115,1194,15,1142,0,4522,45189,50048,flow=40
axis_concur100,edgecc_no_utility,2,true,4194304,39651481,105779,1320,16,1253,0,9904,45456,50035,flow=41
axis_concur100,edgecc_no_utility,2,true,4194304,34817540,120465,1216,15,1161,0,9999,44519,49956,flow=42
axis_concur100,edgecc_no_utility,2,true,4194304,19345276,216812,36,2,32,0,16807,35527,49450,flow=43
axis_concur100,edgecc_no_utility,2,true,4194304,35290688,118850,1052,14,996,0,9729,39771,50061,flow=44
axis_concur100,edgecc_no_utility,2,true,4194304,34833209,120411,1078,10,1039,0,8213,43477,50035,flow=45
axis_concur100,edgecc_no_utility,2,true,4194304,36992505,113382,1132,10,1096,0,3742,44293,49831,flow=46
axis_concur100,edgecc_no_utility,2,true,4194304,36247927,115711,1309,5,1286,0,2065,36697,50035,flow=47
axis_concur100,edgecc_no_utility,2,true,4194304,36766584,114079,1146,15,1088,0,2104,40252,50035,flow=48
axis_concur100,edgecc_no_utility,2,true,4194304,42819942,97952,1607,10,1568,0,117,36814,50075,flow=49
axis_concur100,edgecc_no_utility,2,true,4194304,44172516,94952,1672,23,1579,0,117,39739,50075,flow=50
axis_concur100,edgecc_no_utility,2,true,4194304,42257238,99256,1423,11,1369,0,210,36931,50066,flow=51
axis_concur100,edgecc_no_utility,2,true,4194304,23570887,177944,51,3,43,0,13531,32251,48046,flow=52
axis_concur100,edgecc_no_utility,2,true,4194304,27719556,151312,1466,14,1409,0,1246,22346,50045,flow=53
axis_concur100,edgecc_no_utility,2,true,4194304,37099902,113054,1477,17,1408,0,319,40441,50072,flow=54
axis_concur100,edgecc_no_utility,2,true,4194304,27653410,151674,1929,12,1864,0,11074,37750,50035,flow=55
axis_concur100,edgecc_no_utility,2,true,4194304,32665029,128403,1898,18,1786,0,1563,40558,50067,flow=56
axis_concur100,edgecc_no_utility,2,true,4194304,39851739,105247,1480,14,1424,0,234,40103,50072,flow=57
axis_concur100,edgecc_no_utility,2,true,4194304,36471784,115001,1887,16,1798,0,544,40558,50066,flow=58
axis_concur100,edgecc_no_utility,2,true,4194304,26912353,155850,56,3,47,0,13765,35878,50035,flow=59
axis_concur100,edgecc_no_utility,2,true,4194304,40002885,104850,1863,23,1752,0,225,35280,47056,flow=60
axis_concur100,edgecc_no_utility,2,true,4194304,20084460,208833,62,3,54,0,15871,39518,49450,flow=61
axis_concur100,edgecc_no_utility,2,true,4194304,19055138,220114,1968,13,1899,0,26284,49333,50075,flow=62
axis_concur100,edgecc_no_utility,2,true,4194304,36477016,114984,2046,21,1946,0,278,39401,48777,flow=63
axis_concur100,edgecc_no_utility,2,true,4194304,36822265,113906,1949,21,1837,0,494,45745,50075,flow=64
axis_concur100,edgecc_no_utility,2,true,4194304,27008290,155296,57,4,44,0,12946,35995,49684,flow=65
axis_concur100,edgecc_no_utility,2,true,4194304,37146322,112913,1977,20,1870,0,332,41260,50062,flow=66
axis_concur100,edgecc_no_utility,2,true,4194304,37952618,110514,2013,24,1889,0,246,39973,50066,flow=67
axis_concur100,edgecc_no_utility,2,true,4194304,32244655,130077,1877,13,1800,0,2223,40647,50075,flow=68
axis_concur100,edgecc_no_utility,2,true,4194304,31019800,135213,2057,13,1985,0,3820,40207,50050,flow=69
axis_concur100,edgecc_no_utility,2,true,4194304,28230095,148575,2065,16,1999,0,25700,50061,50073,flow=70
axis_concur100,edgecc_no_utility,2,true,4194304,22603224,185562,2503,14,2430,0,41078,50070,50076,flow=71
axis_concur100,edgecc_no_utility,2,true,4194304,30381059,138056,2074,18,1968,0,2767,50024,50076,flow=72
axis_concur100,edgecc_no_utility,2,true,4194304,23916483,175372,71,2,67,0,14350,34398,50035,flow=73
axis_concur100,edgecc_no_utility,2,true,4194304,28406119,147654,2430,22,2323,0,30702,50064,50073,flow=74
axis_concur100,edgecc_no_utility,2,true,4194304,35324893,118735,2164,24,2030,0,357,41494,50073,flow=75
axis_concur100,edgecc_no_utility,2,true,4194304,35227701,119062,2163,21,2037,0,429,41728,50073,flow=76
axis_concur100,edgecc_no_utility,2,true,4194304,25937209,161709,2915,22,2791,0,50048,50073,50075,flow=77
axis_concur100,edgecc_no_utility,2,true,4194304,30951872,135510,2327,19,2224,0,1281,49980,50072,flow=78
axis_concur100,edgecc_no_utility,2,true,4194304,29252070,143384,2158,19,2057,0,1422,49333,50066,flow=79
axis_concur100,edgecc_no_utility,2,true,4194304,26609077,157626,46,4,38,0,9787,37516,46642,flow=80
axis_concur100,edgecc_no_utility,2,true,4194304,16589524,252828,38,2,34,0,18913,42284,43805,flow=81
axis_concur100,edgecc_no_utility,2,true,4194304,23989795,174837,71,3,62,0,14467,39622,48514,flow=82
axis_concur100,edgecc_no_utility,2,true,4194304,33010789,127058,2196,18,2093,0,1246,45823,50073,flow=83
axis_concur100,edgecc_no_utility,2,true,4194304,20151479,208138,2846,18,2739,0,42781,50073,50074,flow=84
axis_concur100,edgecc_no_utility,2,true,4194304,28634929,146475,2423,21,2315,0,2299,50035,50076,flow=85
axis_concur100,edgecc_no_utility,2,true,4194304,26950824,155628,2497,15,2427,0,32953,50040,50073,flow=86
axis_concur100,edgecc_no_utility,2,true,4194304,25592443,163888,50,3,42,0,11308,32017,48748,flow=87
axis_concur100,edgecc_no_utility,2,true,4194304,34570677,121325,2354,22,2209,0,351,44419,50073,flow=88
axis_concur100,edgecc_no_utility,2,true,4194304,24322936,172442,2183,9,2127,0,15286,46057,50068,flow=89
axis_concur100,edgecc_no_utility,2,true,4194304,29472532,142312,2144,13,2077,0,4990,43324,50072,flow=90
axis_concur100,edgecc_no_utility,2,true,4194304,22195618,188969,1222,9,1171,0,16317,39126,50060,flow=91
axis_concur100,edgecc_no_utility,2,true,4194304,26629207,157507,1600,14,1529,0,18445,49960,50053,flow=92
axis_concur100,edgecc_no_utility,2,true,4194304,26175864,160235,1216,13,1146,0,13999,39675,50063,flow=93
axis_concur100,edgecc_no_utility,2,true,4194304,25184129,166545,1256,12,1187,0,13999,43717,50066,flow=94
axis_concur100,edgecc_no_utility,2,true,4194304,25514660,164388,1675,13,1604,0,14701,50044,50071,flow=95
axis_concur100,edgecc_no_utility,2,true,4194304,26902313,155908,59,3,51,0,10350,36580,50035,flow=96
axis_concur100,edgecc_no_utility,2,true,4194304,25799957,162570,75,3,66,0,15052,40723,49333,flow=97
axis_concur100,edgecc_no_utility,2,true,4194304,31224482,134327,1367,11,1302,0,8219,46354,50069,flow=98
axis_concur100,edgecc_no_utility,2,true,4194304,27065866,154966,1541,16,1464,0,17275,49333,50067,flow=99
axis_concur100,edgecc_no_utility,2,fairness_min=85896,fairness_max=270012,fairness_ratio=0.318
axis_concur100,edgecc_no_belief,0,true,4194304,36821115,113910,3247,26,2788,0,50035,50075,50076,flow=0
axis_concur100,edgecc_no_belief,0,true,4194304,36829145,113885,2908,27,2772,0,50053,50071,50071,flow=1
axis_concur100,edgecc_no_belief,0,true,4194304,37905199,110652,2939,31,2791,0,50062,50071,50071,flow=2
axis_concur100,edgecc_no_belief,0,true,4194304,35721847,117415,2885,20,2771,0,50053,50071,50071,flow=3
axis_concur100,edgecc_no_belief,0,true,4194304,33797556,124100,2926,24,2742,0,50050,50075,50076,flow=4
axis_concur100,edgecc_no_belief,0,true,4194304,37812943,110922,36,2,32,0,117,471,27103,flow=5
axis_concur100,edgecc_no_belief,0,true,4194304,38061283,110198,2919,24,2817,0,47704,50076,50076,flow=6
axis_concur100,edgecc_no_belief,0,true,4194304,36567722,114699,2925,30,2745,0,50052,50074,50076,flow=7
axis_concur100,edgecc_no_belief,0,true,4194304,35948397,116675,2904,22,2785,0,50061,50075,50076,flow=8
axis_concur100,edgecc_no_belief,0,true,4194304,29995712,139830,2733,19,2555,0,50020,50071,50075,flow=9
axis_concur100,edgecc_no_belief,0,true,4194304,3170067,1323096,62,0,62,0,26752,28156,46876,flow=10
axis_concur100,edgecc_no_belief,0,true,4194304,38128867,110003,69,2,65,0,117,468,26752,flow=11
axis_concur100,edgecc_no_belief,0,true,4194304,38380739,109281,65,3,57,0,117,351,26635,flow=12
axis_concur100,edgecc_no_belief,0,true,4194304,37577931,111616,63,2,55,0,117,541,28273,flow=13
axis_concur100,edgecc_no_belief,0,true,4194304,38275093,109583,73,3,65,0,117,468,26869,flow=14
axis_concur100,edgecc_no_belief,0,true,4194304,37931346,110576,52,3,44,0,117,412,26635,flow=15
axis_concur100,edgecc_no_belief,0,true,4194304,37972870,110455,39,2,35,0,117,468,26635,flow=16
axis_concur100,edgecc_no_belief,0,true,4194304,37726644,111176,63,2,55,0,117,585,26986,flow=17
axis_concur100,edgecc_no_belief,0,true,4194304,38023923,110306,54,2,50,0,117,351,26635,flow=18
axis_concur100,edgecc_no_belief,0,true,4194304,38125210,110013,46,2,42,0,117,351,26635,flow=19
axis_concur100,edgecc_no_belief,0,true,4194304,38275912,109580,73,3,65,0,117,356,26869,flow=20
axis_concur100,edgecc_no_belief,0,true,4194304,38388461,109259,80,3,72,0,117,354,26869,flow=21
axis_concur100,edgecc_no_belief,0,true,4194304,37732026,111160,64,2,53,0,117,468,26752,flow=22
axis_concur100,edgecc_no_belief,0,true,4194304,38137291,109979,61,3,53,0,117,351,26635,flow=23
axis_concur100,edgecc_no_belief,0,true,4194304,37826146,110883,37,3,30,0,117,499,27220,flow=24
axis_concur100,edgecc_no_belief,0,true,4194304,38134366,109987,72,2,68,0,117,351,26752,flow=25
axis_concur100,edgecc_no_belief,0,true,4194304,38228399,109716,59,4,48,0,117,455,26752,flow=26
axis_concur100,edgecc_no_belief,0,true,4194304,38284951,109554,48,4,36,0,117,388,26752,flow=27
axis_concur100,edgecc_no_belief,0,true,4194304,38133196,109990,44,2,40,0,117,424,26635,flow=28
axis_concur100,edgecc_no_belief,0,true,4194304,38136355,109981,57,2,53,0,117,351,26752,flow=29
axis_concur100,edgecc_no_belief,0,true,4194304,38235770,109695,60,2,56,0,117,351,26752,flow=30
axis_concur100,edgecc_no_belief,0,true,4194304,38130622,109998,56,2,52,0,117,351,26752,flow=31
axis_concur100,edgecc_no_belief,0,true,4194304,37980622,110432,52,2,48,0,117,351,26752,flow=32
axis_concur100,edgecc_no_belief,0,true,4194304,38301032,109508,68,3,60,0,117,351,26869,flow=33
axis_concur100,edgecc_no_belief,0,true,4194304,37881697,110721,47,2,43,0,117,351,26752,flow=34
axis_concur100,edgecc_no_belief,0,true,4194304,37984622,110421,38,2,34,0,117,351,26635,flow=35
axis_concur100,edgecc_no_belief,0,true,4194304,38150096,109942,55,3,47,0,117,351,26752,flow=36
axis_concur100,edgecc_no_belief,0,true,4194304,38534600,108845,62,3,54,0,117,351,26752,flow=37
axis_concur100,edgecc_no_belief,0,true,4194304,37838812,110846,68,2,56,0,117,374,26986,flow=38
axis_concur100,edgecc_no_belief,0,true,4194304,38445810,109096,74,5,59,0,117,355,26752,flow=39
axis_concur100,edgecc_no_belief,0,true,4194304,37991737,110400,40,2,36,0,117,351,26752,flow=40
axis_concur100,edgecc_no_belief,0,true,4194304,38086589,110125,41,2,37,0,117,351,26635,flow=41
axis_concur100,edgecc_no_belief,0,true,4194304,37943236,110541,61,2,57,0,117,351,26869,flow=42
axis_concur100,edgecc_no_belief,0,true,4194304,38044757,110246,54,2,50,0,117,351,26752,flow=43
axis_concur100,edgecc_no_belief,0,true,4194304,37996183,110387,66,2,62,0,117,351,26869,flow=44
axis_concur100,edgecc_no_belief,0,true,4194304,38295693,109524,66,2,62,0,117,351,26752,flow=45
axis_concur100,edgecc_no_belief,0,true,4194304,38094055,110103,70,2,66,0,117,351,26869,flow=46
axis_concur100,edgecc_no_belief,0,true,4194304,38046651,110241,67,2,63,0,117,351,26869,flow=47
axis_concur100,edgecc_no_belief,0,true,4194304,38101768,110081,67,3,59,0,117,415,26869,flow=48
axis_concur100,edgecc_no_belief,0,true,4194304,38249745,109655,54,3,46,0,117,351,26752,flow=49
axis_concur100,edgecc_no_belief,0,true,4194304,38193353,109817,46,2,41,0,117,351,26752,flow=50
axis_concur100,edgecc_no_belief,0,true,4194304,38241620,109679,51,2,46,0,117,351,26752,flow=51
axis_concur100,edgecc_no_belief,0,true,4194304,38140684,109969,46,4,33,0,117,351,26752,flow=52
axis_concur100,edgecc_no_belief,0,true,4194304,38040918,110257,43,2,38,0,117,351,26752,flow=53
axis_concur100,edgecc_no_belief,0,true,4194304,37839280,110845,56,2,52,0,117,351,26869,flow=54
axis_concur100,edgecc_no_belief,0,true,4194304,38047119,110239,41,2,36,0,117,351,26752,flow=55
axis_concur100,edgecc_no_belief,0,true,4194304,37742088,111130,64,2,52,0,117,351,27220,flow=56
axis_concur100,edgecc_no_belief,0,true,4194304,37858475,110789,46,3,35,0,117,468,26910,flow=57
axis_concur100,edgecc_no_belief,0,true,4194304,38026709,110298,74,2,65,0,117,400,27220,flow=58
axis_concur100,edgecc_no_belief,0,true,4194304,38001149,110373,54,2,44,0,117,390,27220,flow=59
axis_concur100,edgecc_no_belief,0,true,4194304,38009879,110347,44,4,31,0,117,393,26871,flow=60
axis_concur100,edgecc_no_belief,0,true,4194304,37745364,111121,37,2,31,0,117,351,27220,flow=61
axis_concur100,edgecc_no_belief,0,true,4194304,38112219,110051,59,3,47,0,117,468,27454,flow=62
axis_concur100,edgecc_no_belief,0,true,4194304,38167100,109893,69,3,59,0,117,468,27805,flow=63
axis_concur100,edgecc_no_belief,0,true,4194304,37647756,111409,41,2,34,0,117,412,28273,flow=64
axis_concur100,edgecc_no_belief,0,true,4194304,38117707,110035,57,3,49,0,117,544,28458,flow=65
axis_concur100,edgecc_no_belief,0,true,4194304,37747002,111116,60,2,52,0,117,375,29243,flow=66
axis_concur100,edgecc_no_belief,0,true,4194304,37217736,112696,68,2,60,0,117,585,49801,flow=67
axis_concur100,edgecc_no_belief,0,true,4194304,37706486,111235,70,2,57,0,117,436,32175,flow=68
axis_concur100,edgecc_no_belief,0,true,4194304,38004965,110362,43,2,39,0,117,468,27220,flow=69
axis_concur100,edgecc_no_belief,0,true,4194304,37570625,111637,46,2,38,0,117,585,49450,flow=70
axis_concur100,edgecc_no_belief,0,true,4194304,37556954,111678,135,3,113,0,117,432,49346,flow=71
axis_concur100,edgecc_no_belief,0,true,4194304,37466866,111947,39,2,32,0,117,541,28273,flow=72
axis_concur100,edgecc_no_belief,0,true,4194304,37855550,110797,48,3,36,0,117,468,27805,flow=73
axis_concur100,edgecc_no_belief,0,true,4194304,37704146,111242,57,2,52,0,117,468,33067,flow=74
axis_concur100,edgecc_no_belief,0,true,4194304,38112804,110049,62,2,54,0,117,459,28039,flow=75
axis_concur100,edgecc_no_belief,0,true,4194304,37420764,112084,75,2,65,0,117,585,49333,flow=76
axis_concur100,edgecc_no_belief,0,true,4194304,37454965,111982,52,2,45,0,117,354,33902,flow=77
axis_concur100,edgecc_no_belief,0,true,4194304,37652704,111394,65,2,53,0,117,505,49216,flow=78
axis_concur100,edgecc_no_belief,0,true,4194304,37751417,111103,47,2,39,0,117,468,28273,flow=79
axis_concur100,edgecc_no_belief,0,true,4194304,37110815,113021,65,2,55,0,117,585,49972,flow=80
axis_concur100,edgecc_no_belief,0,true,4194304,37412102,112110,72,2,61,0,117,585,49918,flow=81
axis_concur100,edgecc_no_belief,0,true,4194304,25740096,162948,497,4,451,0,117,50050,50071,flow=82
axis_concur100,edgecc_no_belief,0,true,4194304,37968906,110466,57,3,47,0,117,507,36858,flow=83
axis_concur100,edgecc_no_belief,0,true,4194304,24181772,173448,2585,15,2253,0,49918,50069,50072,flow=84
axis_concur100,edgecc_no_belief,0,true,4194304,37914325,110625,37,2,33,0,117,561,31984,flow=85
axis_concur100,edgecc_no_belief,0,true,4194304,33255788,126122,1510,13,1413,0,117,50062,50071,flow=86
axis_concur100,edgecc_no_belief,0,true,4194304,37056486,113186,67,2,57,0,117,585,50035,flow=87
axis_concur100,edgecc_no_belief,0,true,4194304,30060849,139527,471,2,433,0,117,50045,50071,flow=88
axis_concur100,edgecc_no_belief,0,true,4194304,37012336,113321,58,2,49,0,117,585,50035,flow=89
axis_concur100,edgecc_no_belief,0,true,4194304,37815813,110914,45,2,38,0,117,468,33805,flow=90
axis_concur100,edgecc_no_belief,0,true,4194304,37456252,111978,59,2,49,0,117,585,49801,flow=91
axis_concur100,edgecc_no_belief,0,true,4194304,38017217,110326,88,4,65,0,117,468,49538,flow=92
axis_concur100,edgecc_no_belief,0,true,4194304,38309996,109483,67,3,57,0,117,440,35209,flow=93
axis_concur100,edgecc_no_belief,0,true,4194304,37709060,111228,55,2,49,0,117,468,39888,flow=94
axis_concur100,edgecc_no_belief,0,true,4194304,37810369,110929,79,3,56,0,117,585,49772,flow=95
axis_concur100,edgecc_no_belief,0,true,4194304,37268541,112542,89,3,62,0,117,585,49801,flow=96
axis_concur100,edgecc_no_belief,0,true,4194304,30254648,138633,685,2,638,0,117,50058,50073,flow=97
axis_concur100,edgecc_no_belief,0,true,4194304,37570391,111638,34,2,26,0,117,537,28431,flow=98
axis_concur100,edgecc_no_belief,0,true,4194304,34460387,121713,335,1,257,0,117,49975,50068,flow=99
axis_concur100,edgecc_no_belief,0,fairness_min=108845,fairness_max=1323096,fairness_ratio=0.082
axis_concur100,edgecc_no_belief,1,true,4194304,36037084,116388,3014,22,2777,0,50035,50075,50076,flow=0
axis_concur100,edgecc_no_belief,1,true,4194304,36920662,113603,2920,27,2797,0,50035,50071,50071,flow=1
axis_concur100,edgecc_no_belief,1,true,4194304,36096230,116197,2900,27,2774,0,50044,50071,50071,flow=2
axis_concur100,edgecc_no_belief,1,true,4194304,28979187,144735,679,2,670,0,117,50046,50070,flow=3
axis_concur100,edgecc_no_belief,1,true,4194304,34156916,122795,2966,20,2824,0,43799,50076,50076,flow=4
axis_concur100,edgecc_no_belief,1,true,4194304,33150598,126522,2969,25,2793,0,50061,50076,50076,flow=5
axis_concur100,edgecc_no_belief,1,true,4194304,34659373,121014,2949,24,2809,0,50060,50075,50076,flow=6
axis_concur100,edgecc_no_belief,1,true,4194304,35265925,118933,2947,24,2785,0,50061,50075,50076,flow=7
axis_concur100,edgecc_no_belief,1,true,4194304,37954576,110508,39,1,36,0,117,7915,15520,flow=8
axis_concur100,edgecc_no_belief,1,true,4194304,38187242,109835,33,1,33,0,117,6862,14467,flow=9
axis_concur100,edgecc_no_belief,1,true,4194304,34436251,121799,2879,26,2719,0,50051,50074,50076,flow=10
axis_concur100,edgecc_no_belief,1,true,4194304,36176395,115940,2907,22,2803,0,50052,50075,50076,flow=11
axis_concur100,edgecc_no_belief,1,true,4194304,37853523,110803,45,1,41,0,117,7096,15520,flow=12
axis_concur100,edgecc_no_belief,1,true,4194304,33437867,125435,2884,18,2779,0,50051,50075,50076,flow=13
axis_concur100,edgecc_no_belief,1,true,4194304,38089878,110115,49,1,49,0,117,6979,14818,flow=14
axis_concur100,edgecc_no_belief,1,true,4194304,38038061,110265,30,1,29,0,117,6862,14467,flow=15
axis_concur100,edgecc_no_belief,1,true,4194304,38360543,109339,79,3,71,0,117,7096,14818,flow=16
axis_concur100,edgecc_no_belief,1,true,4194304,38242817,109675,57,2,53,0,117,7213,14584,flow=17
axis_concur100,edgecc_no_belief,1,true,4194304,38130139,109999,52,1,52,0,117,7582,15169,flow=18
axis_concur100,edgecc_no_belief,1,true,4194304,38283465,109559,61,2,57,0,117,7213,14467,flow=19
axis_concur100,edgecc_no_belief,1,true,4194304,37902704,110659,57,1,53,0,117,7915,14818,flow=20
axis_concur100,edgecc_no_belief,1,true,4194304,38289465,109541,42,2,42,0,117,7330,15169,flow=21
axis_concur100,edgecc_no_belief,1,true,4194304,37934986,110565,57,1,53,0,117,7915,15286,flow=22
axis_concur100,edgecc_no_belief,1,true,4194304,38403055,109217,52,1,48,0,117,7915,14935,flow=23
axis_concur100,edgecc_no_belief,1,true,4194304,22813583,183851,58,2,45,0,4288,17275,39973,flow=24
axis_concur100,edgecc_no_belief,1,true,4194304,37748609,111111,49,1,45,0,117,7447,14935,flow=25
axis_concur100,edgecc_no_belief,1,true,4194304,7359036,569952,43,0,43,0,6394,15520,18328,flow=26
axis_concur100,edgecc_no_belief,1,true,4194304,38043636,110249,51,1,51,0,117,7330,14584,flow=27
axis_concur100,edgecc_no_belief,1,true,4194304,37591998,111574,61,1,56,0,117,8968,23476,flow=28
axis_concur100,edgecc_no_belief,1,true,4194304,37993870,110394,48,1,48,0,117,7330,14584,flow=29
axis_concur100,edgecc_no_belief,1,true,4194304,38361011,109337,61,2,52,0,117,8032,14935,flow=30
axis_concur100,edgecc_no_belief,1,true,4194304,37995238,110390,50,2,46,0,117,7447,14625,flow=31
axis_concur100,edgecc_no_belief,1,true,4194304,37937125,110559,38,2,32,0,117,7330,15327,flow=32
axis_concur100,edgecc_no_belief,1,true,4194304,22980747,182513,2584,19,2424,0,49087,50069,50075,flow=33
axis_concur100,edgecc_no_belief,1,true,4194304,38363819,109329,54,3,46,0,117,7915,14997,flow=34
axis_concur100,edgecc_no_belief,1,true,4194304,38305863,109495,37,2,33,0,117,6979,15169,flow=35
axis_concur100,edgecc_no_belief,1,true,4194304,37955746,110505,51,2,43,0,117,8149,15982,flow=36
axis_concur100,edgecc_no_belief,1,true,4194304,22766941,184227,52,1,47,0,570,14467,45940,flow=37
axis_concur100,edgecc_no_belief,1,true,4194304,38361947,109335,52,2,48,0,117,7096,15169,flow=38
axis_concur100,edgecc_no_belief,1,true,4194304,37404693,112133,61,2,48,0,117,10957,49567,flow=39
axis_concur100,edgecc_no_belief,1,true,4194304,38558203,108778,42,3,34,0,117,6862,14818,flow=40
axis_concur100,edgecc_no_belief,1,true,4194304,38585805,108700,75,3,67,0,117,7096,15286,flow=41
axis_concur100,edgecc_no_belief,1,true,4194304,38464404,109043,60,3,52,0,117,7915,15403,flow=42
axis_concur100,edgecc_no_belief,1,true,4194304,38366276,109322,54,2,50,0,117,7096,15169,flow=43
axis_concur100,edgecc_no_belief,1,true,4194304,37707033,111233,62,2,53,0,117,8734,28624,flow=44
axis_concur100,edgecc_no_belief,1,true,4194304,38513819,108903,57,2,53,0,117,7096,15403,flow=45
axis_concur100,edgecc_no_belief,1,true,4194304,38412766,109190,47,2,43,0,117,6979,15520,flow=46
axis_concur100,edgecc_no_belief,1,true,4194304,38417095,109178,57,2,53,0,117,7096,15520,flow=47
axis_concur100,edgecc_no_belief,1,true,4194304,38513234,108905,50,2,46,0,117,7096,15520,flow=48
axis_concur100,edgecc_no_belief,1,true,4194304,38460158,109055,55,2,51,0,117,7096,15520,flow=49
axis_concur100,edgecc_no_belief,1,true,4194304,38873647,107895,78,4,70,0,117,7096,16489,flow=50
axis_concur100,edgecc_no_belief,1,true,4194304,38568499,108749,64,2,60,0,117,7915,15520,flow=51
axis_concur100,edgecc_no_belief,1,true,4194304,38367446,109319,65,2,61,0,117,8032,17392,flow=52
axis_concur100,edgecc_no_belief,1,true,4194304,38361362,109336,67,2,63,0,117,7915,17392,flow=53
axis_concur100,edgecc_no_belief,1,true,4194304,38469318,109029,57,2,53,0,117,7096,15520,flow=54
axis_concur100,edgecc_no_belief,1,true,4194304,38320978,109451,65,2,61,0,117,8032,17392,flow=55
axis_concur100,edgecc_no_belief,1,true,4194304,38231894,109706,51,3,43,0,117,7213,15871,flow=56
axis_concur100,edgecc_no_belief,1,true,4194304,38936529,107721,79,4,71,0,117,7096,17392,flow=57
axis_concur100,edgecc_no_belief,1,true,4194304,38220254,109740,50,2,46,0,117,7915,15403,flow=58
axis_concur100,edgecc_no_belief,1,true,4194304,38214638,109756,60,2,56,0,117,8032,17392,flow=59
axis_concur100,edgecc_no_belief,1,true,4194304,38770839,108181,65,4,53,0,117,7096,15286,flow=60
axis_concur100,edgecc_no_belief,1,true,4194304,38371775,109307,55,2,51,0,117,7901,15520,flow=61
axis_concur100,edgecc_no_belief,1,true,4194304,37337008,112336,53,1,48,0,117,9553,26812,flow=62
axis_concur100,edgecc_no_belief,1,true,4194304,38115808,110041,42,2,34,0,117,7096,17158,flow=63
axis_concur100,edgecc_no_belief,1,true,4194304,38473998,109016,47,3,38,0,117,7096,15520,flow=64
axis_concur100,edgecc_no_belief,1,true,4194304,38480139,108999,47,3,37,0,117,6979,15520,flow=65
axis_concur100,edgecc_no_belief,1,true,4194304,38323296,109445,49,2,45,0,117,7096,15520,flow=66
axis_concur100,edgecc_no_belief,1,true,4194304,38608671,108636,69,2,64,0,117,7915,18679,flow=67
axis_concur100,edgecc_no_belief,1,true,4194304,38327916,109432,64,2,59,0,117,8032,18445,flow=68
axis_concur100,edgecc_no_belief,1,true,4194304,38375927,109295,65,2,60,0,117,7564,18445,flow=69
axis_concur100,edgecc_no_belief,1,true,4194304,38345157,109382,59,1,54,0,117,7330,19498,flow=70
axis_concur100,edgecc_no_belief,1,true,4194304,38052704,110223,67,1,53,0,117,8149,18679,flow=71
axis_concur100,edgecc_no_belief,1,true,4194304,38446642,109094,67,2,58,0,117,7330,19498,flow=72
axis_concur100,edgecc_no_belief,1,true,4194304,38178501,109860,57,2,53,0,117,8149,18445,flow=73
axis_concur100,edgecc_no_belief,1,true,4194304,37896898,110676,54,3,47,0,117,8149,25245,flow=74
axis_concur100,edgecc_no_belief,1,true,4194304,38478618,109003,63,3,52,0,117,7096,17392,flow=75
axis_concur100,edgecc_no_belief,1,true,4194304,37897578,110674,45,2,38,0,117,8149,24679,flow=76
axis_concur100,edgecc_no_belief,1,true,4194304,38124523,110015,62,2,56,0,117,8149,19498,flow=77
axis_concur100,edgecc_no_belief,1,true,4194304,37998514,110380,69,1,67,0,117,7564,20251,flow=78
axis_concur100,edgecc_no_belief,1,true,4194304,32415982,129390,926,6,881,0,117,50052,50072,flow=79
axis_concur100,edgecc_no_belief,1,true,4194304,38331075,109423,66,3,57,0,117,8149,33701,flow=80
axis_concur100,edgecc_no_belief,1,true,4194304,38381894,109278,66,2,62,0,117,8149,18562,flow=81
axis_concur100,edgecc_no_belief,1,true,4194304,38321892,109449,61,2,56,0,117,8266,29476,flow=82
axis_concur100,edgecc_no_belief,1,true,4194304,37996174,110387,64,2,57,0,117,8149,35237,flow=83
axis_concur100,edgecc_no_belief,1,true,4194304,38327448,109433,74,3,64,0,117,7980,19498,flow=84
axis_concur100,edgecc_no_belief,1,true,4194304,38074055,110161,64,2,57,0,117,8032,18445,flow=85
axis_concur100,edgecc_no_belief,1,true,4194304,38028267,110294,62,3,52,0,117,8149,31465,flow=86
axis_concur100,edgecc_no_belief,1,true,4194304,38391143,109251,65,2,61,0,117,7915,18328,flow=87
axis_concur100,edgecc_no_belief,1,true,4194304,6498868,645389,47,0,47,0,7564,17977,36940,flow=88
axis_concur100,edgecc_no_belief,1,true,4194304,37979086,110437,55,2,50,0,117,8149,37516,flow=89
axis_concur100,edgecc_no_belief,1,true,4194304,9161504,457818,51,1,41,0,4522,14584,42003,flow=90
axis_concur100,edgecc_no_belief,1,true,4194304,38186273,109838,64,2,57,0,117,8266,38009,flow=91
axis_concur100,edgecc_no_belief,1,true,4194304,31490558,133192,414,3,387,0,117,50039,50065,flow=92
axis_concur100,edgecc_no_belief,1,true,4194304,37245004,112613,59,1,50,0,117,9202,43524,flow=93
axis_concur100,edgecc_no_belief,1,true,4194304,38192466,109820,63,2,57,0,117,8266,38041,flow=94
axis_concur100,edgecc_no_belief,1,true,4194304,38278501,109573,60,3,51,0,117,7915,38476,flow=95
axis_concur100,edgecc_no_belief,1,true,4194304,37749893,111107,48,2,39,0,117,8617,38910,flow=96
axis_concur100,edgecc_no_belief,1,true,4194304,36848492,113825,63,1,58,0,117,12829,49801,flow=97
axis_concur100,edgecc_no_belief,1,true,4194304,38391728,109250,34,3,25,0,117,6979,15286,flow=98
axis_concur100,edgecc_no_belief,1,true,4194304,38181682,109851,54,3,44,0,117,7915,17977,flow=99
axis_concur100,edgecc_no_belief,1,fairness_min=107721,fairness_max=645389,fairness_ratio=0.167
axis_concur100,edgecc_no_belief,2,true,4194304,36864537,113776,2862,24,2763,0,50043,50075,50076,flow=0
axis_concur100,edgecc_no_belief,2,true,4194304,38382720,109275,40,3,28,0,117,10372,36580,flow=1
axis_concur100,edgecc_no_belief,2,true,4194304,38344948,109383,42,2,34,0,117,10372,36580,flow=2
axis_concur100,edgecc_no_belief,2,true,4194304,37306637,112427,2891,24,2791,0,50045,50075,50076,flow=3
axis_concur100,edgecc_no_belief,2,true,4194304,34494319,121594,2843,22,2676,0,50046,50073,50076,flow=4
axis_concur100,edgecc_no_belief,2,true,4194304,35230029,119054,2891,19,2806,0,50060,50075,50076,flow=5
axis_concur100,edgecc_no_belief,2,true,4194304,33341394,125798,3009,22,2819,0,47045,50076,50076,flow=6
axis_concur100,edgecc_no_belief,2,true,4194304,37551222,111695,2945,28,2797,0,50035,50075,50076,flow=7
axis_concur100,edgecc_no_belief,2,true,4194304,35076753,119575,2867,21,2767,0,50061,50075,50076,flow=8
axis_concur100,edgecc_no_belief,2,true,4194304,38905200,107808,96,3,88,0,117,10138,36229,flow=9
axis_concur100,edgecc_no_belief,2,true,4194304,39040208,107435,74,3,67,0,117,10021,35878,flow=10
axis_concur100,edgecc_no_belief,2,true,4194304,38699584,108381,61,2,57,0,117,9436,35410,flow=11
axis_concur100,edgecc_no_belief,2,true,4194304,37795343,110974,53,2,44,0,117,11776,36697,flow=12
axis_concur100,edgecc_no_belief,2,true,4194304,38852297,107955,61,3,57,0,117,9436,35410,flow=13
axis_concur100,edgecc_no_belief,2,true,4194304,38651924,108514,59,2,55,0,117,9388,35527,flow=14
axis_concur100,edgecc_no_belief,2,true,4194304,38586932,108697,56,3,44,0,117,8361,35407,flow=15
axis_concur100,edgecc_no_belief,2,true,4194304,34254926,122443,2712,24,2605,0,47237,50072,50076,flow=16
axis_concur100,edgecc_no_belief,2,true,4194304,38701573,108375,50,3,38,0,117,9670,24295,flow=17
axis_concur100,edgecc_no_belief,2,true,4194304,37743016,111127,55,2,46,0,117,14701,49216,flow=18
axis_concur100,edgecc_no_belief,2,true,4194304,39211380,106966,67,4,55,0,117,9202,24295,flow=19
axis_concur100,edgecc_no_belief,2,true,4194304,38973663,107618,69,3,61,0,117,9553,35410,flow=20
axis_concur100,edgecc_no_belief,2,true,4194304,38954732,107671,58,2,54,0,117,9787,35410,flow=21
axis_concur100,edgecc_no_belief,2,true,4194304,38758085,108217,52,2,48,0,117,9553,24412,flow=22
axis_concur100,edgecc_no_belief,2,true,4194304,37495460,111861,58,2,49,0,117,14584,49450,flow=23
axis_concur100,edgecc_no_belief,2,true,4194304,38734826,108282,53,2,46,0,117,10489,35878,flow=24
axis_concur100,edgecc_no_belief,2,true,4194304,38661406,108488,63,2,59,0,117,10021,35410,flow=25
axis_concur100,edgecc_no_belief,2,true,4194304,38812459,108065,66,2,62,0,117,10021,35410,flow=26
axis_concur100,edgecc_no_belief,2,true,4194304,38913512,107785,69,3,61,0,117,9904,35410,flow=27
axis_concur100,edgecc_no_belief,2,true,4194304,38964565,107644,74,2,70,0,117,9904,24412,flow=28
axis_concur100,edgecc_no_belief,2,true,4194304,39304593,106712,73,3,65,0,117,9436,24061,flow=29
axis_concur100,edgecc_no_belief,2,true,4194304,38906681,107804,46,2,42,0,117,9436,24412,flow=30
axis_concur100,edgecc_no_belief,2,true,4194304,38964097,107645,59,2,55,0,117,9553,24412,flow=31
axis_concur100,edgecc_no_belief,2,true,4194304,38866743,107914,67,2,63,0,117,9904,35527,flow=32
axis_concur100,edgecc_no_belief,2,true,4194304,38767094,108192,68,2,64,0,117,10134,35527,flow=33
axis_concur100,edgecc_no_belief,2,true,4194304,38810417,108071,39,2,34,0,117,9787,24412,flow=34
axis_concur100,edgecc_no_belief,2,true,4194304,38503328,108933,46,2,39,0,117,10255,35644,flow=35
axis_concur100,edgecc_no_belief,2,true,4194304,39007171,107526,42,3,38,0,117,9787,24412,flow=36
axis_concur100,edgecc_no_belief,2,true,4194304,38920153,107766,74,2,70,0,117,9904,35878,flow=37
axis_concur100,edgecc_no_belief,2,true,4194304,39061640,107376,77,4,65,0,117,9904,35644,flow=38
axis_concur100,edgecc_no_belief,2,true,4194304,38859372,107935,56,2,52,0,117,10021,24412,flow=39
axis_concur100,edgecc_no_belief,2,true,4194304,38815267,108058,42,3,34,0,117,9553,24412,flow=40
axis_concur100,edgecc_no_belief,2,true,4194304,38814682,108059,40,2,36,0,117,9787,24178,flow=41
axis_concur100,edgecc_no_belief,2,true,4194304,38665807,108475,37,2,33,0,117,9904,24412,flow=42
axis_concur100,edgecc_no_belief,2,true,4194304,38920504,107765,35,2,31,0,117,9436,24178,flow=43
axis_concur100,edgecc_no_belief,2,true,4194304,25010032,167704,2722,18,2619,0,50037,50072,50076,flow=44
axis_concur100,edgecc_no_belief,2,true,4194304,38874014,107894,55,2,51,0,117,9780,24328,flow=45
axis_concur100,edgecc_no_belief,2,true,4194304,38771908,108178,53,2,49,0,117,9904,24412,flow=46
axis_concur100,edgecc_no_belief,2,true,4194304,39025184,107476,64,3,56,0,117,9904,24412,flow=47
axis_concur100,edgecc_no_belief,2,true,4194304,38915150,107780,46,3,38,0,117,9904,24412,flow=48
axis_concur100,edgecc_no_belief,2,true,4194304,39173780,107069,62,4,50,0,117,9904,24412,flow=49
axis_concur100,edgecc_no_belief,2,true,4194304,38977524,107608,55,3,48,0,117,10138,24412,flow=50
axis_concur100,edgecc_no_belief,2,true,4194304,39068849,107356,64,2,60,0,117,9904,24336,flow=51
axis_concur100,edgecc_no_belief,2,true,4194304,8054025,520771,33,0,33,0,6511,21838,36580,flow=52
axis_concur100,edgecc_no_belief,2,true,4194304,38518281,108891,43,2,35,0,117,10489,36229,flow=53
axis_concur100,edgecc_no_belief,2,true,4194304,38773078,108175,63,4,51,0,117,9787,25506,flow=54
axis_concur100,edgecc_no_belief,2,true,4194304,38921089,107764,70,3,62,0,117,9904,35761,flow=55
axis_concur100,edgecc_no_belief,2,true,4194304,38929210,107741,71,2,67,0,117,9853,35761,flow=56
axis_concur100,edgecc_no_belief,2,true,4194304,38828694,108020,69,3,61,0,117,9904,35761,flow=57
axis_concur100,edgecc_no_belief,2,true,4194304,39031120,107460,77,3,69,0,117,9904,35761,flow=58
axis_concur100,edgecc_no_belief,2,true,4194304,9031750,464395,30,0,30,0,7330,19381,36580,flow=59
axis_concur100,edgecc_no_belief,2,true,4194304,38825769,108028,45,2,40,0,117,10372,35761,flow=60
axis_concur100,edgecc_no_belief,2,true,4194304,39136464,107171,80,4,68,0,117,10723,35761,flow=61
axis_concur100,edgecc_no_belief,2,true,4194304,38872610,107898,46,3,38,0,117,9904,29484,flow=62
axis_concur100,edgecc_no_belief,2,true,4194304,39032742,107456,39,4,31,0,117,9904,35644,flow=63
axis_concur100,edgecc_no_belief,2,true,4194304,38437049,109121,53,2,45,0,117,10489,35761,flow=64
axis_concur100,edgecc_no_belief,2,true,4194304,38475769,109011,47,2,38,0,117,12244,48982,flow=65
axis_concur100,edgecc_no_belief,2,true,4194304,37899584,110668,142,1,137,0,117,12127,49112,flow=66
axis_concur100,edgecc_no_belief,2,true,4194304,38775184,108169,64,2,58,0,117,10489,36112,flow=67
axis_concur100,edgecc_no_belief,2,true,4194304,38425301,109154,52,2,44,0,117,10372,35995,flow=68
axis_concur100,edgecc_no_belief,2,true,4194304,38437985,109118,42,2,34,0,117,10372,35527,flow=69
axis_concur100,edgecc_no_belief,2,true,4194304,14925569,281014,608,3,593,0,48982,50045,50071,flow=70
axis_concur100,edgecc_no_belief,2,true,4194304,38832144,108011,47,4,35,0,117,9787,33462,flow=71
axis_concur100,edgecc_no_belief,2,true,4194304,38627407,108583,60,2,55,0,117,11074,36580,flow=72
axis_concur100,edgecc_no_belief,2,true,4194304,10063571,416780,48,0,48,0,5458,18211,36580,flow=73
axis_concur100,edgecc_no_belief,2,true,4194304,38940793,107709,74,3,64,0,117,10723,35995,flow=74
axis_concur100,edgecc_no_belief,2,true,4194304,38397683,109233,51,3,40,0,117,10723,35995,flow=75
axis_concur100,edgecc_no_belief,2,true,4194304,38478274,109004,61,3,52,0,117,10723,36112,flow=76
axis_concur100,edgecc_no_belief,2,true,4194304,38479131,109002,54,3,42,0,117,10723,36153,flow=77
axis_concur100,edgecc_no_belief,2,true,4194304,9401787,446117,62,0,62,0,6511,20317,40020,flow=78
axis_concur100,edgecc_no_belief,2,true,4194304,38543718,108819,45,1,39,0,117,10138,36447,flow=79
axis_concur100,edgecc_no_belief,2,true,4194304,38441846,109107,45,3,33,0,117,10957,36580,flow=80
axis_concur100,edgecc_no_belief,2,true,4194304,3195951,1312380,37,0,37,0,30613,36697,48631,flow=81
axis_concur100,edgecc_no_belief,2,true,4194304,38346001,109380,64,3,53,0,117,11542,36580,flow=82
axis_concur100,edgecc_no_belief,2,true,4194304,38732018,108290,54,3,42,0,117,10372,35878,flow=83
axis_concur100,edgecc_no_belief,2,true,4194304,38430301,109140,55,2,48,0,117,10840,36580,flow=84
axis_concur100,edgecc_no_belief,2,true,4194304,38786113,108139,62,2,56,0,117,10489,36580,flow=85
axis_concur100,edgecc_no_belief,2,true,4194304,38041144,110257,44,2,34,0,117,12361,48982,flow=86
axis_concur100,edgecc_no_belief,2,true,4194304,38890442,107849,68,3,58,0,117,10957,37083,flow=87
axis_concur100,edgecc_no_belief,2,true,4194304,8985557,466782,49,0,49,0,7096,19498,37166,flow=88
axis_concur100,edgecc_no_belief,2,true,4194304,37387985,112183,59,1,52,0,117,12244,37834,flow=89
axis_concur100,edgecc_no_belief,2,true,4194304,38452275,109078,83,3,69,0,117,12127,42120,flow=90
axis_concur100,edgecc_no_belief,2,true,4194304,38630864,108573,47,2,39,0,117,10606,36580,flow=91
axis_concur100,edgecc_no_belief,2,true,4194304,38191027,109824,46,2,38,0,117,12244,48982,flow=92
axis_concur100,edgecc_no_belief,2,true,4194304,38649087,108522,60,1,55,0,117,10957,36697,flow=93
axis_concur100,edgecc_no_belief,2,true,4194304,38483305,108990,55,2,49,0,117,10957,39654,flow=94
axis_concur100,edgecc_no_belief,2,true,4194304,38193835,109816,45,2,37,0,117,11542,40205,flow=95
axis_concur100,edgecc_no_belief,2,true,4194304,38532274,108851,52,3,44,0,117,11074,40639,flow=96
axis_concur100,edgecc_no_belief,2,true,4194304,38594303,108676,60,1,55,0,117,10957,40840,flow=97
axis_concur100,edgecc_no_belief,2,true,4194304,38537751,108836,58,2,51,0,117,11542,41625,flow=98
axis_concur100,edgecc_no_belief,2,true,4194304,38446001,109095,55,2,47,0,117,9904,36463,flow=99
axis_concur100,edgecc_no_belief,2,fairness_min=106712,fairness_max=1312380,fairness_ratio=0.081
axis_concur100,edgecc_no_plateau,0,true,4194304,40994486,102313,2183,19,2107,0,117,50050,50071,flow=0
axis_concur100,edgecc_no_plateau,0,true,4194304,32557184,128828,1364,13,1309,0,14818,50000,50069,flow=1
axis_concur100,edgecc_no_plateau,0,true,4194304,25279856,165914,771,9,735,0,11949,49684,50059,flow=2
axis_concur100,edgecc_no_plateau,0,true,4194304,37316210,112398,1710,16,1646,0,22891,50035,50035,flow=3
axis_concur100,edgecc_no_plateau,0,true,4194304,31790326,131936,745,5,729,0,7798,48374,50035,flow=4
axis_concur100,edgecc_no_plateau,0,true,4194304,24083349,174157,40,0,40,0,16690,41359,49561,flow=5
axis_concur100,edgecc_no_plateau,0,true,4194304,33747517,124284,1014,3,955,0,15242,50035,50035,flow=6
axis_concur100,edgecc_no_plateau,0,true,4194304,36223058,115790,792,9,759,0,1053,41728,49896,flow=7
axis_concur100,edgecc_no_plateau,0,true,4194304,35767442,117265,1091,9,1055,0,8266,47673,50009,flow=8
axis_concur100,edgecc_no_plateau,0,true,4194304,36341522,115413,1109,8,1077,0,8968,49985,50054,flow=9
axis_concur100,edgecc_no_plateau,0,true,4194304,38967729,107635,808,7,784,0,5107,42162,49992,flow=10
axis_concur100,edgecc_no_plateau,0,true,4194304,34758010,120671,1530,16,1458,0,13882,49450,50050,flow=11
axis_concur100,edgecc_no_plateau,0,true,4194304,35498096,118155,595,10,554,0,12946,46174,50035,flow=12
axis_concur100,edgecc_no_plateau,0,true,4194304,20183511,207808,568,5,552,0,15169,45940,50035,flow=13
axis_concur100,edgecc_no_plateau,0,true,4194304,37908081,110644,575,7,558,0,9085,41728,50035,flow=14
axis_concur100,edgecc_no_plateau,0,true,4194304,37416335,112098,1447,15,1391,0,18094,50035,50062,flow=15
axis_concur100,edgecc_no_plateau,0,true,4194304,43799619,95761,585,10,549,0,612,41611,50013,flow=16
axis_concur100,edgecc_no_plateau,0,true,4194304,20691737,202704,567,5,549,0,17158,45801,50035,flow=17
axis_concur100,edgecc_no_plateau,0,true,4194304,29491279,142221,732,4,718,0,21487,49333,50035,flow=18
axis_concur100,edgecc_no_plateau,0,true,4194304,29149229,143890,586,7,560,0,10489,48514,50035,flow=19
axis_concur100,edgecc_no_plateau,0,true,4194304,22407433,187183,40,1,36,0,17041,42313,49684,flow=20
axis_concur100,edgecc_no_plateau,0,true,4194304,23214689,180674,969,10,936,0,18562,45472,50035,flow=21
axis_concur100,edgecc_no_plateau,0,true,4194304,39380958,106505,619,11,578,0,1521,41544,50035,flow=22
axis_concur100,edgecc_no_plateau,0,true,4194304,37305636,112430,604,7,580,0,7308,41728,50035,flow=23
axis_concur100,edgecc_no_plateau,0,true,4194304,24702293,169794,1491,14,1412,0,18328,50053,50071,flow=24
axis_concur100,edgecc_no_plateau,0,true,4194304,37128463,112967,619,8,588,0,4756,42642,50035,flow=25
axis_concur100,edgecc_no_plateau,0,true,4194304,34039961,123217,627,9,596,0,5904,44887,50035,flow=26
axis_concur100,edgecc_no_plateau,0,true,4194304,33873717,123821,599,4,585,0,1299,46503,50035,flow=27
axis_concur100,edgecc_no_plateau,0,true,4194304,32609970,128620,58,3,50,0,9202,44627,49684,flow=28
axis_concur100,edgecc_no_plateau,0,true,4194304,21724313,193069,610,6,585,0,16924,40425,50035,flow=29
axis_concur100,edgecc_no_plateau,0,true,4194304,28072639,149408,1041,6,1013,0,17370,49216,50035,flow=30
axis_concur100,edgecc_no_plateau,0,true,4194304,35274908,118903,639,10,605,0,468,40675,50013,flow=31
axis_concur100,edgecc_no_plateau,0,true,4194304,25858633,162201,748,6,726,0,24646,49545,50035,flow=32
axis_concur100,edgecc_no_plateau,0,true,4194304,36810366,113943,654,7,623,0,4522,46057,50035,flow=33
axis_concur100,edgecc_no_plateau,0,true,4194304,27219461,154092,791,5,771,0,15520,49684,50046,flow=34
axis_concur100,edgecc_no_plateau,0,true,4194304,36214667,115817,1779,22,1689,0,21604,50035,50064,flow=35
axis_concur100,edgecc_no_plateau,0,true,4194304,31951694,131270,58,3,49,0,11308,46525,50035,flow=36
axis_concur100,edgecc_no_plateau,0,true,4194304,30877193,135838,1577,13,1483,0,17743,49567,50035,flow=37
axis_concur100,edgecc_no_plateau,0,true,4194304,37264250,112555,1688,16,1623,0,19264,50035,50061,flow=38
axis_concur100,edgecc_no_plateau,0,true,4194304,23379444,179401,652,4,636,0,9841,44982,49918,flow=39
axis_concur100,edgecc_no_plateau,0,true,4194304,32349791,129654,946,7,918,0,6394,49333,50035,flow=40
axis_concur100,edgecc_no_plateau,0,true,4194304,32881946,127556,1502,15,1446,0,19264,49999,50063,flow=41
axis_concur100,edgecc_no_plateau,0,true,4194304,38368947,109315,1689,19,1616,0,16880,50035,50064,flow=42
axis_concur100,edgecc_no_plateau,0,true,4194304,44699261,93833,1017,13,971,0,143,39388,49779,flow=43
axis_concur100,edgecc_no_plateau,0,true,4194304,38000405,110375,866,12,823,0,7564,49986,50061,flow=44
axis_concur100,edgecc_no_plateau,0,true,4194304,38451107,109081,1365,17,1298,0,12010,49450,50045,flow=45
axis_concur100,edgecc_no_plateau,0,true,4194304,32617478,128590,49,3,44,0,10138,45042,49801,flow=46
axis_concur100,edgecc_no_plateau,0,true,4194304,37994131,110393,710,9,678,0,6847,41166,49918,flow=47
axis_concur100,edgecc_no_plateau,0,true,4194304,39590976,105940,941,12,896,0,7096,48382,50050,flow=48
axis_concur100,edgecc_no_plateau,0,true,4194304,35862857,116953,1171,11,1134,0,6745,46909,50035,flow=49
axis_concur100,edgecc_no_plateau,0,true,4194304,36304860,115530,2525,28,2414,0,43881,50064,50073,flow=50
axis_concur100,edgecc_no_plateau,0,true,4194304,33090718,126751,1066,7,1043,0,11425,48986,50035,flow=51
axis_concur100,edgecc_no_plateau,0,true,4194304,37212407,112712,947,9,911,0,6241,49999,50056,flow=52
axis_concur100,edgecc_no_plateau,0,true,4194304,29132683,143972,742,9,710,0,5436,47263,50035,flow=53
axis_concur100,edgecc_no_plateau,0,true,4194304,31164015,134588,1500,10,1458,0,15169,49801,50043,flow=54
axis_concur100,edgecc_no_plateau,0,true,4194304,31600641,132728,42,1,38,0,13414,39973,49545,flow=55
axis_concur100,edgecc_no_plateau,0,true,4194304,33889035,123765,1354,12,1304,0,13414,49032,50049,flow=56
axis_concur100,edgecc_no_plateau,0,true,4194304,30659442,136803,1549,14,1493,0,16548,49929,50060,flow=57
axis_concur100,edgecc_no_plateau,0,true,4194304,36700335,114285,761,8,736,0,7213,44622,49918,flow=58
axis_concur100,edgecc_no_plateau,0,true,4194304,38718560,108327,988,11,934,0,5575,43132,50035,flow=59
axis_concur100,edgecc_no_plateau,0,true,4194304,31509511,133112,1423,13,1356,0,16434,48748,50035,flow=60
axis_concur100,edgecc_no_plateau,0,true,4194304,33183023,126399,1362,15,1289,0,11542,50043,50070,flow=61
axis_concur100,edgecc_no_plateau,0,true,4194304,19272125,217635,934,6,895,0,17253,49918,50062,flow=62
axis_concur100,edgecc_no_plateau,0,true,4194304,17132729,244812,1030,6,996,0,16456,49918,50068,flow=63
axis_concur100,edgecc_no_plateau,0,true,4194304,33637036,124693,54,3,45,0,8968,41728,49801,flow=64
axis_concur100,edgecc_no_plateau,0,true,4194304,14766119,284049,29,1,29,0,19849,36346,43366,flow=65
axis_concur100,edgecc_no_plateau,0,true,4194304,31614096,132671,43,2,39,0,13531,41317,50035,flow=66
axis_concur100,edgecc_no_plateau,0,true,4194304,32455663,129231,1036,11,981,0,6998,46737,50035,flow=67
axis_concur100,edgecc_no_plateau,0,true,4194304,34468874,121683,1049,15,977,0,8266,45004,49918,flow=68
axis_concur100,edgecc_no_plateau,0,true,4194304,16907175,248078,1252,7,1209,0,19849,47110,50035,flow=69
axis_concur100,edgecc_no_plateau,0,true,4194304,29501812,142171,44,2,38,0,14233,39835,50035,flow=70
axis_concur100,edgecc_no_plateau,0,true,4194304,26622812,157545,1598,14,1517,0,18562,50035,50071,flow=71
axis_concur100,edgecc_no_plateau,0,true,4194304,12434565,337310,1044,10,990,0,24061,49684,50035,flow=72
axis_concur100,edgecc_no_plateau,0,true,4194304,32031834,130941,1230,14,1160,0,11873,47929,50035,flow=73
axis_concur100,edgecc_no_plateau,0,true,4194304,33462175,125344,1002,9,955,0,12946,48631,50068,flow=74
axis_concur100,edgecc_no_plateau,0,true,4194304,25135990,166864,1004,10,948,0,16508,49684,50068,flow=75
axis_concur100,edgecc_no_plateau,0,true,4194304,34545223,121414,1041,5,1022,0,9904,43226,50035,flow=76
axis_concur100,edgecc_no_plateau,0,true,4194304,29371787,142800,1045,5,1017,0,13765,45589,50035,flow=77
axis_concur100,edgecc_no_plateau,0,true,4194304,29807931,140711,41,2,39,0,16339,46525,50035,flow=78
axis_concur100,edgecc_no_plateau,0,true,4194304,16345129,256608,1096,4,1043,0,19264,44887,50053,flow=79
axis_concur100,edgecc_no_plateau,0,true,4194304,32782789,127942,1615,11,1557,0,18445,50047,50071,flow=80
axis_concur100,edgecc_no_plateau,0,true,4194304,23108007,181508,58,1,58,0,17977,38259,50035,flow=81
axis_concur100,edgecc_no_plateau,0,true,4194304,27698098,151429,1027,8,979,0,12852,49216,50068,flow=82
axis_concur100,edgecc_no_plateau,0,true,4194304,30712696,136565,67,4,53,0,10489,42547,50035,flow=83
axis_concur100,edgecc_no_plateau,0,true,4194304,21307252,196848,59,1,59,0,17041,48865,50035,flow=84
axis_concur100,edgecc_no_plateau,0,true,4194304,32977242,127187,60,4,49,0,8775,42430,49918,flow=85
axis_concur100,edgecc_no_plateau,0,true,4194304,19500955,215081,1348,6,1324,0,18328,49918,50048,flow=86
axis_concur100,edgecc_no_plateau,0,true,4194304,21864064,191835,1423,8,1381,0,19579,50050,50071,flow=87
axis_concur100,edgecc_no_plateau,0,true,4194304,25279622,165916,54,2,49,0,15944,49684,50035,flow=88
axis_concur100,edgecc_no_plateau,0,true,4194304,10736098,390673,1075,5,1044,0,23359,31900,50041,flow=89
axis_concur100,edgecc_no_plateau,0,true,4194304,36967607,113458,1135,10,1089,0,6952,43834,49918,flow=90
axis_concur100,edgecc_no_plateau,0,true,4194304,28345027,147973,1218,8,1186,0,18445,47317,49918,flow=91
axis_concur100,edgecc_no_plateau,0,true,4194304,21393108,196058,1115,9,1062,0,16317,48631,50050,flow=92
axis_concur100,edgecc_no_plateau,0,true,4194304,26399731,158876,1138,8,1095,0,17435,46928,50035,flow=93
axis_concur100,edgecc_no_plateau,0,true,4194304,39121780,107211,1164,14,1102,0,3352,44185,49918,flow=94
axis_concur100,edgecc_no_plateau,0,true,4194304,26840533,156267,2584,23,2459,0,40750,50067,50074,flow=95
axis_concur100,edgecc_no_plateau,0,true,4194304,18205363,230388,1005,8,965,0,16339,49450,50035,flow=96
axis_concur100,edgecc_no_plateau,0,true,4194304,29021574,144523,1141,8,1105,0,14233,45746,50035,flow=97
axis_concur100,edgecc_no_plateau,0,true,4194304,31506725,133124,41,3,34,0,11191,46525,50035,flow=98
axis_concur100,edgecc_no_plateau,0,true,4194304,19110921,219471,1355,10,1308,0,22423,50035,50071,flow=99
axis_concur100,edgecc_no_plateau,0,fairness_min=93833,fairness_max=390673,fairness_ratio=0.240
axis_concur100,edgecc_no_plateau,1,true,4194304,43592862,96215,1410,11,1373,0,117,49318,50068,flow=0
axis_concur100,edgecc_no_plateau,1,true,4194304,30296083,138443,49,3,41,0,13297,45472,50034,flow=1
axis_concur100,edgecc_no_plateau,1,true,4194304,33857231,123882,1153,7,1120,0,17392,50035,50069,flow=2
axis_concur100,edgecc_no_plateau,1,true,4194304,35345302,118666,53,3,45,0,12829,39622,49918,flow=3
axis_concur100,edgecc_no_plateau,1,true,4194304,39601263,105913,1182,14,1122,0,7641,45721,50035,flow=4
axis_concur100,edgecc_no_plateau,1,true,4194304,35189779,119190,690,3,671,0,12829,49567,50035,flow=5
axis_concur100,edgecc_no_plateau,1,true,4194304,27897685,150345,1642,17,1567,0,22189,50035,50062,flow=6
axis_concur100,edgecc_no_plateau,1,true,4194304,32110794,130619,691,9,659,0,2994,49583,50049,flow=7
axis_concur100,edgecc_no_plateau,1,true,4194304,35242048,119014,970,11,933,0,14350,49745,50035,flow=8
axis_concur100,edgecc_no_plateau,1,true,4194304,34395576,121943,51,2,47,0,11776,43924,50025,flow=9
axis_concur100,edgecc_no_plateau,1,true,4194304,34242790,122487,617,7,592,0,13531,43834,50035,flow=10
axis_concur100,edgecc_no_plateau,1,true,4194304,41099245,102053,763,8,733,0,157,47937,50061,flow=11
axis_concur100,edgecc_no_plateau,1,true,4194304,33389666,125616,52,1,52,0,13531,46408,50035,flow=12
axis_concur100,edgecc_no_plateau,1,true,4194304,31923548,131385,1476,10,1434,0,19264,50006,50055,flow=13
axis_concur100,edgecc_no_plateau,1,true,4194304,28964109,144810,1281,11,1232,0,19264,50035,50068,flow=14
axis_concur100,edgecc_no_plateau,1,true,4194304,33668448,124576,50,2,45,0,14350,44185,50035,flow=15
axis_concur100,edgecc_no_plateau,1,true,4194304,29458790,142378,42,2,40,0,16456,41962,50035,flow=16
axis_concur100,edgecc_no_plateau,1,true,4194304,31841165,131725,612,6,586,0,10445,46408,50035,flow=17
axis_concur100,edgecc_no_plateau,1,true,4194304,37767431,111056,776,9,735,0,5455,50013,50035,flow=18
axis_concur100,edgecc_no_plateau,1,true,4194304,31799238,131899,618,6,600,0,15871,46917,50035,flow=19
axis_concur100,edgecc_no_plateau,1,true,4194304,35714880,117438,40,1,40,0,9436,43717,50035,flow=20
axis_concur100,edgecc_no_plateau,1,true,4194304,21019671,199541,600,9,568,0,14584,47227,48982,flow=21
axis_concur100,edgecc_no_plateau,1,true,4194304,33974486,123454,939,9,910,0,13288,46993,50017,flow=22
axis_concur100,edgecc_no_plateau,1,true,4194304,20064198,209044,664,8,636,0,22072,48280,50035,flow=23
axis_concur100,edgecc_no_plateau,1,true,4194304,36425388,115147,1781,18,1706,0,22189,49801,50048,flow=24
axis_concur100,edgecc_no_plateau,1,true,4194304,28145519,149022,1000,13,952,0,18657,47929,50035,flow=25
axis_concur100,edgecc_no_plateau,1,true,4194304,28137200,149066,1203,5,1055,0,18540,50041,50070,flow=26
axis_concur100,edgecc_no_plateau,1,true,4194304,38085780,110127,649,12,603,0,7681,45004,50035,flow=27
axis_concur100,edgecc_no_plateau,1,true,4194304,35781472,117219,1126,9,1096,0,16668,47655,50035,flow=28
axis_concur100,edgecc_no_plateau,1,true,4194304,35065953,119611,76,5,62,0,9904,42152,50019,flow=29
axis_concur100,edgecc_no_plateau,1,true,4194304,16806911,249558,28,1,28,0,20668,34942,49450,flow=30
axis_concur100,edgecc_no_plateau,1,true,4194304,32761739,128024,618,8,585,0,12010,48160,50035,flow=31
axis_concur100,edgecc_no_plateau,1,true,4194304,18457035,227246,240,1,234,0,21136,49961,50054,flow=32
axis_concur100,edgecc_no_plateau,1,true,4194304,33688926,124500,1001,9,972,0,15561,49958,50053,flow=33
axis_concur100,edgecc_no_plateau,1,true,4194304,36736950,114171,662,10,628,0,7213,43132,50013,flow=34
axis_concur100,edgecc_no_plateau,1,true,4194304,34300863,122279,51,4,44,0,13743,45706,50013,flow=35
axis_concur100,edgecc_no_plateau,1,true,4194304,37242678,112620,808,9,771,0,12010,50018,50063,flow=36
axis_concur100,edgecc_no_plateau,1,true,4194304,37136846,112941,832,12,790,0,5458,50015,50061,flow=37
axis_concur100,edgecc_no_plateau,1,true,4194304,28820855,145530,650,6,628,0,3042,41962,50035,flow=38
axis_concur100,edgecc_no_plateau,1,true,4194304,20305057,206564,55,2,49,0,19030,44185,49801,flow=39
axis_concur100,edgecc_no_plateau,1,true,4194304,21460388,195443,39,0,39,0,19030,46876,50035,flow=40
axis_concur100,edgecc_no_plateau,1,true,4194304,31969921,131195,52,4,47,0,14933,42898,49918,flow=41
axis_concur100,edgecc_no_plateau,1,true,4194304,34341715,122134,48,3,41,0,11104,42196,49896,flow=42
axis_concur100,edgecc_no_plateau,1,true,4194304,31032724,135157,792,8,744,0,14233,47755,50035,flow=43
axis_concur100,edgecc_no_plateau,1,true,4194304,34504221,121559,1003,19,935,0,15403,47853,49995,flow=44
axis_concur100,edgecc_no_plateau,1,true,4194304,27119402,154660,700,10,664,0,14431,46408,50035,flow=45
axis_concur100,edgecc_no_plateau,1,true,4194304,26793284,156543,59,2,55,0,17509,48280,50013,flow=46
axis_concur100,edgecc_no_plateau,1,true,4194304,40221354,104280,1019,9,983,0,594,43909,50035,flow=47
axis_concur100,edgecc_no_plateau,1,true,4194304,28098283,149272,52,2,47,0,15403,41845,50035,flow=48
axis_concur100,edgecc_no_plateau,1,true,4194304,23969456,174985,721,7,697,0,14350,45004,50035,flow=49
axis_concur100,edgecc_no_plateau,1,true,4194304,26832691,156313,698,7,674,0,16456,48397,50035,flow=50
axis_concur100,edgecc_no_plateau,1,true,4194304,36654541,114427,1900,17,1834,0,20360,50054,50075,flow=51
axis_concur100,edgecc_no_plateau,1,true,4194304,37151739,112896,1779,15,1698,0,19849,49962,50055,flow=52
axis_concur100,edgecc_no_plateau,1,true,4194304,27917180,150240,730,6,710,0,10679,41143,50035,flow=53
axis_concur100,edgecc_no_plateau,1,true,4194304,39741001,105540,713,4,701,0,441,39799,49779,flow=54
axis_concur100,edgecc_no_plateau,1,true,4194304,33318299,125885,730,9,702,0,15714,45004,50019,flow=55
axis_concur100,edgecc_no_plateau,1,true,4194304,37622067,111485,773,10,744,0,9581,44770,49881,flow=56
axis_concur100,edgecc_no_plateau,1,true,4194304,39631629,105832,1054,9,1016,0,6579,48663,50054,flow=57
axis_concur100,edgecc_no_plateau,1,true,4194304,34436260,121799,730,9,698,0,3820,39835,49875,flow=58
axis_concur100,edgecc_no_plateau,1,true,4194304,28546285,146929,937,7,912,0,16756,50013,50068,flow=59
axis_concur100,edgecc_no_plateau,1,true,4194304,33865048,123853,1475,15,1414,0,15520,49262,50043,flow=60
axis_concur100,edgecc_no_plateau,1,true,4194304,34006327,123338,942,10,905,0,15871,50008,50069,flow=61
axis_concur100,edgecc_no_plateau,1,true,4194304,34337057,122150,1079,9,1039,0,14165,50030,50071,flow=62
axis_concur100,edgecc_no_plateau,1,true,4194304,32125797,130558,2126,25,2013,0,26692,50053,50074,flow=63
axis_concur100,edgecc_no_plateau,1,true,4194304,26532162,158083,1157,10,1105,0,19147,50026,50063,flow=64
axis_concur100,edgecc_no_plateau,1,true,4194304,20173454,207912,1422,10,1370,0,22072,50035,50053,flow=65
axis_concur100,edgecc_no_plateau,1,true,4194304,30828161,136054,1003,8,957,0,11425,48685,50035,flow=66
axis_concur100,edgecc_no_plateau,1,true,4194304,22892388,183218,1562,18,1470,0,23242,49099,50053,flow=67
axis_concur100,edgecc_no_plateau,1,true,4194304,31219029,134350,969,9,915,0,10021,46152,50068,flow=68
axis_concur100,edgecc_no_plateau,1,true,4194304,33061505,126863,1005,10,944,0,14116,48037,50068,flow=69
axis_concur100,edgecc_no_plateau,1,true,4194304,33733095,124337,977,9,929,0,10606,48982,50071,flow=70
axis_concur100,edgecc_no_plateau,1,true,4194304,19608739,213899,1088,4,1064,0,21487,47236,50068,flow=71
axis_concur100,edgecc_no_plateau,1,true,4194304,25174889,166606,79,4,70,0,20200,45004,49801,flow=72
axis_concur100,edgecc_no_plateau,1,true,4194304,30663908,136783,39,2,34,0,10606,39739,50035,flow=73
axis_concur100,edgecc_no_plateau,1,true,4194304,31621544,132640,1015,6,983,0,14350,45247,50035,flow=74
axis_concur100,edgecc_no_plateau,1,true,4194304,27963202,149993,1560,6,1527,0,17392,50044,50068,flow=75
axis_concur100,edgecc_no_plateau,1,true,4194304,24114012,173936,1496,10,1441,0,22072,47715,50063,flow=76
axis_concur100,edgecc_no_plateau,1,true,4194304,29835094,140582,57,3,45,0,12595,41845,49801,flow=77
axis_concur100,edgecc_no_plateau,1,true,4194304,35988748,116544,1127,10,1068,0,8032,49333,50056,flow=78
axis_concur100,edgecc_no_plateau,1,true,4194304,27898599,150341,49,3,41,0,16573,48280,49918,flow=79
axis_concur100,edgecc_no_plateau,1,true,4194304,21545191,194674,1582,11,1531,0,15403,50035,50071,flow=80
axis_concur100,edgecc_no_plateau,1,true,4194304,15271681,274645,1031,4,1000,0,19381,35878,50035,flow=81
axis_concur100,edgecc_no_plateau,1,true,4194304,35773399,117246,1044,10,988,0,7671,48280,50071,flow=82
axis_concur100,edgecc_no_plateau,1,true,4194304,23340666,179699,1290,12,1232,0,21099,49495,50068,flow=83
axis_concur100,edgecc_no_plateau,1,true,4194304,35741512,117351,1150,8,1106,0,10255,49450,50071,flow=84
axis_concur100,edgecc_no_plateau,1,true,4194304,19039439,220295,1117,9,1074,0,23944,46057,50035,flow=85
axis_concur100,edgecc_no_plateau,1,true,4194304,35308774,118789,1188,9,1137,0,11425,49684,50071,flow=86
axis_concur100,edgecc_no_plateau,1,true,4194304,11997692,349592,1098,8,1058,0,23710,48397,49837,flow=87
axis_concur100,edgecc_no_plateau,1,true,4194304,16854508,248853,1074,8,1018,0,17626,37057,50068,flow=88
axis_concur100,edgecc_no_plateau,1,true,4194304,28644961,146423,1266,8,1212,0,17275,48601,50053,flow=89
axis_concur100,edgecc_no_plateau,1,true,4194304,25715056,163106,1695,12,1634,0,19264,50035,50071,flow=90
axis_concur100,edgecc_no_plateau,1,true,4194304,15743871,266408,1091,8,1046,0,20763,37867,50056,flow=91
axis_concur100,edgecc_no_plateau,1,true,4194304,30321355,138328,36,2,31,0,15754,47718,50035,flow=92
axis_concur100,edgecc_no_plateau,1,true,4194304,32713560,128213,53,3,45,0,11074,44770,50035,flow=93
axis_concur100,edgecc_no_plateau,1,true,4194304,40505947,103547,1165,17,1075,0,564,45979,50035,flow=94
axis_concur100,edgecc_no_plateau,1,true,4194304,29483245,142260,1674,10,1623,0,17392,50031,50067,flow=95
axis_concur100,edgecc_no_plateau,1,true,4194304,9999471,419452,1136,5,1111,0,14935,49087,50068,flow=96
axis_concur100,edgecc_no_plateau,1,true,4194304,33396712,125590,143,8,123,0,14584,45589,50035,flow=97
axis_concur100,edgecc_no_plateau,1,true,4194304,29992051,139847,64,5,48,0,17275,44046,50035,flow=98
axis_concur100,edgecc_no_plateau,1,true,4194304,33444229,125411,55,4,43,0,13297,43483,50035,flow=99
axis_concur100,edgecc_no_plateau,1,fairness_min=96215,fairness_max=419452,fairness_ratio=0.229
axis_concur100,edgecc_no_plateau,2,true,4194304,44330898,94613,2273,27,2169,0,117,50047,50071,flow=0
axis_concur100,edgecc_no_plateau,2,true,4194304,35772610,117249,63,2,59,0,8851,44460,50013,flow=1
axis_concur100,edgecc_no_plateau,2,true,4194304,30225740,138765,45,2,41,0,11074,47088,50035,flow=2
axis_concur100,edgecc_no_plateau,2,true,4194304,32757417,128041,658,6,638,0,10957,50035,50035,flow=3
axis_concur100,edgecc_no_plateau,2,true,4194304,36625564,114518,58,3,54,0,11659,41715,50013,flow=4
axis_concur100,edgecc_no_plateau,2,true,4194304,23822252,176066,622,7,598,0,12712,49567,50035,flow=5
axis_concur100,edgecc_no_plateau,2,true,4194304,40299552,104078,812,12,769,0,375,38569,50035,flow=6
axis_concur100,edgecc_no_plateau,2,true,4194304,36446229,115081,1691,18,1622,0,18679,50035,50059,flow=7
axis_concur100,edgecc_no_plateau,2,true,4194304,34205106,122622,60,4,49,0,9553,42664,50035,flow=8
axis_concur100,edgecc_no_plateau,2,true,4194304,29405713,142635,812,9,779,0,10840,47929,50035,flow=9
axis_concur100,edgecc_no_plateau,2,true,4194304,31562776,132887,64,3,54,0,14350,49086,50035,flow=10
axis_concur100,edgecc_no_plateau,2,true,4194304,27454443,152773,569,7,545,0,13999,46759,50035,flow=11
axis_concur100,edgecc_no_plateau,2,true,4194304,34334436,122160,809,9,777,0,12712,49930,50041,flow=12
axis_concur100,edgecc_no_plateau,2,true,4194304,32245666,130073,555,5,538,0,1125,36046,49918,flow=13
axis_concur100,edgecc_no_plateau,2,true,4194304,33423854,125488,736,8,704,0,9052,49895,50050,flow=14
axis_concur100,edgecc_no_plateau,2,true,4194304,25489699,164548,431,3,416,0,14116,49801,50053,flow=15
axis_concur100,edgecc_no_plateau,2,true,4194304,36916361,113616,759,7,727,0,8861,49333,50035,flow=16
axis_concur100,edgecc_no_plateau,2,true,4194304,33843896,123930,51,2,46,0,10489,43600,50035,flow=17
axis_concur100,edgecc_no_plateau,2,true,4194304,35818333,117099,65,3,64,0,7191,44460,50013,flow=18
axis_concur100,edgecc_no_plateau,2,true,4194304,30200256,138883,586,5,564,0,11732,49662,50035,flow=19
axis_concur100,edgecc_no_plateau,2,true,4194304,35819178,117096,645,8,620,0,10489,47578,50035,flow=20
axis_concur100,edgecc_no_plateau,2,true,4194304,27951681,150055,592,8,563,0,13999,41429,50035,flow=21
axis_concur100,edgecc_no_plateau,2,true,4194304,34909186,120149,612,6,587,0,9168,49357,50035,flow=22
axis_concur100,edgecc_no_plateau,2,true,4194304,18916279,221729,589,4,574,0,19381,49216,49933,flow=23
axis_concur100,edgecc_no_plateau,2,true,4194304,34923533,120099,1086,13,1034,0,11776,49374,50076,flow=24
axis_concur100,edgecc_no_plateau,2,true,4194304,40275236,104141,1870,22,1784,0,20551,50040,50073,flow=25
axis_concur100,edgecc_no_plateau,2,true,4194304,34027197,123263,67,3,52,0,11776,44302,50035,flow=26
axis_concur100,edgecc_no_plateau,2,true,4194304,32666445,128397,1153,9,1115,0,15871,49918,50035,flow=27
axis_concur100,edgecc_no_plateau,2,true,4194304,31036514,135140,1034,8,1001,0,11659,49216,50035,flow=28
axis_concur100,edgecc_no_plateau,2,true,4194304,29158350,143845,1157,10,1116,0,15973,50035,50068,flow=29
axis_concur100,edgecc_no_plateau,2,true,4194304,32479666,129136,1073,6,1046,0,13827,49676,50035,flow=30
axis_concur100,edgecc_no_plateau,2,true,4194304,33851223,123904,648,8,614,0,9992,49333,50035,flow=31
axis_concur100,edgecc_no_plateau,2,true,4194304,36396017,115240,1387,14,1326,0,14246,50022,50043,flow=32
axis_concur100,edgecc_no_plateau,2,true,4194304,31177657,134529,52,1,49,0,12361,48397,50035,flow=33
axis_concur100,edgecc_no_plateau,2,true,4194304,32565850,128794,149,6,128,0,10372,48631,50035,flow=34
axis_concur100,edgecc_no_plateau,2,true,4194304,38300296,109511,647,9,602,0,4054,43088,50035,flow=35
axis_concur100,edgecc_no_plateau,2,true,4194304,27652948,151676,646,6,622,0,12595,49801,50035,flow=36
axis_concur100,edgecc_no_plateau,2,true,4194304,34533734,121455,1404,10,1359,0,17977,49801,50035,flow=37
axis_concur100,edgecc_no_plateau,2,true,4194304,38259662,109627,1024,10,988,0,11659,47594,50035,flow=38
axis_concur100,edgecc_no_plateau,2,true,4194304,33587426,124877,58,2,54,0,9904,42386,49993,flow=39
axis_concur100,edgecc_no_plateau,2,true,4194304,18730154,223933,660,9,624,0,16339,46408,50035,flow=40
axis_concur100,edgecc_no_plateau,2,true,4194304,39139831,107162,669,6,647,0,4626,41026,50035,flow=41
axis_concur100,edgecc_no_plateau,2,true,4194304,31348053,133797,727,7,699,0,6273,49231,50035,flow=42
axis_concur100,edgecc_no_plateau,2,true,4194304,35235913,119034,51,4,42,0,9180,42313,50013,flow=43
axis_concur100,edgecc_no_plateau,2,true,4194304,40482892,103606,1468,18,1400,0,12361,50014,50038,flow=44
axis_concur100,edgecc_no_plateau,2,true,4194304,34685862,120922,1715,15,1654,0,21834,50035,50056,flow=45
axis_concur100,edgecc_no_plateau,2,true,4194304,34573468,121315,1583,15,1507,0,16222,50023,50060,flow=46
axis_concur100,edgecc_no_plateau,2,true,4194304,30531249,137377,1172,10,1134,0,15286,49918,50061,flow=47
axis_concur100,edgecc_no_plateau,2,true,4194304,27461675,152732,1510,14,1441,0,16690,50022,50046,flow=48
axis_concur100,edgecc_no_plateau,2,true,4194304,40400372,103818,1000,12,952,0,351,41940,50035,flow=49
axis_concur100,edgecc_no_plateau,2,true,4194304,38476383,109009,1059,12,1027,0,234,35973,49980,flow=50
axis_concur100,edgecc_no_plateau,2,true,4194304,44698200,93836,720,10,685,0,234,36463,49991,flow=51
axis_concur100,edgecc_no_plateau,2,true,4194304,16829950,249216,34,0,34,0,16573,45940,49918,flow=52
axis_concur100,edgecc_no_plateau,2,true,4194304,35019438,119770,926,12,888,0,12657,47110,50005,flow=53
axis_concur100,edgecc_no_plateau,2,true,4194304,27711075,151358,728,5,712,0,16690,45238,49918,flow=54
axis_concur100,edgecc_no_plateau,2,true,4194304,40370803,103894,968,13,910,0,897,40017,50013,flow=55
axis_concur100,edgecc_no_plateau,2,true,4194304,29481570,142268,1332,10,1293,0,17879,50035,50035,flow=56
axis_concur100,edgecc_no_plateau,2,true,4194304,39562541,106017,802,14,751,0,1766,35838,49684,flow=57
axis_concur100,edgecc_no_plateau,2,true,4194304,21471421,195343,1427,9,1381,0,22072,49684,50051,flow=58
axis_concur100,edgecc_no_plateau,2,true,4194304,32203578,130243,52,3,45,0,11893,46174,50035,flow=59
axis_concur100,edgecc_no_plateau,2,true,4194304,24220808,173169,1581,13,1520,0,24061,50008,50053,flow=60
axis_concur100,edgecc_no_plateau,2,true,4194304,34874937,120266,73,5,61,0,11023,42759,50013,flow=61
axis_concur100,edgecc_no_plateau,2,true,4194304,30285820,138490,1001,9,959,0,15286,49450,50035,flow=62
axis_concur100,edgecc_no_plateau,2,true,4194304,15821922,265094,1105,8,1059,0,24295,49684,50035,flow=63
axis_concur100,edgecc_no_plateau,2,true,4194304,32079286,130748,1009,15,938,0,6129,41611,49968,flow=64
axis_concur100,edgecc_no_plateau,2,true,4194304,28407297,147648,47,2,43,0,15754,46876,50035,flow=65
axis_concur100,edgecc_no_plateau,2,true,4194304,10379309,404102,901,6,875,0,22306,46642,46759,flow=66
axis_concur100,edgecc_no_plateau,2,true,4194304,17846636,235019,1058,10,1008,0,22423,49684,50035,flow=67
axis_concur100,edgecc_no_plateau,2,true,4194304,25490401,164544,970,14,900,0,16222,49450,50035,flow=68
axis_concur100,edgecc_no_plateau,2,true,4194304,24329349,172396,1010,8,974,0,17860,47461,50035,flow=69
axis_concur100,edgecc_no_plateau,2,true,4194304,29338865,142960,1517,8,1478,0,22657,50045,50074,flow=70
axis_concur100,edgecc_no_plateau,2,true,4194304,36439626,115102,1040,13,980,0,3001,40207,49959,flow=71
axis_concur100,edgecc_no_plateau,2,true,4194304,23738088,176690,1429,10,1379,0,18679,49801,50050,flow=72
axis_concur100,edgecc_no_plateau,2,true,4194304,31998496,131078,68,4,61,0,10831,49216,50035,flow=73
axis_concur100,edgecc_no_plateau,2,true,4194304,11149381,376191,1002,7,960,0,30591,46759,49333,flow=74
axis_concur100,edgecc_no_plateau,2,true,4194304,18613900,225331,1468,7,1421,0,26635,49724,50071,flow=75
axis_concur100,edgecc_no_plateau,2,true,4194304,23669314,177204,970,5,943,0,27898,49918,50068,flow=76
axis_concur100,edgecc_no_plateau,2,true,4194304,16259012,257967,1243,6,1215,0,27103,49567,50071,flow=77
axis_concur100,edgecc_no_plateau,2,true,4194304,18715668,224106,1025,7,986,0,20668,49684,50035,flow=78
axis_concur100,edgecc_no_plateau,2,true,4194304,30513743,137456,1012,9,955,0,13999,49801,50068,flow=79
axis_concur100,edgecc_no_plateau,2,true,4194304,21445128,195583,38,4,30,0,19966,48982,50035,flow=80
axis_concur100,edgecc_no_plateau,2,true,4194304,29675548,141338,66,3,58,0,17158,47205,50035,flow=81
axis_concur100,edgecc_no_plateau,2,true,4194304,31880010,131565,84,4,72,0,15169,48631,50035,flow=82
axis_concur100,edgecc_no_plateau,2,true,4194304,31182549,134508,1050,10,990,0,19264,49684,50068,flow=83
axis_concur100,edgecc_no_plateau,2,true,4194304,37047395,113214,1088,10,1036,0,7074,49099,50035,flow=84
axis_concur100,edgecc_no_plateau,2,true,4194304,11715288,358019,1520,7,1474,0,28975,50005,50068,flow=85
axis_concur100,edgecc_no_plateau,2,true,4194304,17951117,233651,1208,7,1154,0,22939,49216,50065,flow=86
axis_concur100,edgecc_no_plateau,2,true,4194304,32821340,127791,53,3,45,0,11191,42898,50035,flow=87
axis_concur100,edgecc_no_plateau,2,true,4194304,17954605,233606,1200,4,1178,0,23251,49801,50050,flow=88
axis_concur100,edgecc_no_plateau,2,true,4194304,29165933,143808,1147,8,1095,0,13414,49896,50056,flow=89
axis_concur100,edgecc_no_plateau,2,true,4194304,12364031,339234,1117,8,1069,0,31315,49567,50071,flow=90
axis_concur100,edgecc_no_plateau,2,true,4194304,26280487,159597,1431,9,1382,0,20551,50035,50071,flow=91
axis_concur100,edgecc_no_plateau,2,true,4194304,33172159,126440,1185,13,1115,0,6511,49801,50068,flow=92
axis_concur100,edgecc_no_plateau,2,true,4194304,28289834,148261,1134,10,1071,0,15169,49099,50044,flow=93
axis_concur100,edgecc_no_plateau,2,true,4194304,31158842,134610,1858,9,1803,0,7447,49918,50035,flow=94
axis_concur100,edgecc_no_plateau,2,true,4194304,23206484,180738,2625,20,2523,0,39271,50068,50074,flow=95
axis_concur100,edgecc_no_plateau,2,true,4194304,32793728,127899,48,2,43,0,11659,48982,50035,flow=96
axis_concur100,edgecc_no_plateau,2,true,4194304,31341523,133825,63,3,55,0,13531,45396,50035,flow=97
axis_concur100,edgecc_no_plateau,2,true,4194304,30045734,139597,51,2,47,0,12731,46993,50035,flow=98
axis_concur100,edgecc_no_plateau,2,true,4194304,25906748,161900,79,3,71,0,15403,49684,50035,flow=99
axis_concur100,edgecc_no_plateau,2,fairness_min=93836,fairness_max=404102,fairness_ratio=0.232
axis_concur100,edgecc_no_prand,0,true,4194304,43376640,96694,2184,19,2108,0,117,50050,50071,flow=0
axis_concur100,edgecc_no_prand,0,true,4194304,32873090,127590,1372,14,1313,0,14818,50024,50069,flow=1
axis_concur100,edgecc_no_prand,0,true,4194304,25187723,166521,771,9,735,0,11542,49567,50059,flow=2
axis_concur100,edgecc_no_prand,0,true,4194304,32660252,128422,1638,10,1601,0,20513,50035,50041,flow=3
axis_concur100,edgecc_no_prand,0,true,4194304,37586559,111590,748,6,731,0,6979,47110,50035,flow=4
axis_concur100,edgecc_no_prand,0,true,4194304,24083349,174157,40,0,40,0,16690,41359,49561,flow=5
axis_concur100,edgecc_no_prand,0,true,4194304,35343196,118673,1044,6,972,0,18094,50035,50035,flow=6
axis_concur100,edgecc_no_prand,0,true,4194304,31895164,131502,780,8,752,0,4873,42121,49896,flow=7
axis_concur100,edgecc_no_prand,0,true,4194304,37904220,110655,802,8,774,0,3586,41811,49734,flow=8
axis_concur100,edgecc_no_prand,0,true,4194304,35216925,119099,1112,9,1079,0,10274,49985,50054,flow=9
axis_concur100,edgecc_no_prand,0,true,4194304,39295477,106737,823,8,798,0,441,42097,50032,flow=10
axis_concur100,edgecc_no_prand,0,true,4194304,30502750,137505,818,9,786,0,5850,40792,49918,flow=11
axis_concur100,edgecc_no_prand,0,true,4194304,27317886,153536,694,9,657,0,15052,49998,50049,flow=12
axis_concur100,edgecc_no_prand,0,true,4194304,20183511,207808,568,5,552,0,15169,45940,50035,flow=13
axis_concur100,edgecc_no_prand,0,true,4194304,32569351,128780,572,7,551,0,6511,44514,50035,flow=14
axis_concur100,edgecc_no_prand,0,true,4194304,34779138,120598,1274,10,1238,0,17626,50029,50062,flow=15
axis_concur100,edgecc_no_prand,0,true,4194304,34705288,120854,584,9,551,0,1961,41728,50035,flow=16
axis_concur100,edgecc_no_prand,0,true,4194304,20691737,202704,567,5,549,0,17158,45801,50035,flow=17
axis_concur100,edgecc_no_prand,0,true,4194304,29175225,143762,734,5,716,0,21370,49333,50035,flow=18
axis_concur100,edgecc_no_prand,0,true,4194304,29388099,142721,592,7,566,0,10840,48960,50035,flow=19
axis_concur100,edgecc_no_prand,0,true,4194304,22407433,187183,40,1,36,0,17041,42313,49684,flow=20
axis_concur100,edgecc_no_prand,0,true,4194304,23214689,180674,969,10,936,0,18562,45472,50035,flow=21
axis_concur100,edgecc_no_prand,0,true,4194304,33703953,124445,894,11,852,0,14976,49333,50035,flow=22
axis_concur100,edgecc_no_prand,0,true,4194304,34583485,121280,985,10,944,0,15286,49194,50035,flow=23
axis_concur100,edgecc_no_prand,0,true,4194304,24702293,169794,1491,14,1412,0,18328,50053,50071,flow=24
axis_concur100,edgecc_no_prand,0,true,4194304,38707784,108358,632,10,592,0,2650,44519,50035,flow=25
axis_concur100,edgecc_no_prand,0,true,4194304,33508962,125169,732,8,706,0,10606,49639,50035,flow=26
axis_concur100,edgecc_no_prand,0,true,4194304,36578439,114666,1061,9,1021,0,11880,48700,50035,flow=27
axis_concur100,edgecc_no_prand,0,true,4194304,30355856,138171,55,4,46,0,10116,41260,49684,flow=28
axis_concur100,edgecc_no_prand,0,true,4194304,21724313,193069,610,6,585,0,16924,40425,50035,flow=29
axis_concur100,edgecc_no_prand,0,true,4194304,28860075,145332,1042,7,1013,0,17370,49216,50035,flow=30
axis_concur100,edgecc_no_prand,0,true,4194304,30596527,137084,627,7,602,0,6232,42547,50019,flow=31
axis_concur100,edgecc_no_prand,0,true,4194304,26255345,159750,755,6,733,0,20902,49567,50035,flow=32
axis_concur100,edgecc_no_prand,0,true,4194304,31911627,131434,1023,9,985,0,14680,48631,50035,flow=33
axis_concur100,edgecc_no_prand,0,true,4194304,27301582,153628,797,5,777,0,14584,49801,50050,flow=34
axis_concur100,edgecc_no_prand,0,true,4194304,36427269,115141,1779,22,1689,0,21604,50035,50064,flow=35
axis_concur100,edgecc_no_prand,0,true,4194304,31538419,132990,53,2,49,0,10723,42477,50032,flow=36
axis_concur100,edgecc_no_prand,0,true,4194304,32120223,130581,1617,17,1483,0,17743,49567,50035,flow=37
axis_concur100,edgecc_no_prand,0,true,4194304,37278799,112511,1677,13,1624,0,19264,50035,50061,flow=38
axis_concur100,edgecc_no_prand,0,true,4194304,23379444,179401,652,4,636,0,9841,44982,49918,flow=39
axis_concur100,edgecc_no_prand,0,true,4194304,31671413,132431,943,7,915,0,9787,46525,50035,flow=40
axis_concur100,edgecc_no_prand,0,true,4194304,35119031,119431,919,12,875,0,6254,45940,50035,flow=41
axis_concur100,edgecc_no_prand,0,true,4194304,38123661,110018,1669,14,1616,0,16880,50035,50064,flow=42
axis_concur100,edgecc_no_prand,0,true,4194304,35225551,119069,1232,12,1187,0,9067,47104,50011,flow=43
axis_concur100,edgecc_no_prand,0,true,4194304,34971456,119935,1076,14,1023,0,5809,49333,50044,flow=44
axis_concur100,edgecc_no_prand,0,true,4194304,36577503,114668,1738,17,1672,0,19030,49975,50051,flow=45
axis_concur100,edgecc_no_prand,0,true,4194304,32014168,131013,45,2,44,0,10372,39037,50032,flow=46
axis_concur100,edgecc_no_prand,0,true,4194304,38023972,110306,718,8,690,0,585,41049,49918,flow=47
axis_concur100,edgecc_no_prand,0,true,4194304,35113576,119449,720,10,684,0,5259,41121,50018,flow=48
axis_concur100,edgecc_no_prand,0,true,4194304,35764723,117274,1132,11,1095,0,9142,47383,50032,flow=49
axis_concur100,edgecc_no_prand,0,true,4194304,36225853,115782,2520,26,2414,0,43881,50064,50073,flow=50
axis_concur100,edgecc_no_prand,0,true,4194304,37259238,112570,731,7,707,0,1395,41026,50013,flow=51
axis_concur100,edgecc_no_prand,0,true,4194304,26443810,158611,882,8,854,0,20551,50017,50044,flow=52
axis_concur100,edgecc_no_prand,0,true,4194304,28196633,148751,747,9,715,0,10856,48137,50035,flow=53
axis_concur100,edgecc_no_prand,0,true,4194304,37138861,112935,1570,17,1505,0,17509,49959,50043,flow=54
axis_concur100,edgecc_no_prand,0,true,4194304,32657115,128434,47,2,39,0,9670,43717,49684,flow=55
axis_concur100,edgecc_no_prand,0,true,4194304,38577715,108723,818,8,790,0,4335,41263,49921,flow=56
axis_concur100,edgecc_no_prand,0,true,4194304,38612951,108624,1887,15,1825,0,18796,50035,50070,flow=57
axis_concur100,edgecc_no_prand,0,true,4194304,38976193,107611,1741,15,1684,0,17275,49999,50055,flow=58
axis_concur100,edgecc_no_prand,0,true,4194304,38683287,108426,986,12,928,0,5926,43366,50035,flow=59
axis_concur100,edgecc_no_prand,0,true,4194304,29487527,142239,1215,10,1161,0,12478,48542,50035,flow=60
axis_concur100,edgecc_no_prand,0,true,4194304,33237211,126193,1356,14,1287,0,12946,50043,50070,flow=61
axis_concur100,edgecc_no_prand,0,true,4194304,19272125,217635,934,6,895,0,17253,49918,50062,flow=62
axis_concur100,edgecc_no_prand,0,true,4194304,17132729,244812,1030,6,996,0,16456,49918,50068,flow=63
axis_concur100,edgecc_no_prand,0,true,4194304,30827875,136055,89,2,84,0,11776,46041,50019,flow=64
axis_concur100,edgecc_no_prand,0,true,4194304,14766119,284049,29,1,29,0,19849,36346,43366,flow=65
axis_concur100,edgecc_no_prand,0,true,4194304,31727516,132197,56,5,44,0,13297,39271,50035,flow=66
axis_concur100,edgecc_no_prand,0,true,4194304,32531672,128929,1034,11,979,0,7681,47695,50035,flow=67
axis_concur100,edgecc_no_prand,0,true,4194304,34510830,121535,1041,14,973,0,8734,47110,50035,flow=68
axis_concur100,edgecc_no_prand,0,true,4194304,16907175,248078,1252,7,1209,0,19849,47110,50035,flow=69
axis_concur100,edgecc_no_prand,0,true,4194304,30242737,138687,43,2,37,0,14018,39718,50035,flow=70
axis_concur100,edgecc_no_prand,0,true,4194304,26709326,157035,1602,15,1517,0,18562,50035,50071,flow=71
axis_concur100,edgecc_no_prand,0,true,4194304,12434565,337310,1044,10,990,0,24061,49684,50035,flow=72
axis_concur100,edgecc_no_prand,0,true,4194304,40568099,103389,1063,14,992,0,3235,43834,50035,flow=73
axis_concur100,edgecc_no_prand,0,true,4194304,33456293,125366,1003,8,956,0,13297,49567,50068,flow=74
axis_concur100,edgecc_no_prand,0,true,4194304,25128970,166911,1003,10,947,0,16503,49684,50068,flow=75
axis_concur100,edgecc_no_prand,0,true,4194304,34853869,120339,1051,7,1024,0,10255,44215,50035,flow=76
axis_concur100,edgecc_no_prand,0,true,4194304,36075172,116265,1058,6,1029,0,8968,44352,50035,flow=77
axis_concur100,edgecc_no_prand,0,true,4194304,29812999,140687,37,1,36,0,16434,45918,50035,flow=78
axis_concur100,edgecc_no_prand,0,true,4194304,16345129,256608,1096,4,1043,0,19264,44887,50053,flow=79
axis_concur100,edgecc_no_prand,0,true,4194304,29378644,142767,1596,8,1547,0,15637,50002,50071,flow=80
axis_concur100,edgecc_no_prand,0,true,4194304,23108007,181508,58,1,58,0,17977,38259,50035,flow=81
axis_concur100,edgecc_no_prand,0,true,4194304,29181404,143732,1284,9,1235,0,19422,49894,50068,flow=82
axis_concur100,edgecc_no_prand,0,true,4194304,29967363,139962,51,3,41,0,11191,39154,50035,flow=83
axis_concur100,edgecc_no_prand,0,true,4194304,21307252,196848,59,1,59,0,17041,48865,50035,flow=84
axis_concur100,edgecc_no_prand,0,true,4194304,34579178,121295,66,4,55,0,8855,41143,49918,flow=85
axis_concur100,edgecc_no_prand,0,true,4194304,19500955,215081,1348,6,1324,0,18328,49918,50048,flow=86
axis_concur100,edgecc_no_prand,0,true,4194304,21864064,191835,1423,8,1381,0,19579,50050,50071,flow=87
axis_concur100,edgecc_no_prand,0,true,4194304,25246903,166131,54,2,49,0,15944,49684,50035,flow=88
axis_concur100,edgecc_no_prand,0,true,4194304,10736098,390673,1075,5,1044,0,23359,31900,50041,flow=89
axis_concur100,edgecc_no_prand,0,true,4194304,36921806,113599,1136,10,1087,0,7888,44887,50008,flow=90
axis_concur100,edgecc_no_prand,0,true,4194304,35006597,119814,1110,7,1080,0,9319,46057,50035,flow=91
axis_concur100,edgecc_no_prand,0,true,4194304,21393108,196058,1115,9,1062,0,16317,48631,50050,flow=92
axis_concur100,edgecc_no_prand,0,true,4194304,32529661,128937,1145,9,1097,0,12010,47322,50035,flow=93
axis_concur100,edgecc_no_prand,0,true,4194304,39164004,107095,1165,15,1099,0,4171,44302,50035,flow=94
axis_concur100,edgecc_no_prand,0,true,4194304,27377322,153203,2583,24,2459,0,40750,50067,50074,flow=95
axis_concur100,edgecc_no_prand,0,true,4194304,18205363,230388,1005,8,965,0,16339,49450,50035,flow=96
axis_concur100,edgecc_no_prand,0,true,4194304,29083168,144217,1145,9,1105,0,14116,45801,50035,flow=97
axis_concur100,edgecc_no_prand,0,true,4194304,31594515,132754,42,3,35,0,11191,45472,50035,flow=98
axis_concur100,edgecc_no_prand,0,true,4194304,19110921,219471,1355,10,1308,0,22423,50035,50071,flow=99
axis_concur100,edgecc_no_prand,0,fairness_min=96694,fairness_max=390673,fairness_ratio=0.248
axis_concur100,edgecc_no_prand,1,true,4194304,39090407,107297,1288,10,1249,0,240,49746,50067,flow=0
axis_concur100,edgecc_no_prand,1,true,4194304,31424435,133472,48,2,43,0,9202,46525,50035,flow=1
axis_concur100,edgecc_no_prand,1,true,4194304,41181239,101849,1492,20,1414,0,5607,50016,50065,flow=2
axis_concur100,edgecc_no_prand,1,true,4194304,29536705,142003,40,1,40,0,13275,46525,50035,flow=3
axis_concur100,edgecc_no_prand,1,true,4194304,40563221,103401,1757,16,1670,0,20944,49992,50059,flow=4
axis_concur100,edgecc_no_prand,1,true,4194304,32409437,129416,666,5,651,0,5575,49801,50035,flow=5
axis_concur100,edgecc_no_prand,1,true,4194304,20244414,207183,611,8,586,0,23242,49918,50035,flow=6
axis_concur100,edgecc_no_prand,1,true,4194304,28510011,147116,609,6,592,0,17721,50035,50035,flow=7
axis_concur100,edgecc_no_prand,1,true,4194304,29114084,144064,812,12,768,0,5689,49758,50035,flow=8
axis_concur100,edgecc_no_prand,1,true,4194304,34132500,122883,45,2,41,0,11659,44419,50035,flow=9
axis_concur100,edgecc_no_prand,1,true,4194304,33009745,127062,776,12,736,0,18328,49452,50035,flow=10
axis_concur100,edgecc_no_prand,1,true,4194304,35447125,118325,760,9,724,0,11687,48318,50062,flow=11
axis_concur100,edgecc_no_prand,1,true,4194304,29054531,144359,78,2,76,0,17626,46399,50035,flow=12
axis_concur100,edgecc_no_prand,1,true,4194304,36519284,114851,813,10,780,0,351,42685,50035,flow=13
axis_concur100,edgecc_no_prand,1,true,4194304,33034005,126969,1044,9,1007,0,15349,50035,50063,flow=14
axis_concur100,edgecc_no_prand,1,true,4194304,35128364,119399,55,3,48,0,14350,41120,50035,flow=15
axis_concur100,edgecc_no_prand,1,true,4194304,34717879,120811,62,3,52,0,9879,44536,50035,flow=16
axis_concur100,edgecc_no_prand,1,true,4194304,35670611,117584,1859,23,1765,0,23710,50038,50069,flow=17
axis_concur100,edgecc_no_prand,1,true,4194304,32094701,130685,770,7,744,0,12595,50035,50035,flow=18
axis_concur100,edgecc_no_prand,1,true,4194304,32015612,131008,1120,16,1053,0,18679,48865,50035,flow=19
axis_concur100,edgecc_no_prand,1,true,4194304,32822988,127785,64,4,56,0,12946,42898,50035,flow=20
axis_concur100,edgecc_no_prand,1,true,4194304,40277751,104134,610,8,586,0,1467,38737,50035,flow=21
axis_concur100,edgecc_no_prand,1,true,4194304,32444907,129274,789,10,744,0,17860,50035,50047,flow=22
axis_concur100,edgecc_no_prand,1,true,4194304,35082342,119555,1353,14,1303,0,16039,47205,50035,flow=23
axis_concur100,edgecc_no_prand,1,true,4194304,25327296,165604,611,6,593,0,19732,49684,50035,flow=24
axis_concur100,edgecc_no_prand,1,true,4194304,32366435,129588,1823,20,1746,0,27454,50050,50072,flow=25
axis_concur100,edgecc_no_prand,1,true,4194304,34509338,121541,661,14,615,0,2650,46642,50035,flow=26
axis_concur100,edgecc_no_prand,1,true,4194304,36790268,114005,1888,19,1815,0,23425,49996,50062,flow=27
axis_concur100,edgecc_no_prand,1,true,4194304,44209574,94873,640,12,599,0,461,39601,50035,flow=28
axis_concur100,edgecc_no_prand,1,true,4194304,17745021,236365,66,2,62,0,27454,49918,50035,flow=29
axis_concur100,edgecc_no_prand,1,true,4194304,36443332,115091,66,3,61,0,8734,39856,50035,flow=30
axis_concur100,edgecc_no_prand,1,true,4194304,32075918,130761,1865,17,1772,0,19264,50035,50066,flow=31
axis_concur100,edgecc_no_prand,1,true,4194304,27936178,150138,86,3,77,0,15403,48046,50035,flow=32
axis_concur100,edgecc_no_prand,1,true,4194304,35080587,119561,889,9,851,0,14467,48490,50035,flow=33
axis_concur100,edgecc_no_prand,1,true,4194304,38079697,110145,1880,15,1819,0,27805,50055,50072,flow=34
axis_concur100,edgecc_no_prand,1,true,4194304,30862508,135902,50,3,44,0,12712,47227,50035,flow=35
axis_concur100,edgecc_no_prand,1,true,4194304,28584951,146731,1640,12,1584,0,21019,50035,50035,flow=36
axis_concur100,edgecc_no_prand,1,true,4194304,41145087,101939,676,10,635,0,585,39367,50035,flow=37
axis_concur100,edgecc_no_prand,1,true,4194304,27273571,153786,1613,14,1545,0,22891,50035,50053,flow=38
axis_concur100,edgecc_no_prand,1,true,4194304,25130698,166899,63,2,55,0,16339,44068,50035,flow=39
axis_concur100,edgecc_no_prand,1,true,4194304,26419849,158755,85,1,85,0,18211,42993,50035,flow=40
axis_concur100,edgecc_no_prand,1,true,4194304,31257224,134186,69,3,60,0,12595,43929,50035,flow=41
axis_concur100,edgecc_no_prand,1,true,4194304,26037471,161087,42,4,34,0,17509,47344,50035,flow=42
axis_concur100,edgecc_no_prand,1,true,4194304,23886457,175593,1720,14,1658,0,23125,50035,50062,flow=43
axis_concur100,edgecc_no_prand,1,true,4194304,37056414,113186,971,10,936,0,10069,46906,50035,flow=44
axis_concur100,edgecc_no_prand,1,true,4194304,26950845,155627,842,9,814,0,17041,49216,50035,flow=45
axis_concur100,edgecc_no_prand,1,true,4194304,33929221,123619,1013,11,975,0,5787,38803,50035,flow=46
axis_concur100,edgecc_no_prand,1,true,4194304,34637063,121092,64,4,57,0,14233,46642,50035,flow=47
axis_concur100,edgecc_no_prand,1,true,4194304,33380872,125649,48,2,43,0,12478,46525,50035,flow=48
axis_concur100,edgecc_no_prand,1,true,4194304,37173986,112829,724,10,692,0,3282,39388,50029,flow=49
axis_concur100,edgecc_no_prand,1,true,4194304,30873651,135853,68,5,62,0,11169,44419,50035,flow=50
axis_concur100,edgecc_no_prand,1,true,4194304,40498493,103566,714,8,685,0,1053,44419,50035,flow=51
axis_concur100,edgecc_no_prand,1,true,4194304,36336312,115430,740,14,691,0,4463,38922,50035,flow=52
axis_concur100,edgecc_no_prand,1,true,4194304,36252904,115695,1036,8,1012,0,15286,49099,50045,flow=53
axis_concur100,edgecc_no_prand,1,true,4194304,25188942,166513,807,9,779,0,13038,45565,50013,flow=54
axis_concur100,edgecc_no_prand,1,true,4194304,36669931,114379,923,11,889,0,2613,48931,50035,flow=55
axis_concur100,edgecc_no_prand,1,true,4194304,39257116,106841,1616,19,1542,0,19615,49931,50044,flow=56
axis_concur100,edgecc_no_prand,1,true,4194304,30122942,139239,723,6,703,0,2859,37867,50029,flow=57
axis_concur100,edgecc_no_prand,1,true,4194304,33078534,126798,1363,15,1305,0,11169,49939,50035,flow=58
axis_concur100,edgecc_no_prand,1,true,4194304,33708281,124429,1982,17,1898,0,20083,50062,50073,flow=59
axis_concur100,edgecc_no_prand,1,true,4194304,34187882,122683,1365,16,1296,0,13509,48444,50035,flow=60
axis_concur100,edgecc_no_prand,1,true,4194304,24652165,170139,706,6,679,0,17977,40909,50065,flow=61
axis_concur100,edgecc_no_prand,1,true,4194304,33675597,124550,805,8,774,0,15871,49796,50065,flow=62
axis_concur100,edgecc_no_prand,1,true,4194304,25626543,163670,367,2,352,0,18328,48865,50035,flow=63
axis_concur100,edgecc_no_prand,1,true,4194304,35946814,116680,986,9,943,0,8500,42898,50035,flow=64
axis_concur100,edgecc_no_prand,1,true,4194304,24623797,170335,1456,14,1387,0,20902,49042,50053,flow=65
axis_concur100,edgecc_no_prand,1,true,4194304,15330697,273588,1410,8,1376,0,16339,42985,49957,flow=66
axis_concur100,edgecc_no_prand,1,true,4194304,13854179,302746,979,5,953,0,17158,30496,42430,flow=67
axis_concur100,edgecc_no_prand,1,true,4194304,25274096,165952,58,3,53,0,19381,48046,50035,flow=68
axis_concur100,edgecc_no_prand,1,true,4194304,22094158,189837,1583,13,1470,0,22306,50044,50071,flow=69
axis_concur100,edgecc_no_prand,1,true,4194304,24576425,170663,1617,16,1527,0,22189,50035,50071,flow=70
axis_concur100,edgecc_no_prand,1,true,4194304,17501003,239660,1491,15,1409,0,21136,44094,50071,flow=71
axis_concur100,edgecc_no_prand,1,true,4194304,10141579,413575,980,5,944,0,17977,38849,50047,flow=72
axis_concur100,edgecc_no_prand,1,true,4194304,35177684,119231,53,2,48,0,10255,39213,50035,flow=73
axis_concur100,edgecc_no_prand,1,true,4194304,21182524,198007,1393,10,1345,0,18913,47153,50065,flow=74
axis_concur100,edgecc_no_prand,1,true,4194304,21379359,196184,1416,12,1355,0,20668,47074,50041,flow=75
axis_concur100,edgecc_no_prand,1,true,4194304,23068320,181820,1393,15,1316,0,21539,49978,50071,flow=76
axis_concur100,edgecc_no_prand,1,true,4194304,29274826,143273,131,3,122,0,16807,42664,50035,flow=77
axis_concur100,edgecc_no_prand,1,true,4194304,33443018,125416,1049,8,1011,0,14350,48024,50062,flow=78
axis_concur100,edgecc_no_prand,1,true,4194304,27765276,151062,37,2,33,0,13414,41377,50054,flow=79
axis_concur100,edgecc_no_prand,1,true,4194304,17228649,243449,1012,8,966,0,18094,42313,50068,flow=80
axis_concur100,edgecc_no_prand,1,true,4194304,20223822,207394,1549,8,1507,0,17977,49099,50062,flow=81
axis_concur100,edgecc_no_prand,1,true,4194304,27690301,151471,1091,5,1065,0,17158,49801,50068,flow=82
axis_concur100,edgecc_no_prand,1,true,4194304,35621243,117747,1172,9,1131,0,10606,46993,50068,flow=83
axis_concur100,edgecc_no_prand,1,true,4194304,36455712,115052,1168,9,1118,0,8423,48338,50071,flow=84
axis_concur100,edgecc_no_prand,1,true,4194304,13486470,311000,1158,8,1110,0,18211,38350,50038,flow=85
axis_concur100,edgecc_no_prand,1,true,4194304,31868866,131611,1151,9,1107,0,15052,49450,50068,flow=86
axis_concur100,edgecc_no_prand,1,true,4194304,30576865,137172,1096,9,1042,0,16807,48572,50035,flow=87
axis_concur100,edgecc_no_prand,1,true,4194304,28457361,147389,1319,8,1283,0,18211,49083,50071,flow=88
axis_concur100,edgecc_no_prand,1,true,4194304,22572291,185816,1112,11,1046,0,15754,48982,50050,flow=89
axis_concur100,edgecc_no_prand,1,true,4194304,23566367,177978,1626,13,1562,0,17509,48397,50005,flow=90
axis_concur100,edgecc_no_prand,1,true,4194304,29730031,141079,1100,10,1047,0,17275,48865,50062,flow=91
axis_concur100,edgecc_no_prand,1,true,4194304,30374746,138085,101,5,84,0,12361,45940,50035,flow=92
axis_concur100,edgecc_no_prand,1,true,4194304,34750423,120697,80,5,72,0,6979,40353,50013,flow=93
axis_concur100,edgecc_no_prand,1,true,4194304,40661817,103150,1153,14,1074,0,585,46750,50035,flow=94
axis_concur100,edgecc_no_prand,1,true,4194304,31359827,133747,1307,11,1250,0,17092,49990,50054,flow=95
axis_concur100,edgecc_no_prand,1,true,4194304,22179756,189105,1320,9,1265,0,22774,50035,50071,flow=96
axis_concur100,edgecc_no_prand,1,true,4194304,35023354,119757,70,3,66,0,5107,38920,50035,flow=97
axis_concur100,edgecc_no_prand,1,true,4194304,26026846,161152,41,2,37,0,13531,48748,49918,flow=98
axis_concur100,edgecc_no_prand,1,true,4194304,17697541,236999,50,3,42,0,21816,38215,49567,flow=99
axis_concur100,edgecc_no_prand,1,fairness_min=94873,fairness_max=413575,fairness_ratio=0.229
axis_concur100,edgecc_no_prand,2,true,4194304,43901790,95538,2257,22,2173,0,117,50047,50071,flow=0
axis_concur100,edgecc_no_prand,2,true,4194304,31345024,133810,38,1,38,0,11074,43249,50035,flow=1
axis_concur100,edgecc_no_prand,2,true,4194304,30350133,138197,66,6,45,0,10840,43812,49918,flow=2
axis_concur100,edgecc_no_prand,2,true,4194304,39276672,106788,840,7,820,0,11191,50035,50035,flow=3
axis_concur100,edgecc_no_prand,2,true,4194304,33488477,125246,44,1,44,0,12361,41845,50035,flow=4
axis_concur100,edgecc_no_prand,2,true,4194304,32234462,130118,646,11,609,0,7681,41728,50035,flow=5
axis_concur100,edgecc_no_prand,2,true,4194304,43197277,97096,791,8,765,0,265,40653,50035,flow=6
axis_concur100,edgecc_no_prand,2,true,4194304,31333017,133862,606,3,598,0,8383,42430,50035,flow=7
axis_concur100,edgecc_no_prand,2,true,4194304,23337116,179726,45,2,41,0,13648,44302,50035,flow=8
axis_concur100,edgecc_no_prand,2,true,4194304,35604894,117801,1203,17,1136,0,13764,50015,50052,flow=9
axis_concur100,edgecc_no_prand,2,true,4194304,33785240,124146,65,5,55,0,10957,41355,49918,flow=10
axis_concur100,edgecc_no_prand,2,true,4194304,27610347,151910,765,4,745,0,18288,50034,50058,flow=11
axis_concur100,edgecc_no_prand,2,true,4194304,31329719,133876,587,9,553,0,9787,48280,50035,flow=12
axis_concur100,edgecc_no_prand,2,true,4194304,34633039,121107,912,10,873,0,10606,49909,50039,flow=13
axis_concur100,edgecc_no_prand,2,true,4194304,18120650,231465,575,5,556,0,23593,49685,50035,flow=14
axis_concur100,edgecc_no_prand,2,true,4194304,30788257,136230,558,7,529,0,14818,49975,50062,flow=15
axis_concur100,edgecc_no_prand,2,true,4194304,32755290,128049,751,9,719,0,12010,49801,50035,flow=16
axis_concur100,edgecc_no_prand,2,true,4194304,31645717,132539,47,3,39,0,8851,45706,50035,flow=17
axis_concur100,edgecc_no_prand,2,true,4194304,30159660,139070,47,3,46,0,11776,42079,50013,flow=18
axis_concur100,edgecc_no_prand,2,true,4194304,28963719,144812,584,10,545,0,8127,48982,50035,flow=19
axis_concur100,edgecc_no_prand,2,true,4194304,31719375,132231,663,5,644,0,19498,48981,50035,flow=20
axis_concur100,edgecc_no_prand,2,true,4194304,33471746,125308,794,11,756,0,10936,49216,50035,flow=21
axis_concur100,edgecc_no_prand,2,true,4194304,34731071,120765,908,6,892,0,8361,49948,50040,flow=22
axis_concur100,edgecc_no_prand,2,true,4194304,37769359,111050,626,11,584,0,4308,37569,50035,flow=23
axis_concur100,edgecc_no_prand,2,true,4194304,35058408,119637,725,9,689,0,10606,49918,50064,flow=24
axis_concur100,edgecc_no_prand,2,true,4194304,35747270,117332,621,9,588,0,7760,43296,50035,flow=25
axis_concur100,edgecc_no_prand,2,true,4194304,33733329,124337,35,2,28,0,12359,41728,50035,flow=26
axis_concur100,edgecc_no_prand,2,true,4194304,31493421,133180,1015,7,985,0,13970,48023,50045,flow=27
axis_concur100,edgecc_no_prand,2,true,4194304,35348971,118654,613,5,593,0,10953,42430,50035,flow=28
axis_concur100,edgecc_no_prand,2,true,4194304,27291867,153683,636,5,616,0,5319,48514,50035,flow=29
axis_concur100,edgecc_no_prand,2,true,4194304,25361744,165379,1554,10,1511,0,22202,50035,50054,flow=30
axis_concur100,edgecc_no_prand,2,true,4194304,32767853,128000,633,9,597,0,8383,48046,50035,flow=31
axis_concur100,edgecc_no_prand,2,true,4194304,35882051,116891,777,5,753,0,11186,47477,50048,flow=32
axis_concur100,edgecc_no_prand,2,true,4194304,29683281,141301,51,1,48,0,15678,46057,50035,flow=33
axis_concur100,edgecc_no_prand,2,true,4194304,36142685,116048,60,3,51,0,10489,45541,50035,flow=34
axis_concur100,edgecc_no_prand,2,true,4194304,34280287,122353,1268,14,1209,0,19319,49896,50035,flow=35
axis_concur100,edgecc_no_prand,2,true,4194304,25853654,162232,766,5,748,0,18951,49328,50035,flow=36
axis_concur100,edgecc_no_prand,2,true,4194304,35184072,119210,756,9,722,0,9553,45704,50035,flow=37
axis_concur100,edgecc_no_prand,2,true,4194304,33595674,124846,1450,5,1429,0,13531,50011,50058,flow=38
axis_concur100,edgecc_no_prand,2,true,4194304,28504795,147143,45,4,34,0,16924,48514,50035,flow=39
axis_concur100,edgecc_no_prand,2,true,4194304,39497793,106190,1756,19,1678,0,19030,50035,50068,flow=40
axis_concur100,edgecc_no_prand,2,true,4194304,31193098,134462,1173,10,1129,0,15403,49333,50035,flow=41
axis_concur100,edgecc_no_prand,2,true,4194304,34103285,122988,1706,15,1628,0,16573,50035,50060,flow=42
axis_concur100,edgecc_no_prand,2,true,4194304,30823844,136073,37,2,33,0,10723,41026,50013,flow=43
axis_concur100,edgecc_no_prand,2,true,4194304,44089690,95131,682,8,652,0,525,40792,50035,flow=44
axis_concur100,edgecc_no_prand,2,true,4194304,33937307,123589,777,12,736,0,10138,47439,50035,flow=45
axis_concur100,edgecc_no_prand,2,true,4194304,32746420,128084,677,5,654,0,13999,48865,50035,flow=46
axis_concur100,edgecc_no_prand,2,true,4194304,36826855,113892,732,6,705,0,5484,48923,50035,flow=47
axis_concur100,edgecc_no_prand,2,true,4194304,34624840,121135,1749,18,1676,0,19984,50017,50051,flow=48
axis_concur100,edgecc_no_prand,2,true,4194304,43888943,95566,1002,13,951,0,212,43276,50035,flow=49
axis_concur100,edgecc_no_prand,2,true,4194304,41210905,101776,1053,13,1005,0,864,34591,49739,flow=50
axis_concur100,edgecc_no_prand,2,true,4194304,36314135,115500,1443,21,1361,0,13531,49313,50055,flow=51
axis_concur100,edgecc_no_prand,2,true,4194304,17577368,238619,44,0,44,0,18445,39739,50035,flow=52
axis_concur100,edgecc_no_prand,2,true,4194304,31816643,131827,714,5,698,0,6511,36270,49990,flow=53
axis_concur100,edgecc_no_prand,2,true,4194304,26557937,157930,733,8,705,0,6021,40441,50038,flow=54
axis_concur100,edgecc_no_prand,2,true,4194304,30225806,138765,1125,14,1060,0,12712,48734,50035,flow=55
axis_concur100,edgecc_no_prand,2,true,4194304,29561345,141884,944,6,913,0,11659,49662,50035,flow=56
axis_concur100,edgecc_no_prand,2,true,4194304,37091561,113079,779,11,743,0,266,37282,50035,flow=57
axis_concur100,edgecc_no_prand,2,true,4194304,35959585,116639,953,7,923,0,11191,40207,50013,flow=58
axis_concur100,edgecc_no_prand,2,true,4194304,35815478,117108,74,4,61,0,8851,40792,49981,flow=59
axis_concur100,edgecc_no_prand,2,true,4194304,38533535,108848,973,10,927,0,6979,40207,49918,flow=60
axis_concur100,edgecc_no_prand,2,true,4194304,23023014,182178,215,3,203,0,20083,47344,50035,flow=61
axis_concur100,edgecc_no_prand,2,true,4194304,23060903,181879,1432,12,1368,0,19615,49903,50059,flow=62
axis_concur100,edgecc_no_prand,2,true,4194304,29249066,143399,1318,11,1261,0,18211,49069,50053,flow=63
axis_concur100,edgecc_no_prand,2,true,4194304,21031944,199425,1706,13,1639,0,16456,50057,50073,flow=64
axis_concur100,edgecc_no_prand,2,true,4194304,25475212,164642,66,4,53,0,19147,48745,50035,flow=65
axis_concur100,edgecc_no_prand,2,true,4194304,22820971,183791,1424,10,1342,0,19966,49684,50051,flow=66
axis_concur100,edgecc_no_prand,2,true,4194304,39127711,107195,1021,12,973,0,4730,40792,50035,flow=67
axis_concur100,edgecc_no_prand,2,true,4194304,17681220,237218,961,9,913,0,19615,48280,50035,flow=68
axis_concur100,edgecc_no_prand,2,true,4194304,35432569,118374,1031,10,984,0,9009,45823,50035,flow=69
axis_concur100,edgecc_no_prand,2,true,4194304,19654103,213406,845,6,812,0,21604,49801,50074,flow=70
axis_concur100,edgecc_no_prand,2,true,4194304,36782544,114029,1051,13,989,0,8734,41494,50035,flow=71
axis_concur100,edgecc_no_prand,2,true,4194304,16731597,250681,1017,8,977,0,18796,40909,50035,flow=72
axis_concur100,edgecc_no_prand,2,true,4194304,33178532,126416,136,5,119,0,13882,42876,50035,flow=73
axis_concur100,edgecc_no_prand,2,true,4194304,18172810,230801,1432,11,1371,0,26869,50035,50047,flow=74
axis_concur100,edgecc_no_prand,2,true,4194304,21251297,197366,1472,9,1338,0,21955,49918,50071,flow=75
axis_concur100,edgecc_no_prand,2,true,4194304,23096001,181603,1525,10,1473,0,21838,50056,50071,flow=76
axis_concur100,edgecc_no_prand,2,true,4194304,17665915,237423,965,4,950,0,21370,49684,50068,flow=77
axis_concur100,edgecc_no_prand,2,true,4194304,15877987,264158,1104,7,1059,0,22657,49567,50035,flow=78
axis_concur100,edgecc_no_prand,2,true,4194304,20547937,204122,1411,9,1364,0,22657,50053,50071,flow=79
axis_concur100,edgecc_no_prand,2,true,4194304,12759491,328720,46,3,38,0,20668,40792,44419,flow=80
axis_concur100,edgecc_no_prand,2,true,4194304,26013666,161234,65,3,57,0,16573,49545,50035,flow=81
axis_concur100,edgecc_no_prand,2,true,4194304,25951678,161619,78,2,74,0,16807,48865,50035,flow=82
axis_concur100,edgecc_no_prand,2,true,4194304,22110523,189697,1403,13,1327,0,20200,50035,50071,flow=83
axis_concur100,edgecc_no_prand,2,true,4194304,24685642,169908,1371,5,1346,0,19264,49684,50035,flow=84
axis_concur100,edgecc_no_prand,2,true,4194304,33188360,126378,1555,16,1472,0,7798,50035,50068,flow=85
axis_concur100,edgecc_no_prand,2,true,4194304,8091959,518329,1035,3,1016,0,19030,49801,50059,flow=86
axis_concur100,edgecc_no_prand,2,true,4194304,28617445,146564,50,2,46,0,12478,40909,50035,flow=87
axis_concur100,edgecc_no_prand,2,true,4194304,22232766,188654,1172,6,1132,0,18562,49801,50062,flow=88
axis_concur100,edgecc_no_prand,2,true,4194304,11407015,367695,1271,5,1239,0,17509,48256,50056,flow=89
axis_concur100,edgecc_no_prand,2,true,4194304,11581557,362153,1107,7,1069,0,24763,45295,50071,flow=90
axis_concur100,edgecc_no_prand,2,true,4194304,34570589,121325,1185,10,1124,0,11191,49216,50062,flow=91
axis_concur100,edgecc_no_prand,2,true,4194304,35332452,118709,1211,15,1134,0,8617,49918,50068,flow=92
axis_concur100,edgecc_no_prand,2,true,4194304,29718482,141134,1366,15,1285,0,8617,50033,50071,flow=93
axis_concur100,edgecc_no_prand,2,true,4194304,35200781,119153,1890,17,1803,0,3949,49801,50035,flow=94
axis_concur100,edgecc_no_prand,2,true,4194304,25827758,162395,1051,12,1007,0,22072,49739,50068,flow=95
axis_concur100,edgecc_no_prand,2,true,4194304,28577804,146767,53,4,44,0,17158,49450,50035,flow=96
axis_concur100,edgecc_no_prand,2,true,4194304,35920923,116764,88,6,67,0,12010,44653,50035,flow=97
axis_concur100,edgecc_no_prand,2,true,4194304,28952860,144866,60,4,46,0,12361,41728,50028,flow=98
axis_concur100,edgecc_no_prand,2,true,4194304,30843731,135985,75,7,62,0,9904,42374,49918,flow=99
axis_concur100,edgecc_no_prand,2,fairness_min=95131,fairness_max=518329,fairness_ratio=0.184
axis_concur100,edgecc_loss_blind,0,true,4194304,40050643,104725,2205,25,2104,0,117,50050,50071,flow=0
axis_concur100,edgecc_loss_blind,0,true,4194304,30152005,139105,777,7,749,0,8361,49567,50063,flow=1
axis_concur100,edgecc_loss_blind,0,true,4194304,34711633,120832,781,9,750,0,11592,46725,50059,flow=2
axis_concur100,edgecc_loss_blind,0,true,4194304,36609010,114570,735,10,702,0,5027,49567,50035,flow=3
axis_concur100,edgecc_loss_blind,0,true,4194304,33529664,125092,766,10,733,0,5211,45004,50035,flow=4
axis_concur100,edgecc_loss_blind,0,true,4194304,26048758,161017,55,3,46,0,17392,44536,49918,flow=5
axis_concur100,edgecc_loss_blind,0,true,4194304,37172126,112834,759,8,678,0,6435,50035,50035,flow=6
axis_concur100,edgecc_loss_blind,0,true,4194304,32979296,127179,1385,13,1334,0,10773,49973,50062,flow=7
axis_concur100,edgecc_loss_blind,0,true,4194304,29272100,143286,808,9,776,0,4114,43831,50062,flow=8
axis_concur100,edgecc_loss_blind,0,true,4194304,32103740,130648,1894,20,1799,0,18989,49854,50049,flow=9
axis_concur100,edgecc_loss_blind,0,true,4194304,36968677,113455,815,8,786,0,585,39622,49567,flow=10
axis_concur100,edgecc_loss_blind,0,true,4194304,39480001,106238,829,9,797,0,777,38961,50032,flow=11
axis_concur100,edgecc_loss_blind,0,true,4194304,34076921,123083,596,8,567,0,7798,46836,50035,flow=12
axis_concur100,edgecc_loss_blind,0,true,4194304,32267069,129987,583,7,557,0,4699,42933,50035,flow=13
axis_concur100,edgecc_loss_blind,0,true,4194304,31205802,134407,1730,16,1649,0,19381,49990,50064,flow=14
axis_concur100,edgecc_loss_blind,0,true,4194304,34784660,120579,1394,16,1336,0,10021,50035,50053,flow=15
axis_concur100,edgecc_loss_blind,0,true,4194304,34131196,122887,846,5,824,0,10957,49999,50058,flow=16
axis_concur100,edgecc_loss_blind,0,true,4194304,20710284,202522,652,6,630,0,13239,45355,49970,flow=17
axis_concur100,edgecc_loss_blind,0,true,4194304,38554766,108788,1003,7,975,0,7099,50035,50067,flow=18
axis_concur100,edgecc_loss_blind,0,true,4194304,32070120,130785,1002,8,976,0,11542,50030,50035,flow=19
axis_concur100,edgecc_loss_blind,0,true,4194304,30686563,136682,53,3,39,0,14818,43951,50035,flow=20
axis_concur100,edgecc_loss_blind,0,true,4194304,34745990,120713,657,11,614,0,10255,48865,50035,flow=21
axis_concur100,edgecc_loss_blind,0,true,4194304,35369945,118583,716,13,667,0,8687,47288,50035,flow=22
axis_concur100,edgecc_loss_blind,0,true,4194304,28269159,148370,979,9,946,0,12820,49918,50035,flow=23
axis_concur100,edgecc_loss_blind,0,true,4194304,13081935,320618,371,1,360,0,21019,49975,50063,flow=24
axis_concur100,edgecc_loss_blind,0,true,4194304,34425066,121838,653,10,616,0,10494,46375,50035,flow=25
axis_concur100,edgecc_loss_blind,0,true,4194304,37502217,111841,1629,18,1556,0,17626,49918,50035,flow=26
axis_concur100,edgecc_loss_blind,0,true,4194304,34094471,123020,1217,5,1194,0,8266,50013,50067,flow=27
axis_concur100,edgecc_loss_blind,0,true,4194304,18852642,222478,147,4,132,0,18328,42502,49918,flow=28
axis_concur100,edgecc_loss_blind,0,true,4194304,26114746,160610,1272,11,1198,0,15403,50017,50047,flow=29
axis_concur100,edgecc_loss_blind,0,true,4194304,33444081,125412,1712,12,1656,0,13765,49974,50035,flow=30
axis_concur100,edgecc_loss_blind,0,true,4194304,36079423,116251,913,9,876,0,10957,46493,50035,flow=31
axis_concur100,edgecc_loss_blind,0,true,4194304,38202470,109791,888,7,859,0,7329,47767,50035,flow=32
axis_concur100,edgecc_loss_blind,0,true,4194304,33159896,126487,643,7,614,0,4446,41356,50035,flow=33
axis_concur100,edgecc_loss_blind,0,true,4194304,38248002,109660,1516,13,1465,0,12244,49975,50041,flow=34
axis_concur100,edgecc_loss_blind,0,true,4194304,36228770,115772,1122,7,1092,0,7191,47767,50035,flow=35
axis_concur100,edgecc_loss_blind,0,true,4194304,28169934,148892,51,3,42,0,16339,40675,50035,flow=36
axis_concur100,edgecc_loss_blind,0,true,4194304,34263076,122414,1009,5,984,0,10372,49567,50052,flow=37
axis_concur100,edgecc_loss_blind,0,true,4194304,32273162,129962,1566,14,1496,0,15403,49801,50035,flow=38
axis_concur100,edgecc_loss_blind,0,true,4194304,31077330,134963,656,5,636,0,5865,39037,50035,flow=39
axis_concur100,edgecc_loss_blind,0,true,4194304,38135986,109982,955,8,923,0,4262,47578,50035,flow=40
axis_concur100,edgecc_loss_blind,0,true,4194304,34705657,120853,1334,13,1283,0,7798,48278,50054,flow=41
axis_concur100,edgecc_loss_blind,0,true,4194304,36255114,115688,984,11,944,0,8500,47144,50035,flow=42
axis_concur100,edgecc_loss_blind,0,true,4194304,39583349,105961,1007,12,970,0,1980,37858,49757,flow=43
axis_concur100,edgecc_loss_blind,0,true,4194304,40718644,103006,1952,17,1887,0,14838,50037,50070,flow=44
axis_concur100,edgecc_loss_blind,0,true,4194304,36435133,115117,742,12,702,0,7017,46935,50035,flow=45
axis_concur100,edgecc_loss_blind,0,true,4194304,31336339,133847,43,3,34,0,10723,40558,50035,flow=46
axis_concur100,edgecc_loss_blind,0,true,4194304,34708209,120844,1310,11,1268,0,20876,50035,50065,flow=47
axis_concur100,edgecc_loss_blind,0,true,4194304,39793603,105401,1958,17,1891,0,12010,50045,50069,flow=48
axis_concur100,edgecc_loss_blind,0,true,4194304,40176118,104397,1048,11,1009,0,207,38335,50013,flow=49
axis_concur100,edgecc_loss_blind,0,true,4194304,34656359,121025,2486,21,2401,0,46405,50067,50074,flow=50
axis_concur100,edgecc_loss_blind,0,true,4194304,35298683,118823,1539,13,1490,0,16456,49432,50035,flow=51
axis_concur100,edgecc_loss_blind,0,true,4194304,32454981,129234,752,7,726,0,4288,42933,49989,flow=52
axis_concur100,edgecc_loss_blind,0,true,4194304,34822100,120449,1616,15,1556,0,15533,50024,50057,flow=53
axis_concur100,edgecc_loss_blind,0,true,4194304,35502278,118141,1671,14,1618,0,15520,49159,50039,flow=54
axis_concur100,edgecc_loss_blind,0,true,4194304,16293380,257423,73,1,69,0,20551,46993,50035,flow=55
axis_concur100,edgecc_loss_blind,0,true,4194304,34423099,121845,1499,19,1418,0,13625,48201,50035,flow=56
axis_concur100,edgecc_loss_blind,0,true,4194304,34911785,120140,773,14,721,0,2357,41390,50035,flow=57
axis_concur100,edgecc_loss_blind,0,true,4194304,31398836,133581,1602,10,1560,0,14903,49684,50052,flow=58
axis_concur100,edgecc_loss_blind,0,true,4194304,40121935,104538,1019,16,948,0,468,40207,50009,flow=59
axis_concur100,edgecc_loss_blind,0,true,4194304,19920047,210556,1593,9,1560,0,26284,43819,49663,flow=60
axis_concur100,edgecc_loss_blind,0,true,4194304,18665423,224709,1026,6,994,0,18211,45355,49918,flow=61
axis_concur100,edgecc_loss_blind,0,true,4194304,21218268,197674,1547,7,1508,0,22072,50047,50071,flow=62
axis_concur100,edgecc_loss_blind,0,true,4194304,26736778,156873,957,13,893,0,19008,49567,50068,flow=63
axis_concur100,edgecc_loss_blind,0,true,4194304,18457185,227245,35,0,35,0,17392,41728,49918,flow=64
axis_concur100,edgecc_loss_blind,0,true,4194304,27756542,151110,45,2,45,0,15286,42079,50035,flow=65
axis_concur100,edgecc_loss_blind,0,true,4194304,15687576,267364,65,1,64,0,18679,35176,49918,flow=66
axis_concur100,edgecc_loss_blind,0,true,4194304,37440568,112025,1013,8,976,0,6160,41611,50003,flow=67
axis_concur100,edgecc_loss_blind,0,true,4194304,29878701,140377,1022,8,985,0,14818,48163,50035,flow=68
axis_concur100,edgecc_loss_blind,0,true,4194304,27107925,154726,1045,10,994,0,10191,46151,50031,flow=69
axis_concur100,edgecc_loss_blind,0,true,4194304,15267568,274719,172,2,166,0,22980,47341,50035,flow=70
axis_concur100,edgecc_loss_blind,0,true,4194304,29835021,140583,1291,13,1218,0,15579,50032,50068,flow=71
axis_concur100,edgecc_loss_blind,0,true,4194304,20301211,206603,1278,8,1241,0,20668,48478,50050,flow=72
axis_concur100,edgecc_loss_blind,0,true,4194304,27311808,153571,2561,24,2413,0,36697,50015,50059,flow=73
axis_concur100,edgecc_loss_blind,0,true,4194304,26398490,158884,1290,7,1245,0,15403,50052,50070,flow=74
axis_concur100,edgecc_loss_blind,0,true,4194304,32734485,128131,1032,6,993,0,13765,50035,50068,flow=75
axis_concur100,edgecc_loss_blind,0,true,4194304,17273679,242814,1485,11,1430,0,21604,47110,48982,flow=76
axis_concur100,edgecc_loss_blind,0,true,4194304,12349654,339629,1174,6,1150,0,23827,48860,49450,flow=77
axis_concur100,edgecc_loss_blind,0,true,4194304,26972442,155503,58,3,54,0,12946,45238,50035,flow=78
axis_concur100,edgecc_loss_blind,0,true,4194304,28475459,147295,1088,9,1008,0,17158,44653,50056,flow=79
axis_concur100,edgecc_loss_blind,0,true,4194304,38598431,108665,1084,16,1011,0,2182,45567,50068,flow=80
axis_concur100,edgecc_loss_blind,0,true,4194304,18067714,232143,47,1,47,0,19381,44302,50035,flow=81
axis_concur100,edgecc_loss_blind,0,true,4194304,17027416,246326,1163,11,1107,0,19030,50035,50068,flow=82
axis_concur100,edgecc_loss_blind,0,true,4194304,17956352,233583,38,1,38,0,18094,38961,48163,flow=83
axis_concur100,edgecc_loss_blind,0,true,4194304,22807473,183900,45,2,45,0,12478,44536,50035,flow=84
axis_concur100,edgecc_loss_blind,0,true,4194304,32541375,128891,872,10,833,0,15403,49918,50056,flow=85
axis_concur100,edgecc_loss_blind,0,true,4194304,22293693,188138,1371,15,1294,0,15403,48101,50035,flow=86
axis_concur100,edgecc_loss_blind,0,true,4194304,23711672,176887,1208,7,1167,0,15403,50035,50068,flow=87
axis_concur100,edgecc_loss_blind,0,true,4194304,31137158,134704,78,3,69,0,11425,41494,50035,flow=88
axis_concur100,edgecc_loss_blind,0,true,4194304,19919367,210564,1199,7,1161,0,17743,48163,50053,flow=89
axis_concur100,edgecc_loss_blind,0,true,4194304,34615336,121168,1117,8,1071,0,7447,45238,50035,flow=90
axis_concur100,edgecc_loss_blind,0,true,4194304,30986418,135359,2574,22,2475,0,46264,50074,50074,flow=91
axis_concur100,edgecc_loss_blind,0,true,4194304,36794012,113994,1120,10,1071,0,6160,47656,50058,flow=92
axis_concur100,edgecc_loss_blind,0,true,4194304,33841789,123938,1162,13,1093,0,10372,45842,50035,flow=93
axis_concur100,edgecc_loss_blind,0,true,4194304,14098058,297509,1465,7,1421,0,19849,47569,49684,flow=94
axis_concur100,edgecc_loss_blind,0,true,4194304,42164927,99473,1185,15,1115,0,234,40205,50035,flow=95
axis_concur100,edgecc_loss_blind,0,true,4194304,39606874,105898,1057,16,979,0,1486,44302,50035,flow=96
axis_concur100,edgecc_loss_blind,0,true,4194304,34106851,122975,1159,9,1106,0,7137,46408,50035,flow=97
axis_concur100,edgecc_loss_blind,0,true,4194304,24074697,174220,93,1,93,0,11871,50035,50035,flow=98
axis_concur100,edgecc_loss_blind,0,true,4194304,35813579,117114,1093,9,1046,0,7564,50035,50068,flow=99
axis_concur100,edgecc_loss_blind,0,fairness_min=99473,fairness_max=339629,fairness_ratio=0.293
axis_concur100,edgecc_loss_blind,1,true,4194304,36717681,114231,1189,16,1126,0,351,48556,50062,flow=0
axis_concur100,edgecc_loss_blind,1,true,4194304,36511034,114877,62,7,42,0,12829,46876,50035,flow=1
axis_concur100,edgecc_loss_blind,1,true,4194304,26387360,158951,767,8,735,0,15403,49991,50057,flow=2
axis_concur100,edgecc_loss_blind,1,true,4194304,31803988,131879,60,4,52,0,11308,44185,50035,flow=3
axis_concur100,edgecc_loss_blind,1,true,4194304,43205738,97077,808,10,772,0,415,43850,50035,flow=4
axis_concur100,edgecc_loss_blind,1,true,4194304,40994477,102313,686,9,654,0,2977,49801,50035,flow=5
axis_concur100,edgecc_loss_blind,1,true,4194304,27754589,151121,620,9,591,0,13648,49519,50035,flow=6
axis_concur100,edgecc_loss_blind,1,true,4194304,27949433,150067,626,9,593,0,25231,43834,50035,flow=7
axis_concur100,edgecc_loss_blind,1,true,4194304,36165775,115974,919,13,876,0,14701,49918,50035,flow=8
axis_concur100,edgecc_loss_blind,1,true,4194304,26409103,158820,274,6,260,0,18796,45706,50035,flow=9
axis_concur100,edgecc_loss_blind,1,true,4194304,34047800,123188,1085,11,1044,0,19147,49998,50035,flow=10
axis_concur100,edgecc_loss_blind,1,true,4194304,37161268,112867,1548,11,1499,0,9637,50031,50068,flow=11
axis_concur100,edgecc_loss_blind,1,true,4194304,34583279,121281,1529,19,1453,0,22423,50041,50069,flow=12
axis_concur100,edgecc_loss_blind,1,true,4194304,37963023,110483,1629,15,1553,0,18048,50008,50056,flow=13
axis_concur100,edgecc_loss_blind,1,true,4194304,35762977,117280,696,8,676,0,9390,48982,50035,flow=14
axis_concur100,edgecc_loss_blind,1,true,4194304,34473231,121668,70,7,53,0,13414,48423,50035,flow=15
axis_concur100,edgecc_loss_blind,1,true,4194304,28314457,148132,83,5,65,0,14701,45004,50035,flow=16
axis_concur100,edgecc_loss_blind,1,true,4194304,32794590,127896,1248,12,1190,0,9553,50023,50051,flow=17
axis_concur100,edgecc_loss_blind,1,true,4194304,23923733,175319,775,9,738,0,18796,50035,50035,flow=18
axis_concur100,edgecc_loss_blind,1,true,4194304,21009772,199635,599,6,579,0,19615,48982,50035,flow=19
axis_concur100,edgecc_loss_blind,1,true,4194304,20797749,201671,44,2,40,0,20785,45472,50035,flow=20
axis_concur100,edgecc_loss_blind,1,true,4194304,31793341,131923,1213,12,1154,0,18463,49763,50035,flow=21
axis_concur100,edgecc_loss_blind,1,true,4194304,39448735,106322,612,8,588,0,1499,43600,50035,flow=22
axis_concur100,edgecc_loss_blind,1,true,4194304,34613706,121174,1176,14,1125,0,16105,49987,50053,flow=23
axis_concur100,edgecc_loss_blind,1,true,4194304,45748598,91681,627,10,591,0,234,41845,50035,flow=24
axis_concur100,edgecc_loss_blind,1,true,4194304,26188125,160160,1034,10,997,0,18914,47576,50033,flow=25
axis_concur100,edgecc_loss_blind,1,true,4194304,33471532,125309,642,10,610,0,3820,44536,50035,flow=26
axis_concur100,edgecc_loss_blind,1,true,4194304,38726211,108306,1431,15,1373,0,17977,50042,50071,flow=27
axis_concur100,edgecc_loss_blind,1,true,4194304,31426050,133465,740,6,721,0,19624,49372,50035,flow=28
axis_concur100,edgecc_loss_blind,1,true,4194304,26675857,157232,207,3,198,0,21136,49684,50035,flow=29
axis_concur100,edgecc_loss_blind,1,true,4194304,29319457,143055,42,3,38,0,16807,49333,50035,flow=30
axis_concur100,edgecc_loss_blind,1,true,4194304,38377199,109291,1985,17,1914,0,26167,50048,50071,flow=31
axis_concur100,edgecc_loss_blind,1,true,4194304,28177912,148850,60,5,44,0,16924,48280,50035,flow=32
axis_concur100,edgecc_loss_blind,1,true,4194304,25340144,165520,727,7,699,0,15871,49880,50043,flow=33
axis_concur100,edgecc_loss_blind,1,true,4194304,36441473,115096,1236,9,1198,0,11659,50035,50063,flow=34
axis_concur100,edgecc_loss_blind,1,true,4194304,32695292,128284,170,4,160,0,16105,49605,50035,flow=35
axis_concur100,edgecc_loss_blind,1,true,4194304,30456227,137715,1072,6,1040,0,19254,49684,50043,flow=36
axis_concur100,edgecc_loss_blind,1,true,4194304,40325101,104012,1512,17,1442,0,16807,50005,50053,flow=37
axis_concur100,edgecc_loss_blind,1,true,4194304,33722492,124377,754,8,729,0,11659,47907,50035,flow=38
axis_concur100,edgecc_loss_blind,1,true,4194304,10358220,404925,64,3,51,0,19966,43177,49684,flow=39
axis_concur100,edgecc_loss_blind,1,true,4194304,26960578,155571,26,0,26,0,19030,49801,50035,flow=40
axis_concur100,edgecc_loss_blind,1,true,4194304,23892048,175552,454,3,422,0,21136,49990,50044,flow=41
axis_concur100,edgecc_loss_blind,1,true,4194304,30291794,138463,49,3,36,0,16222,47160,49918,flow=42
axis_concur100,edgecc_loss_blind,1,true,4194304,28529596,147015,818,4,799,0,18306,49874,50050,flow=43
axis_concur100,edgecc_loss_blind,1,true,4194304,36426474,115144,784,14,739,0,13063,46876,50035,flow=44
axis_concur100,edgecc_loss_blind,1,true,4194304,39044288,107424,1125,12,1069,0,4977,49952,50035,flow=45
axis_concur100,edgecc_loss_blind,1,true,4194304,41658846,100682,1637,12,1584,0,4224,50034,50065,flow=46
axis_concur100,edgecc_loss_blind,1,true,4194304,35983305,116562,1032,14,980,0,11526,41805,50035,flow=47
axis_concur100,edgecc_loss_blind,1,true,4194304,22552814,185976,151,3,145,0,26847,49918,50035,flow=48
axis_concur100,edgecc_loss_blind,1,true,4194304,37592499,111572,1116,16,1057,0,12478,48748,50035,flow=49
axis_concur100,edgecc_loss_blind,1,true,4194304,44903234,93407,1054,12,1012,0,117,38139,49918,flow=50
axis_concur100,edgecc_loss_blind,1,true,4194304,26254464,159755,722,10,686,0,13648,49333,50035,flow=51
axis_concur100,edgecc_loss_blind,1,true,4194304,27482884,152615,695,6,675,0,5545,39363,50035,flow=52
axis_concur100,edgecc_loss_blind,1,true,4194304,36864276,113776,975,11,933,0,9904,50011,50061,flow=53
axis_concur100,edgecc_loss_blind,1,true,4194304,44990121,93227,726,8,701,0,234,43015,50035,flow=54
axis_concur100,edgecc_loss_blind,1,true,4194304,34579590,121294,1522,13,1473,0,21019,49987,50043,flow=55
axis_concur100,edgecc_loss_blind,1,true,4194304,34428442,121826,885,7,861,0,11425,48865,50035,flow=56
axis_concur100,edgecc_loss_blind,1,true,4194304,32571088,128773,1644,19,1566,0,22986,50035,50061,flow=57
axis_concur100,edgecc_loss_blind,1,true,4194304,23956181,175082,507,5,491,0,19264,48865,50038,flow=58
axis_concur100,edgecc_loss_blind,1,true,4194304,34517966,121510,750,9,712,0,16764,49986,50062,flow=59
axis_concur100,edgecc_loss_blind,1,true,4194304,34663934,120999,1159,9,1114,0,16290,50035,50070,flow=60
axis_concur100,edgecc_loss_blind,1,true,4194304,35022646,119759,856,9,819,0,16162,49567,50065,flow=61
axis_concur100,edgecc_loss_blind,1,true,4194304,25080214,167235,69,3,64,0,18423,49216,50035,flow=62
axis_concur100,edgecc_loss_blind,1,true,4194304,32139821,130501,2104,21,2019,0,25725,50062,50074,flow=63
axis_concur100,edgecc_loss_blind,1,true,4194304,35199866,119156,1409,19,1319,0,22189,50018,50049,flow=64
axis_concur100,edgecc_loss_blind,1,true,4194304,26965860,155541,1614,20,1528,0,21955,47764,50035,flow=65
axis_concur100,edgecc_loss_blind,1,true,4194304,42028426,99796,1046,17,958,0,585,42898,50035,flow=66
axis_concur100,edgecc_loss_blind,1,true,4194304,19654447,213402,1169,12,1118,0,22540,49545,50035,flow=67
axis_concur100,edgecc_loss_blind,1,true,4194304,4264297,983586,949,1,943,0,26752,49918,49918,flow=68
axis_concur100,edgecc_loss_blind,1,true,4194304,28897344,145144,45,3,37,0,15052,49545,50035,flow=69
axis_concur100,edgecc_loss_blind,1,true,4194304,19666966,213266,1599,12,1530,0,17509,49684,50068,flow=70
axis_concur100,edgecc_loss_blind,1,true,4194304,28380932,147785,196,5,180,0,13180,49519,50035,flow=71
axis_concur100,edgecc_loss_blind,1,true,4194304,22963536,182650,1531,13,1471,0,18562,49779,50071,flow=72
axis_concur100,edgecc_loss_blind,1,true,4194304,29759237,140941,57,2,52,0,12127,48280,50035,flow=73
axis_concur100,edgecc_loss_blind,1,true,4194304,32451315,129249,1228,14,1160,0,16681,48110,50035,flow=74
axis_concur100,edgecc_loss_blind,1,true,4194304,18594961,225561,1269,9,1223,0,21003,48890,50062,flow=75
axis_concur100,edgecc_loss_blind,1,true,4194304,33134870,126582,996,6,976,0,13765,48865,50065,flow=76
axis_concur100,edgecc_loss_blind,1,true,4194304,29903621,140260,63,3,51,0,14742,48397,49918,flow=77
axis_concur100,edgecc_loss_blind,1,true,4194304,19572101,214300,1468,9,1412,0,21136,50035,50071,flow=78
axis_concur100,edgecc_loss_blind,1,true,4194304,27886854,150404,1153,14,1092,0,22306,49684,50035,flow=79
axis_concur100,edgecc_loss_blind,1,true,4194304,18408836,227841,1110,2,1095,0,18913,49801,50059,flow=80
axis_concur100,edgecc_loss_blind,1,true,4194304,24092412,174092,1481,11,1407,0,23242,50044,50071,flow=81
axis_concur100,edgecc_loss_blind,1,true,4194304,32101350,130658,1174,12,1106,0,16573,49801,50071,flow=82
axis_concur100,edgecc_loss_blind,1,true,4194304,11335850,370003,1390,4,1366,0,16105,48370,50071,flow=83
axis_concur100,edgecc_loss_blind,1,true,4194304,25260021,166045,1387,11,1321,0,21114,49918,50068,flow=84
axis_concur100,edgecc_loss_blind,1,true,4194304,15291437,274291,1191,8,1147,0,22423,49801,50059,flow=85
axis_concur100,edgecc_loss_blind,1,true,4194304,21510409,194989,1421,8,1378,0,19615,50014,50071,flow=86
axis_concur100,edgecc_loss_blind,1,true,4194304,34061600,123138,1044,5,1022,0,12712,49567,50068,flow=87
axis_concur100,edgecc_loss_blind,1,true,4194304,37119926,112993,1088,7,1023,0,10489,49561,50071,flow=88
axis_concur100,edgecc_loss_blind,1,true,4194304,15213866,275689,1151,5,1118,0,16339,49779,50071,flow=89
axis_concur100,edgecc_loss_blind,1,true,4194304,27570034,152132,1199,13,1124,0,16339,50035,50071,flow=90
axis_concur100,edgecc_loss_blind,1,true,4194304,17137887,244738,1373,5,1329,0,19615,50049,50071,flow=91
axis_concur100,edgecc_loss_blind,1,true,4194304,21770431,192660,91,2,86,0,15754,48980,50035,flow=92
axis_concur100,edgecc_loss_blind,1,true,4194304,26123936,160554,132,4,124,0,17600,49801,50035,flow=93
axis_concur100,edgecc_loss_blind,1,true,4194304,34904156,120166,1223,11,1158,0,9670,50035,50071,flow=94
axis_concur100,edgecc_loss_blind,1,true,4194304,33750901,124272,1122,8,1075,0,8149,48762,50035,flow=95
axis_concur100,edgecc_loss_blind,1,true,4194304,19118865,219380,53,3,45,0,22189,49918,50035,flow=96
axis_concur100,edgecc_loss_blind,1,true,4194304,31710315,132269,58,4,49,0,10729,46291,50035,flow=97
axis_concur100,edgecc_loss_blind,1,true,4194304,29046313,144400,249,5,233,0,13882,49989,50055,flow=98
axis_concur100,edgecc_loss_blind,1,true,4194304,31901508,131476,52,4,44,0,13999,48163,50035,flow=99
axis_concur100,edgecc_loss_blind,1,fairness_min=91681,fairness_max=983586,fairness_ratio=0.093
axis_concur100,edgecc_loss_blind,2,true,4194304,44157071,94986,2265,24,2173,0,117,50047,50071,flow=0
axis_concur100,edgecc_loss_blind,2,true,4194304,27316182,153546,52,2,49,0,15871,48982,50035,flow=1
axis_concur100,edgecc_loss_blind,2,true,4194304,34135102,122873,47,3,42,0,14350,45801,50035,flow=2
axis_concur100,edgecc_loss_blind,2,true,4194304,38873075,107897,689,11,652,0,7410,50035,50035,flow=3
axis_concur100,edgecc_loss_blind,2,true,4194304,30556846,137262,53,4,44,0,15286,48182,49918,flow=4
axis_concur100,edgecc_loss_blind,2,true,4194304,27616322,151877,1078,8,1049,0,16807,50035,50049,flow=5
axis_concur100,edgecc_loss_blind,2,true,4194304,40130778,104515,797,10,765,0,2182,43600,50035,flow=6
axis_concur100,edgecc_loss_blind,2,true,4194304,23742238,176660,600,6,583,0,16105,39505,49918,flow=7
axis_concur100,edgecc_loss_blind,2,true,4194304,29665392,141387,52,3,44,0,15871,48024,50035,flow=8
axis_concur100,edgecc_loss_blind,2,true,4194304,34657676,121020,935,10,899,0,3235,50035,50067,flow=9
axis_concur100,edgecc_loss_blind,2,true,4194304,33610436,124791,567,8,528,0,17253,48982,50048,flow=10
axis_concur100,edgecc_loss_blind,2,true,4194304,29945708,140063,552,4,538,0,12753,49099,50035,flow=11
axis_concur100,edgecc_loss_blind,2,true,4194304,35908646,116804,1044,11,1001,0,14233,48005,50035,flow=12
axis_concur100,edgecc_loss_blind,2,true,4194304,37244597,112615,625,6,604,0,11425,46503,50035,flow=13
axis_concur100,edgecc_loss_blind,2,true,4194304,35929546,116736,724,12,677,0,15988,49801,50041,flow=14
axis_concur100,edgecc_loss_blind,2,true,4194304,23260527,180318,1047,6,1017,0,19512,50040,50071,flow=15
axis_concur100,edgecc_loss_blind,2,true,4194304,43092785,97331,772,9,732,0,1170,49428,50047,flow=16
axis_concur100,edgecc_loss_blind,2,true,4194304,33195143,126352,140,3,135,0,11154,46057,50035,flow=17
axis_concur100,edgecc_loss_blind,2,true,4194304,27948873,150070,61,4,48,0,12373,49450,50035,flow=18
axis_concur100,edgecc_loss_blind,2,true,4194304,33085198,126772,719,7,688,0,15520,49999,50051,flow=19
axis_concur100,edgecc_loss_blind,2,true,4194304,30373811,138089,848,10,807,0,15520,49918,50035,flow=20
axis_concur100,edgecc_loss_blind,2,true,4194304,41438339,101217,1753,14,1697,0,19264,50035,50047,flow=21
axis_concur100,edgecc_loss_blind,2,true,4194304,38177684,109862,1832,18,1761,0,21399,50035,50065,flow=22
axis_concur100,edgecc_loss_blind,2,true,4194304,27203097,154184,761,6,738,0,15403,49453,50044,flow=23
axis_concur100,edgecc_loss_blind,2,true,4194304,34918250,120117,618,10,581,0,10030,47812,50035,flow=24
axis_concur100,edgecc_loss_blind,2,true,4194304,21171222,198113,614,3,605,0,18888,49918,50035,flow=25
axis_concur100,edgecc_loss_blind,2,true,4194304,33223530,126244,292,5,275,0,15754,48684,50035,flow=26
axis_concur100,edgecc_loss_blind,2,true,4194304,31876007,131581,1404,12,1347,0,17158,49662,50037,flow=27
axis_concur100,edgecc_loss_blind,2,true,4194304,28610695,146599,607,4,592,0,6219,47227,50035,flow=28
axis_concur100,edgecc_loss_blind,2,true,4194304,38768266,108189,647,15,594,0,7731,43227,49930,flow=29
axis_concur100,edgecc_loss_blind,2,true,4194304,31034695,135148,664,9,631,0,17424,49023,50035,flow=30
axis_concur100,edgecc_loss_blind,2,true,4194304,27417908,152976,754,10,717,0,16339,49779,50035,flow=31
axis_concur100,edgecc_loss_blind,2,true,4194304,31720495,132226,617,3,604,0,4680,45567,50035,flow=32
axis_concur100,edgecc_loss_blind,2,true,4194304,27648241,151702,38,1,35,0,18445,46759,49918,flow=33
axis_concur100,edgecc_loss_blind,2,true,4194304,33912846,123678,46,3,40,0,8892,44280,50013,flow=34
axis_concur100,edgecc_loss_blind,2,true,4194304,33570627,124939,1784,21,1696,0,21665,50035,50057,flow=35
axis_concur100,edgecc_loss_blind,2,true,4194304,27849670,150605,877,6,852,0,17041,48822,50035,flow=36
axis_concur100,edgecc_loss_blind,2,true,4194304,28943987,144911,1626,11,1575,0,19030,49966,50050,flow=37
axis_concur100,edgecc_loss_blind,2,true,4194304,40497823,103568,698,12,648,0,388,46993,50035,flow=38
axis_concur100,edgecc_loss_blind,2,true,4194304,29109667,144086,53,4,41,0,16924,46876,50033,flow=39
axis_concur100,edgecc_loss_blind,2,true,4194304,34686034,120921,671,10,631,0,2255,44185,50035,flow=40
axis_concur100,edgecc_loss_blind,2,true,4194304,35569706,117917,687,7,651,0,6064,48982,50035,flow=41
axis_concur100,edgecc_loss_blind,2,true,4194304,43707633,95962,696,12,648,0,234,41238,50035,flow=42
axis_concur100,edgecc_loss_blind,2,true,4194304,29500327,142178,41,2,37,0,17275,46759,50035,flow=43
axis_concur100,edgecc_loss_blind,2,true,4194304,30184530,138955,900,8,874,0,14350,49863,50035,flow=44
axis_concur100,edgecc_loss_blind,2,true,4194304,32982507,127167,675,7,650,0,3037,39856,49918,flow=45
axis_concur100,edgecc_loss_blind,2,true,4194304,36636652,114483,1905,19,1811,0,19381,50035,50065,flow=46
axis_concur100,edgecc_loss_blind,2,true,4194304,37007637,113336,864,6,835,0,8149,49216,50035,flow=47
axis_concur100,edgecc_loss_blind,2,true,4194304,27670449,151580,738,10,693,0,21136,47227,50035,flow=48
axis_concur100,edgecc_loss_blind,2,true,4194304,37375912,112219,1010,12,966,0,7047,48982,50035,flow=49
axis_concur100,edgecc_loss_blind,2,true,4194304,41388595,101339,1062,13,1018,0,117,39037,49918,flow=50
axis_concur100,edgecc_loss_blind,2,true,4194304,36254434,115690,1810,22,1717,0,20373,50035,50066,flow=51
axis_concur100,edgecc_loss_blind,2,true,4194304,30026862,139685,56,1,51,0,17977,46408,50035,flow=52
axis_concur100,edgecc_loss_blind,2,true,4194304,32575954,128754,1481,11,1435,0,19030,49333,50035,flow=53
axis_concur100,edgecc_loss_blind,2,true,4194304,37705553,111238,779,10,753,0,6489,46619,50013,flow=54
axis_concur100,edgecc_loss_blind,2,true,4194304,30655477,136820,933,6,912,0,12478,46408,50035,flow=55
axis_concur100,edgecc_loss_blind,2,true,4194304,27751027,151140,1570,17,1488,0,20551,47695,50059,flow=56
axis_concur100,edgecc_loss_blind,2,true,4194304,34309826,122247,884,11,847,0,15381,47226,49944,flow=57
axis_concur100,edgecc_loss_blind,2,true,4194304,39400163,106453,999,16,930,0,2310,39986,50035,flow=58
axis_concur100,edgecc_loss_blind,2,true,4194304,23828276,176022,39,3,31,0,19966,44280,49918,flow=59
axis_concur100,edgecc_loss_blind,2,true,4194304,8632228,485888,1231,4,1214,0,20434,44068,48627,flow=60
axis_concur100,edgecc_loss_blind,2,true,4194304,31615015,132668,69,5,56,0,14584,41728,49801,flow=61
axis_concur100,edgecc_loss_blind,2,true,4194304,32202754,130246,1020,11,949,0,14935,48514,50035,flow=62
axis_concur100,edgecc_loss_blind,2,true,4194304,27263308,153844,1569,20,1473,0,21019,49801,50062,flow=63
axis_concur100,edgecc_loss_blind,2,true,4194304,25459124,164746,1583,13,1371,0,21604,49333,50053,flow=64
axis_concur100,edgecc_loss_blind,2,true,4194304,29939795,140091,121,5,111,0,17275,48253,50035,flow=65
axis_concur100,edgecc_loss_blind,2,true,4194304,39111066,107240,962,13,879,0,3639,44887,50035,flow=66
axis_concur100,edgecc_loss_blind,2,true,4194304,23033452,182096,1191,10,1133,0,19476,47334,50035,flow=67
axis_concur100,edgecc_loss_blind,2,true,4194304,9905283,423441,1167,6,1133,0,23125,49918,50035,flow=68
axis_concur100,edgecc_loss_blind,2,true,4194304,31573758,132841,1282,7,988,0,14350,47461,50035,flow=69
axis_concur100,edgecc_loss_blind,2,true,4194304,22942894,182814,1829,17,1726,0,22306,50064,50074,flow=70
axis_concur100,edgecc_loss_blind,2,true,4194304,31827528,131782,1270,12,1218,0,17860,47578,50035,flow=71
axis_concur100,edgecc_loss_blind,2,true,4194304,19085695,219761,1438,14,1379,0,20902,45918,49892,flow=72
axis_concur100,edgecc_loss_blind,2,true,4194304,16150465,259701,118,4,103,0,23476,42590,49567,flow=73
axis_concur100,edgecc_loss_blind,2,true,4194304,32375112,129553,1027,9,976,0,10138,48672,50047,flow=74
axis_concur100,edgecc_loss_blind,2,true,4194304,21786754,192516,1199,8,1137,0,19381,49458,50068,flow=75
axis_concur100,edgecc_loss_blind,2,true,4194304,19944045,210303,1373,9,1328,0,22540,50052,50071,flow=76
axis_concur100,edgecc_loss_blind,2,true,4194304,39398174,106459,1028,14,962,0,3798,49216,50068,flow=77
axis_concur100,edgecc_loss_blind,2,true,4194304,28730797,145986,1665,15,1574,0,18679,50035,50071,flow=78
axis_concur100,edgecc_loss_blind,2,true,4194304,13935911,300970,1403,11,1354,0,22657,49567,50068,flow=79
axis_concur100,edgecc_loss_blind,2,true,4194304,30543156,137323,299,5,272,0,17977,47578,50035,flow=80
axis_concur100,edgecc_loss_blind,2,true,4194304,29734049,141060,65,2,61,0,18796,49194,50035,flow=81
axis_concur100,edgecc_loss_blind,2,true,4194304,32268549,129981,73,5,64,0,15520,42037,50013,flow=82
axis_concur100,edgecc_loss_blind,2,true,4194304,35762529,117282,1048,11,985,0,7647,46993,50068,flow=83
axis_concur100,edgecc_loss_blind,2,true,4194304,21589959,194271,1105,13,1040,0,21721,49684,50035,flow=84
axis_concur100,edgecc_loss_blind,2,true,4194304,25257520,166061,1523,9,1469,0,19030,50035,50068,flow=85
axis_concur100,edgecc_loss_blind,2,true,4194304,31684693,132376,1057,5,1032,0,16339,49216,50059,flow=86
axis_concur100,edgecc_loss_blind,2,true,4194304,32760903,128027,52,6,43,0,11776,45121,50035,flow=87
axis_concur100,edgecc_loss_blind,2,true,4194304,20438935,205211,1184,9,1138,0,19593,49333,50041,flow=88
axis_concur100,edgecc_loss_blind,2,true,4194304,18047247,232406,1393,9,1352,0,21019,49216,50059,flow=89
axis_concur100,edgecc_loss_blind,2,true,4194304,34994648,119855,1118,9,1069,0,13626,49333,50071,flow=90
axis_concur100,edgecc_loss_blind,2,true,4194304,32599921,128659,1208,16,1131,0,10021,49801,50059,flow=91
axis_concur100,edgecc_loss_blind,2,true,4194304,34022581,123280,1187,12,1123,0,12946,49450,50068,flow=92
axis_concur100,edgecc_loss_blind,2,true,4194304,24987511,167856,1245,14,1174,0,18679,50008,50068,flow=93
axis_concur100,edgecc_loss_blind,2,true,4194304,40587052,103340,1917,21,1806,0,117,48280,50035,flow=94
axis_concur100,edgecc_loss_blind,2,true,4194304,28799198,145639,1328,12,1263,0,19147,50023,50071,flow=95
axis_concur100,edgecc_loss_blind,2,true,4194304,33889022,123765,198,7,175,0,12285,49216,50035,flow=96
axis_concur100,edgecc_loss_blind,2,true,4194304,21890979,191599,50,2,46,0,19966,44631,49918,flow=97
axis_concur100,edgecc_loss_blind,2,true,4194304,19122060,219343,60,2,56,0,21370,41274,49801,flow=98
axis_concur100,edgecc_loss_blind,2,true,4194304,18904930,221862,54,2,50,0,21136,46332,50035,flow=99
axis_concur100,edgecc_loss_blind,2,fairness_min=94986,fairness_max=485888,fairness_ratio=0.195
axis_concur100,edgecc_prior,0,true,4194304,34754802,120682,2573,32,2441,0,49786,50026,50070,flow=0
axis_concur100,edgecc_prior,0,true,4194304,25681430,163320,2569,22,2449,0,49925,50038,50071,flow=1
axis_concur100,edgecc_prior,0,true,4194304,37037190,113245,710,6,686,0,6979,50022,50054,flow=2
axis_concur100,edgecc_prior,0,true,4194304,36922480,113597,666,12,602,0,1602,47695,50035,flow=3
axis_concur100,edgecc_prior,0,true,4194304,32414857,129394,1730,27,1617,0,39154,50035,50062,flow=4
axis_concur100,edgecc_prior,0,true,4194304,36889464,113699,2056,32,1922,0,42781,50040,50070,flow=5
axis_concur100,edgecc_prior,0,true,4194304,35490920,118179,660,12,612,0,6021,48397,50035,flow=6
axis_concur100,edgecc_prior,0,true,4194304,31033795,135152,956,16,889,0,20200,50035,50035,flow=7
axis_concur100,edgecc_prior,0,true,4194304,33582152,124896,1102,13,1050,0,12754,49918,50060,flow=8
axis_concur100,edgecc_prior,0,true,4194304,28397110,147701,726,9,687,0,11776,49333,50035,flow=9
axis_concur100,edgecc_prior,0,true,4194304,37356088,112278,670,9,621,0,4171,49333,50035,flow=10
axis_concur100,edgecc_prior,0,true,4194304,26877806,156050,986,8,946,0,36229,50036,50069,flow=11
axis_concur100,edgecc_prior,0,true,4194304,34880744,120246,1174,10,960,0,5341,49896,50035,flow=12
axis_concur100,edgecc_prior,0,true,4194304,38163132,109904,967,12,908,0,8266,49986,50064,flow=13
axis_concur100,edgecc_prior,0,true,4194304,34974300,119925,642,9,592,0,20709,49918,50035,flow=14
axis_concur100,edgecc_prior,0,true,4194304,37106306,113034,667,11,596,0,5341,49333,50035,flow=15
axis_concur100,edgecc_prior,0,true,4194304,39367211,106543,1650,18,1573,0,13180,50035,50071,flow=16
axis_concur100,edgecc_prior,0,true,4194304,37565514,111653,645,9,613,0,2884,49333,50035,flow=17
axis_concur100,edgecc_prior,0,true,4194304,39232906,106907,664,10,612,0,4974,49216,50035,flow=18
axis_concur100,edgecc_prior,0,true,4194304,35319664,118752,652,10,601,0,6945,49075,50035,flow=19
axis_concur100,edgecc_prior,0,true,4194304,31415502,133510,2251,23,2136,0,44068,50035,50035,flow=20
axis_concur100,edgecc_prior,0,true,4194304,21915325,191386,885,7,856,0,30938,49684,50035,flow=21
axis_concur100,edgecc_prior,0,true,4194304,32428100,129341,649,12,601,0,1989,47750,50035,flow=22
axis_concur100,edgecc_prior,0,true,4194304,26524605,158128,736,9,695,0,40324,50013,50035,flow=23
axis_concur100,edgecc_prior,0,true,4194304,29411601,142607,628,9,593,0,6950,49896,50035,flow=24
axis_concur100,edgecc_prior,0,true,4194304,25161855,166692,894,11,840,0,30583,49912,50035,flow=25
axis_concur100,edgecc_prior,0,true,4194304,31506133,133126,634,10,587,0,11871,49801,50035,flow=26
axis_concur100,edgecc_prior,0,true,4194304,34854100,120338,2041,30,1909,0,43015,50051,50069,flow=27
axis_concur100,edgecc_prior,0,true,4194304,35705109,117470,634,7,595,0,3235,49099,50035,flow=28
axis_concur100,edgecc_prior,0,true,4194304,35337651,118692,643,9,605,0,10606,50035,50035,flow=29
axis_concur100,edgecc_prior,0,true,4194304,32340363,129692,1032,8,936,0,21593,50035,50035,flow=30
axis_concur100,edgecc_prior,0,true,4194304,31545603,132960,856,8,818,0,10255,49684,50053,flow=31
axis_concur100,edgecc_prior,0,true,4194304,36755835,114112,677,16,611,0,5809,49722,50035,flow=32
axis_concur100,edgecc_prior,0,true,4194304,37519811,111789,716,11,668,0,5085,49918,50051,flow=33
axis_concur100,edgecc_prior,0,true,4194304,28547395,146924,1989,27,1782,0,44524,50006,50062,flow=34
axis_concur100,edgecc_prior,0,true,4194304,37260212,112567,698,11,650,0,6285,49801,50035,flow=35
axis_concur100,edgecc_prior,0,true,4194304,28932246,144969,912,15,861,0,24178,49918,50035,flow=36
axis_concur100,edgecc_prior,0,true,4194304,30599923,137069,1413,11,1364,0,37516,50057,50073,flow=37
axis_concur100,edgecc_prior,0,true,4194304,28001429,149788,754,10,703,0,37750,50035,50035,flow=38
axis_concur100,edgecc_prior,0,true,4194304,17118535,245015,665,7,629,0,41494,49801,50035,flow=39
axis_concur100,edgecc_prior,0,true,4194304,39201170,106994,662,10,613,0,5783,49450,50035,flow=40
axis_concur100,edgecc_prior,0,true,4194304,30785104,136244,1679,13,1534,0,24412,50027,50057,flow=41
axis_concur100,edgecc_prior,0,true,4194304,31745684,132122,1435,13,1372,0,24529,50013,50035,flow=42
axis_concur100,edgecc_prior,0,true,4194304,20098835,208683,1157,9,1120,0,34200,50035,50065,flow=43
axis_concur100,edgecc_prior,0,true,4194304,30498063,137526,1881,19,1797,0,32251,50032,50062,flow=44
axis_concur100,edgecc_prior,0,true,4194304,35990382,116539,639,11,600,0,10138,49801,50035,flow=45
axis_concur100,edgecc_prior,0,true,4194304,32492464,129085,1891,22,1793,0,44887,50035,50064,flow=46
axis_concur100,edgecc_prior,0,true,4194304,34557851,121370,651,9,609,0,10957,49918,50035,flow=47
axis_concur100,edgecc_prior,0,true,4194304,30960961,135470,1023,15,941,0,16456,49918,50037,flow=48
axis_concur100,edgecc_prior,0,true,4194304,38616550,108614,671,9,631,0,6862,49788,50048,flow=49
axis_concur100,edgecc_prior,0,true,4194304,30238001,138709,2180,28,2041,0,44536,49684,50047,flow=50
axis_concur100,edgecc_prior,0,true,4194304,15407666,272221,638,8,594,0,40792,50035,50035,flow=51
axis_concur100,edgecc_prior,0,true,4194304,36600309,114597,675,11,620,0,7922,48163,50035,flow=52
axis_concur100,edgecc_prior,0,true,4194304,29545352,141961,1826,18,1647,0,43132,50035,50036,flow=53
axis_concur100,edgecc_prior,0,true,4194304,27929860,150172,1258,12,1179,0,28507,50035,50070,flow=54
axis_concur100,edgecc_prior,0,true,4194304,34274182,122375,659,14,596,0,8383,49801,50035,flow=55
axis_concur100,edgecc_prior,0,true,4194304,36683488,114337,954,15,838,0,6394,49333,50035,flow=56
axis_concur100,edgecc_prior,0,true,4194304,36763535,114088,727,11,593,0,2533,48397,50035,flow=57
axis_concur100,edgecc_prior,0,true,4194304,34747124,120709,634,8,596,0,9386,48865,50035,flow=58
axis_concur100,edgecc_prior,0,true,4194304,27337541,153426,1242,11,1182,0,39739,50044,50044,flow=59
axis_concur100,edgecc_prior,0,true,4194304,36126169,116101,730,11,635,0,13078,49918,50035,flow=60
axis_concur100,edgecc_prior,0,true,4194304,26352871,159159,974,9,929,0,33070,49987,50062,flow=61
axis_concur100,edgecc_prior,0,true,4194304,17691111,237085,616,6,589,0,27220,50035,50035,flow=62
axis_concur100,edgecc_prior,0,true,4194304,34265247,122406,806,7,692,0,15403,48982,50035,flow=63
axis_concur100,edgecc_prior,0,true,4194304,33680770,124531,934,9,855,0,16105,49327,50035,flow=64
axis_concur100,edgecc_prior,0,true,4194304,35067644,119606,616,9,581,0,8244,48505,50035,flow=65
axis_concur100,edgecc_prior,0,true,4194304,39938122,105020,855,16,779,0,6979,49369,50035,flow=66
axis_concur100,edgecc_prior,0,true,4194304,39367954,106541,1240,12,1182,0,4829,50035,50068,flow=67
axis_concur100,edgecc_prior,0,true,4194304,31670268,132436,1988,28,1860,0,43015,50035,50065,flow=68
axis_concur100,edgecc_prior,0,true,4194304,30400590,137967,1824,17,1743,0,30956,50035,50045,flow=69
axis_concur100,edgecc_prior,0,true,4194304,37662079,111366,999,9,889,0,4990,50035,50069,flow=70
axis_concur100,edgecc_prior,0,true,4194304,38233388,109702,1832,17,1748,0,9787,50050,50071,flow=71
axis_concur100,edgecc_prior,0,true,4194304,34062765,123134,1292,19,1206,0,22396,49962,50043,flow=72
axis_concur100,edgecc_prior,0,true,4194304,27716522,151328,1929,23,1764,0,44068,49801,50038,flow=73
axis_concur100,edgecc_prior,0,true,4194304,36662136,114404,802,15,715,0,7447,49989,50050,flow=74
axis_concur100,edgecc_prior,0,true,4194304,34480568,121642,659,9,588,0,12712,49567,50035,flow=75
axis_concur100,edgecc_prior,0,true,4194304,32445299,129273,649,10,603,0,3001,48611,50035,flow=76
axis_concur100,edgecc_prior,0,true,4194304,37307821,112424,609,8,575,0,5436,48748,50035,flow=77
axis_concur100,edgecc_prior,0,true,4194304,33639852,124682,640,13,586,0,3020,49216,50035,flow=78
axis_concur100,edgecc_prior,0,true,4194304,27523687,152388,1928,28,1800,0,43366,49918,50050,flow=79
axis_concur100,edgecc_prior,0,true,4194304,21154662,198268,676,11,625,0,26050,49936,50035,flow=80
axis_concur100,edgecc_prior,0,true,4194304,31274596,134112,811,10,748,0,6277,49918,50035,flow=81
axis_concur100,edgecc_prior,0,true,4194304,35843548,117016,676,11,586,0,5107,48865,50035,flow=82
axis_concur100,edgecc_prior,0,true,4194304,29918915,140189,2018,26,1887,0,41377,50044,50070,flow=83
axis_concur100,edgecc_prior,0,true,4194304,32780803,127950,611,7,578,0,16573,49567,50035,flow=84
axis_concur100,edgecc_prior,0,true,4194304,34614832,121170,598,6,576,0,1597,48514,50035,flow=85
axis_concur100,edgecc_prior,0,true,4194304,35303389,118807,1753,22,1647,0,29889,50035,50063,flow=86
axis_concur100,edgecc_prior,0,true,4194304,30802983,136165,634,9,601,0,15286,49918,50035,flow=87
axis_concur100,edgecc_prior,0,true,4194304,35475793,118230,678,12,635,0,8595,49333,50035,flow=88
axis_concur100,edgecc_prior,0,true,4194304,34521647,121497,1066,13,1006,0,2767,50035,50065,flow=89
axis_concur100,edgecc_prior,0,true,4194304,27521954,152398,932,10,890,0,34942,50035,50035,flow=90
axis_concur100,edgecc_prior,0,true,4194304,36317252,115490,633,12,579,0,2656,48514,50035,flow=91
axis_concur100,edgecc_prior,0,true,4194304,30826354,136062,907,17,823,0,15495,50028,50058,flow=92
axis_concur100,edgecc_prior,0,true,4194304,37659978,111372,635,10,583,0,2650,48748,50035,flow=93
axis_concur100,edgecc_prior,0,true,4194304,31721342,132223,733,10,683,0,7681,49216,50035,flow=94
axis_concur100,edgecc_prior,0,true,4194304,18572937,225828,659,9,611,0,20434,50035,50035,flow=95
axis_concur100,edgecc_prior,0,true,4194304,31479245,133240,1211,14,1139,0,15029,50035,50063,flow=96
axis_concur100,edgecc_prior,0,true,4194304,34221448,122563,1340,14,1275,0,20771,49918,50035,flow=97
axis_concur100,edgecc_prior,0,true,4194304,30489947,137563,2258,32,2105,0,43249,49450,50062,flow=98
axis_concur100,edgecc_prior,0,true,4194304,37371098,112233,2096,14,1809,0,13348,49995,50068,flow=99
axis_concur100,edgecc_prior,0,fairness_min=105020,fairness_max=272221,fairness_ratio=0.386
axis_concur100,edgecc_prior,1,true,4194304,35643918,117672,650,8,614,0,18679,49955,50043,flow=0
axis_concur100,edgecc_prior,1,true,4194304,32791528,127908,455,4,442,0,7515,49960,50035,flow=1
axis_concur100,edgecc_prior,1,true,4194304,36460053,115038,527,4,514,0,10647,49918,50051,flow=2
axis_concur100,edgecc_prior,1,true,4194304,21303275,196885,626,5,603,0,32251,49684,50035,flow=3
axis_concur100,edgecc_prior,1,true,4194304,31186337,134491,674,14,614,0,13560,49322,50035,flow=4
axis_concur100,edgecc_prior,1,true,4194304,41553386,100937,1673,16,1598,0,18036,49978,50037,flow=5
axis_concur100,edgecc_prior,1,true,4194304,21803428,192369,1164,8,1120,0,33538,50035,50035,flow=6
axis_concur100,edgecc_prior,1,true,4194304,26233281,159884,813,8,764,0,29326,49684,50035,flow=7
axis_concur100,edgecc_prior,1,true,4194304,33702316,124451,730,11,676,0,21150,49918,50035,flow=8
axis_concur100,edgecc_prior,1,true,4194304,43093710,97329,1132,13,1066,0,21487,49428,50035,flow=9
axis_concur100,edgecc_prior,1,true,4194304,34764903,120647,1289,16,1202,0,20668,49801,50050,flow=10
axis_concur100,edgecc_prior,1,true,4194304,43248148,96982,643,9,604,0,4990,48375,50035,flow=11
axis_concur100,edgecc_prior,1,true,4194304,33189111,126375,649,7,609,0,15615,49684,50035,flow=12
axis_concur100,edgecc_prior,1,true,4194304,31755693,132080,1931,20,1836,0,36463,50053,50074,flow=13
axis_concur100,edgecc_prior,1,true,4194304,42107013,99610,1154,12,1104,0,19615,49998,50049,flow=14
axis_concur100,edgecc_prior,1,true,4194304,32783382,127939,876,9,836,0,21136,49918,50035,flow=15
axis_concur100,edgecc_prior,1,true,4194304,38798248,108105,652,11,602,0,13806,49684,50035,flow=16
axis_concur100,edgecc_prior,1,true,4194304,23072110,181791,649,8,604,0,21838,49333,50035,flow=17
axis_concur100,edgecc_prior,1,true,4194304,19285303,217487,1063,16,989,0,37750,47812,49918,flow=18
axis_concur100,edgecc_prior,1,true,4194304,39927137,105048,649,14,593,0,5350,49783,50035,flow=19
axis_concur100,edgecc_prior,1,true,4194304,39608139,105895,657,12,605,0,11425,49567,50035,flow=20
axis_concur100,edgecc_prior,1,true,4194304,37128912,112965,632,9,587,0,14350,48865,50035,flow=21
axis_concur100,edgecc_prior,1,true,4194304,29790973,140791,940,13,879,0,32602,50035,50035,flow=22
axis_concur100,edgecc_prior,1,true,4194304,38246376,109665,1388,20,1280,0,19498,49684,50038,flow=23
axis_concur100,edgecc_prior,1,true,4194304,24514661,171093,670,8,633,0,20902,49801,50035,flow=24
axis_concur100,edgecc_prior,1,true,4194304,36101226,116181,1203,14,1118,0,19030,49684,50035,flow=25
axis_concur100,edgecc_prior,1,true,4194304,33164797,126468,647,8,593,0,25348,49684,50035,flow=26
axis_concur100,edgecc_prior,1,true,4194304,38659783,108492,934,10,818,0,17509,50035,50035,flow=27
axis_concur100,edgecc_prior,1,true,4194304,24694907,169844,643,9,594,0,21604,49801,50035,flow=28
axis_concur100,edgecc_prior,1,true,4194304,38205214,109783,1338,11,1260,0,18094,49959,50035,flow=29
axis_concur100,edgecc_prior,1,true,4194304,20040867,209287,601,5,578,0,15030,48046,50035,flow=30
axis_concur100,edgecc_prior,1,true,4194304,34596885,121233,861,9,821,0,17977,49517,50035,flow=31
axis_concur100,edgecc_prior,1,true,4194304,37743877,111125,625,7,599,0,10431,48748,50035,flow=32
axis_concur100,edgecc_prior,1,true,4194304,30335791,138262,2098,21,2003,0,37633,50056,50056,flow=33
axis_concur100,edgecc_prior,1,true,4194304,38089368,110117,640,8,580,0,9438,48492,50035,flow=34
axis_concur100,edgecc_prior,1,true,4194304,38053715,110220,637,8,598,0,7605,46993,50035,flow=35
axis_concur100,edgecc_prior,1,true,4194304,32428084,129341,618,6,577,0,20668,49684,50035,flow=36
axis_concur100,edgecc_prior,1,true,4194304,26513755,158193,694,7,664,0,17977,49918,50035,flow=37
axis_concur100,edgecc_prior,1,true,4194304,33266095,126083,1293,19,1198,0,29560,50024,50062,flow=38
axis_concur100,edgecc_prior,1,true,4194304,33697307,124470,740,7,716,0,18679,49918,50035,flow=39
axis_concur100,edgecc_prior,1,true,4194304,24162389,173588,613,7,581,0,19615,49684,50035,flow=40
axis_concur100,edgecc_prior,1,true,4194304,32458446,129220,640,10,595,0,6316,48163,50035,flow=41
axis_concur100,edgecc_prior,1,true,4194304,34312261,122239,1138,15,1066,0,22669,49684,50035,flow=42
axis_concur100,edgecc_prior,1,true,4194304,29070462,144280,877,9,834,0,20551,49971,50055,flow=43
axis_concur100,edgecc_prior,1,true,4194304,24933343,168220,633,13,575,0,19498,49333,50035,flow=44
axis_concur100,edgecc_prior,1,true,4194304,34054305,123165,742,13,684,0,21196,48835,50035,flow=45
axis_concur100,edgecc_prior,1,true,4194304,31946612,131291,602,6,577,0,21370,49684,50035,flow=46
axis_concur100,edgecc_prior,1,true,4194304,38807320,108080,2072,20,1924,0,30519,50035,50059,flow=47
axis_concur100,edgecc_prior,1,true,4194304,34315083,122229,1160,14,1065,0,22657,50011,50056,flow=48
axis_concur100,edgecc_prior,1,true,4194304,32581107,128734,1094,13,1028,0,22657,49918,50035,flow=49
axis_concur100,edgecc_prior,1,true,4194304,28057632,149488,653,10,607,0,12010,49099,50035,flow=50
axis_concur100,edgecc_prior,1,true,4194304,33574555,124925,902,11,850,0,23144,49918,50035,flow=51
axis_concur100,edgecc_prior,1,true,4194304,31257375,134186,661,11,605,0,15871,49684,50035,flow=52
axis_concur100,edgecc_prior,1,true,4194304,30551761,137285,1519,15,1435,0,35527,50035,50064,flow=53
axis_concur100,edgecc_prior,1,true,4194304,30089415,139394,602,7,573,0,4990,47812,50035,flow=54
axis_concur100,edgecc_prior,1,true,4194304,36686887,114327,1273,14,1145,0,13664,50035,50060,flow=55
axis_concur100,edgecc_prior,1,true,4194304,32512636,129005,905,7,866,0,27688,49918,50040,flow=56
axis_concur100,edgecc_prior,1,true,4194304,34311442,122242,1481,8,1447,0,23593,50035,50061,flow=57
axis_concur100,edgecc_prior,1,true,4194304,32936723,127344,1264,15,1176,0,26050,49567,50035,flow=58
axis_concur100,edgecc_prior,1,true,4194304,27595286,151993,1916,24,1794,0,33304,50043,50071,flow=59
axis_concur100,edgecc_prior,1,true,4194304,24472851,171385,646,10,592,0,33655,49918,50035,flow=60
axis_concur100,edgecc_prior,1,true,4194304,37544571,111715,648,12,586,0,3586,49245,50035,flow=61
axis_concur100,edgecc_prior,1,true,4194304,33962805,123496,1914,20,1826,0,34123,50045,50070,flow=62
axis_concur100,edgecc_prior,1,true,4194304,36431505,115128,1115,17,1029,0,18445,50034,50064,flow=63
axis_concur100,edgecc_prior,1,true,4194304,22219553,188766,627,6,569,0,29560,50035,50035,flow=64
axis_concur100,edgecc_prior,1,true,4194304,38134315,109987,838,7,727,0,14966,49450,50035,flow=65
axis_concur100,edgecc_prior,1,true,4194304,21911865,191417,667,5,646,0,33304,49801,50035,flow=66
axis_concur100,edgecc_prior,1,true,4194304,29057997,144342,1886,21,1780,0,34942,49918,50065,flow=67
axis_concur100,edgecc_prior,1,true,4194304,32415605,129391,832,8,769,0,12829,49885,50035,flow=68
axis_concur100,edgecc_prior,1,true,4194304,38394972,109240,635,11,573,0,4171,48163,50035,flow=69
axis_concur100,edgecc_prior,1,true,4194304,26235262,159872,666,4,583,0,21487,49567,50035,flow=70
axis_concur100,edgecc_prior,1,true,4194304,31861044,131643,1280,13,1209,0,21253,50035,50065,flow=71
axis_concur100,edgecc_prior,1,true,4194304,34196885,122651,911,13,839,0,17509,49684,50038,flow=72
axis_concur100,edgecc_prior,1,true,4194304,38882181,107872,662,13,606,0,12478,49567,50035,flow=73
axis_concur100,edgecc_prior,1,true,4194304,30703961,136604,705,10,659,0,12510,49684,50035,flow=74
axis_concur100,edgecc_prior,1,true,4194304,35058000,119638,2010,22,1915,0,34708,50053,50071,flow=75
axis_concur100,edgecc_prior,1,true,4194304,37097705,113061,1828,21,1719,0,31307,50004,50043,flow=76
axis_concur100,edgecc_prior,1,true,4194304,29886657,140340,864,12,792,0,28039,47812,50035,flow=77
axis_concur100,edgecc_prior,1,true,4194304,23519613,178332,663,12,599,0,21370,49333,50035,flow=78
axis_concur100,edgecc_prior,1,true,4194304,34956713,119985,1888,16,1808,0,31900,50035,50068,flow=79
axis_concur100,edgecc_prior,1,true,4194304,28184533,148815,665,11,601,0,18445,49801,50035,flow=80
axis_concur100,edgecc_prior,1,true,4194304,32466146,129190,665,9,629,0,11308,49968,50035,flow=81
axis_concur100,edgecc_prior,1,true,4194304,34245130,122478,1927,21,1820,0,38300,50048,50070,flow=82
axis_concur100,edgecc_prior,1,true,4194304,26720334,156970,1903,19,1794,0,36691,49801,50005,flow=83
axis_concur100,edgecc_prior,1,true,4194304,30970261,135430,625,12,566,0,12244,49450,50035,flow=84
axis_concur100,edgecc_prior,1,true,4194304,40022691,104798,1000,14,855,0,17860,49567,50035,flow=85
axis_concur100,edgecc_prior,1,true,4194304,32853143,127668,1191,10,1130,0,30613,50038,50068,flow=86
axis_concur100,edgecc_prior,1,true,4194304,36628697,114508,1366,17,1289,0,24295,50014,50065,flow=87
axis_concur100,edgecc_prior,1,true,4194304,30041309,139617,633,5,577,0,20785,49567,50035,flow=88
axis_concur100,edgecc_prior,1,true,4194304,37575427,111623,610,7,575,0,14001,49640,50035,flow=89
axis_concur100,edgecc_prior,1,true,4194304,30080599,139435,681,7,573,0,17458,46993,50035,flow=90
axis_concur100,edgecc_prior,1,true,4194304,27584405,152053,807,10,750,0,26401,49918,50035,flow=91
axis_concur100,edgecc_prior,1,true,4194304,36189549,115898,1143,13,1090,0,20434,49684,50035,flow=92
axis_concur100,edgecc_prior,1,true,4194304,26556087,157941,1171,12,1116,0,29326,50035,50052,flow=93
axis_concur100,edgecc_prior,1,true,4194304,36176701,115939,1560,16,1482,0,15594,49962,50064,flow=94
axis_concur100,edgecc_prior,1,true,4194304,17407263,240951,619,7,573,0,25465,49801,50035,flow=95
axis_concur100,edgecc_prior,1,true,4194304,34611184,121183,628,12,581,0,28507,50035,50035,flow=96
axis_concur100,edgecc_prior,1,true,4194304,34186660,122688,1597,16,1448,0,21838,50035,50045,flow=97
axis_concur100,edgecc_prior,1,true,4194304,29532994,142020,1105,16,1015,0,19849,50035,50061,flow=98
axis_concur100,edgecc_prior,1,true,4194304,38494355,108958,584,6,556,0,9787,49216,50035,flow=99
axis_concur100,edgecc_prior,1,fairness_min=96982,fairness_max=240951,fairness_ratio=0.402
axis_concur100,edgecc_prior,2,true,4194304,31502516,133141,2470,25,2366,0,49796,50035,50070,flow=0
axis_concur100,edgecc_prior,2,true,4194304,11278939,371870,559,1,555,0,117,49954,50017,flow=1
axis_concur100,edgecc_prior,2,true,4194304,22326464,187862,1493,8,1460,0,25933,50046,50070,flow=2
axis_concur100,edgecc_prior,2,true,4194304,42427496,98858,659,12,604,0,344,46714,50035,flow=3
axis_concur100,edgecc_prior,2,true,4194304,31217362,134358,638,8,592,0,3746,47812,50035,flow=4
axis_concur100,edgecc_prior,2,true,4194304,30712904,136564,2033,28,1890,0,41345,50035,50035,flow=5
axis_concur100,edgecc_prior,2,true,4194304,33848982,123912,637,7,597,0,3820,48865,50035,flow=6
axis_concur100,edgecc_prior,2,true,4194304,34930560,120075,650,8,613,0,2808,47657,50035,flow=7
axis_concur100,edgecc_prior,2,true,4194304,20690389,202717,678,7,632,0,15871,49684,50035,flow=8
axis_concur100,edgecc_prior,2,true,4194304,29122831,144021,1300,11,1208,0,25933,50003,50058,flow=9
axis_concur100,edgecc_prior,2,true,4194304,31372869,133692,705,18,623,0,27805,50035,50035,flow=10
axis_concur100,edgecc_prior,2,true,4194304,29498741,142185,1159,13,1094,0,16807,50026,50061,flow=11
axis_concur100,edgecc_prior,2,true,4194304,38689747,108408,1200,16,1123,0,1801,49918,50053,flow=12
axis_concur100,edgecc_prior,2,true,4194304,29902299,140266,903,13,846,0,28107,50035,50061,flow=13
axis_concur100,edgecc_prior,2,true,4194304,37810541,110929,1290,12,1238,0,12361,50009,50049,flow=14
axis_concur100,edgecc_prior,2,true,4194304,26101336,160693,629,8,595,0,35410,49801,50035,flow=15
axis_concur100,edgecc_prior,2,true,4194304,29924570,140162,1748,27,1622,0,30649,50035,50062,flow=16
axis_concur100,edgecc_prior,2,true,4194304,35840094,117028,676,8,599,0,8149,48982,50035,flow=17
axis_concur100,edgecc_prior,2,true,4194304,38722741,108316,649,10,596,0,4522,46642,50035,flow=18
axis_concur100,edgecc_prior,2,true,4194304,27588974,152028,817,12,764,0,26368,50032,50065,flow=19
axis_concur100,edgecc_prior,2,true,4194304,32107356,130633,1422,18,1289,0,23944,49925,50052,flow=20
axis_concur100,edgecc_prior,2,true,4194304,32769158,127995,598,4,584,0,1831,41886,50013,flow=21
axis_concur100,edgecc_prior,2,true,4194304,37324017,112375,1894,18,1752,0,28245,50007,50061,flow=22
axis_concur100,edgecc_prior,2,true,4194304,10293002,407490,732,7,700,0,45238,50035,50035,flow=23
axis_concur100,edgecc_prior,2,true,4194304,33813072,124043,1544,22,1413,0,19849,49972,50051,flow=24
axis_concur100,edgecc_prior,2,true,4194304,12400596,338234,636,6,594,0,42430,50035,50035,flow=25
axis_concur100,edgecc_prior,2,true,4194304,32406199,129429,1346,17,1266,0,24905,50035,50072,flow=26
axis_concur100,edgecc_prior,2,true,4194304,26875289,156065,702,11,650,0,30496,50035,50035,flow=27
axis_concur100,edgecc_prior,2,true,4194304,39042283,107429,641,9,600,0,3737,48280,50035,flow=28
axis_concur100,edgecc_prior,2,true,4194304,36274059,115628,723,10,656,0,2299,49567,50035,flow=29
axis_concur100,edgecc_prior,2,true,4194304,30360995,138147,1297,11,1236,0,18792,49918,50051,flow=30
axis_concur100,edgecc_prior,2,true,4194304,31934966,131338,646,13,592,0,9648,49333,50035,flow=31
axis_concur100,edgecc_prior,2,true,4194304,29913509,140214,625,9,589,0,8010,48697,50035,flow=32
axis_concur100,edgecc_prior,2,true,4194304,35463799,118270,885,11,824,0,6745,49142,50049,flow=33
axis_concur100,edgecc_prior,2,true,4194304,29991355,139850,1288,13,1226,0,21955,50035,50052,flow=34
axis_concur100,edgecc_prior,2,true,4194304,33527615,125099,669,8,608,0,9787,49099,50035,flow=35
axis_concur100,edgecc_prior,2,true,4194304,37870954,110752,641,12,585,0,5027,47486,50035,flow=36
axis_concur100,edgecc_prior,2,true,4194304,35143101,119349,660,9,596,0,2628,47812,50035,flow=37
axis_concur100,edgecc_prior,2,true,4194304,24836498,168876,1687,17,1568,0,29911,50035,50060,flow=38
axis_concur100,edgecc_prior,2,true,4194304,37159177,112873,2226,30,2089,0,41143,50059,50073,flow=39
axis_concur100,edgecc_prior,2,true,4194304,24791295,169184,702,7,665,0,8734,50015,50071,flow=40
axis_concur100,edgecc_prior,2,true,4194304,34148953,122823,615,8,585,0,5341,49801,50035,flow=41
axis_concur100,edgecc_prior,2,true,4194304,25012292,167689,669,14,599,0,6745,49801,50035,flow=42
axis_concur100,edgecc_prior,2,true,4194304,38138779,109974,647,11,602,0,7358,49567,50035,flow=43
axis_concur100,edgecc_prior,2,true,4194304,42042518,99763,667,16,591,0,1201,48141,50035,flow=44
axis_concur100,edgecc_prior,2,true,4194304,41995933,99874,659,14,589,0,1053,45706,50016,flow=45
axis_concur100,edgecc_prior,2,true,4194304,33428826,125469,650,9,581,0,1957,48492,50035,flow=46
axis_concur100,edgecc_prior,2,true,4194304,14931957,280894,1024,8,981,0,31198,49918,50035,flow=47
axis_concur100,edgecc_prior,2,true,4194304,38548513,108805,655,14,588,0,1098,45238,50035,flow=48
axis_concur100,edgecc_prior,2,true,4194304,34146010,122834,1085,13,1029,0,12098,49918,50067,flow=49
axis_concur100,edgecc_prior,2,true,4194304,34876955,120260,712,9,650,0,9648,49216,50035,flow=50
axis_concur100,edgecc_prior,2,true,4194304,33692896,124486,853,9,809,0,9297,49983,50058,flow=51
axis_concur100,edgecc_prior,2,true,4194304,32146156,130476,626,7,595,0,21721,49918,50035,flow=52
axis_concur100,edgecc_prior,2,true,4194304,22211594,188833,1000,11,957,0,35736,50035,50035,flow=53
axis_concur100,edgecc_prior,2,true,4194304,39786905,105419,660,16,590,0,2650,49450,50035,flow=54
axis_concur100,edgecc_prior,2,true,4194304,31676357,132411,1052,14,989,0,13104,50032,50062,flow=55
axis_concur100,edgecc_prior,2,true,4194304,37319984,112387,680,11,590,0,4639,48982,50035,flow=56
axis_concur100,edgecc_prior,2,true,4194304,23824862,176047,2073,17,1988,0,41260,50035,50035,flow=57
axis_concur100,edgecc_prior,2,true,4194304,31469152,133283,736,10,694,0,14339,49639,50035,flow=58
axis_concur100,edgecc_prior,2,true,4194304,30605735,137043,2099,26,1971,0,43600,49918,50064,flow=59
axis_concur100,edgecc_prior,2,true,4194304,34415472,121872,1038,12,997,0,22189,49986,50035,flow=60
axis_concur100,edgecc_prior,2,true,4194304,32823667,127782,647,14,566,0,4405,47929,50035,flow=61
axis_concur100,edgecc_prior,2,true,4194304,28999781,144632,1120,13,992,0,28390,49801,50035,flow=62
axis_concur100,edgecc_prior,2,true,4194304,33891377,123757,700,8,635,0,20531,49847,50035,flow=63
axis_concur100,edgecc_prior,2,true,4194304,29266291,143315,629,10,589,0,4405,49833,50035,flow=64
axis_concur100,edgecc_prior,2,true,4194304,35452733,118306,888,14,819,0,11074,49918,50046,flow=65
axis_concur100,edgecc_prior,2,true,4194304,38691056,108405,621,7,587,0,4288,48865,50035,flow=66
axis_concur100,edgecc_prior,2,true,4194304,33329006,125845,1032,9,928,0,11191,49684,50039,flow=67
axis_concur100,edgecc_prior,2,true,4194304,32144796,130481,631,10,586,0,3352,48141,50035,flow=68
axis_concur100,edgecc_prior,2,true,4194304,29600506,141697,746,6,715,0,35761,49801,50035,flow=69
axis_concur100,edgecc_prior,2,true,4194304,23495200,178517,1872,17,1790,0,40792,50050,50071,flow=70
axis_concur100,edgecc_prior,2,true,4194304,33211395,126291,656,8,630,0,2976,46568,50035,flow=71
axis_concur100,edgecc_prior,2,true,4194304,26539407,158040,650,14,585,0,37867,49918,50035,flow=72
axis_concur100,edgecc_prior,2,true,4194304,33798163,124098,1186,13,1073,0,16999,49750,50035,flow=73
axis_concur100,edgecc_prior,2,true,4194304,31573666,132841,1164,11,1068,0,28390,49918,50043,flow=74
axis_concur100,edgecc_prior,2,true,4194304,28038016,149593,1538,15,1464,0,23710,49969,50058,flow=75
axis_concur100,edgecc_prior,2,true,4194304,35515075,118099,659,11,577,0,2012,47740,50035,flow=76
axis_concur100,edgecc_prior,2,true,4194304,29174819,143764,1540,14,1470,0,36346,50013,50061,flow=77
axis_concur100,edgecc_prior,2,true,4194304,29482383,142264,1370,13,1306,0,24463,49974,50052,flow=78
axis_concur100,edgecc_prior,2,true,4194304,35313639,118772,624,13,577,0,4054,48163,50035,flow=79
axis_concur100,edgecc_prior,2,true,4194304,21933258,191230,1480,12,1411,0,35413,50038,50068,flow=80
axis_concur100,edgecc_prior,2,true,4194304,22296729,188112,1753,15,1673,0,32129,50042,50072,flow=81
axis_concur100,edgecc_prior,2,true,4194304,18853950,222462,639,5,613,0,28390,49918,50035,flow=82
axis_concur100,edgecc_prior,2,true,4194304,32446042,129270,641,10,578,0,3118,45747,50016,flow=83
axis_concur100,edgecc_prior,2,true,4194304,43206209,97076,640,13,575,0,512,46876,50035,flow=84
axis_concur100,edgecc_prior,2,true,4194304,14015408,299263,791,10,741,0,38101,50035,50035,flow=85
axis_concur100,edgecc_prior,2,true,4194304,37182864,112802,586,5,566,0,135,41026,50035,flow=86
axis_concur100,edgecc_prior,2,true,4194304,26942609,155675,1108,12,1048,0,15637,49918,50035,flow=87
axis_concur100,edgecc_prior,2,true,4194304,30015093,139739,1432,12,1380,0,21582,49918,50056,flow=88
axis_concur100,edgecc_prior,2,true,4194304,28986933,144696,926,8,894,0,23827,49918,50061,flow=89
axis_concur100,edgecc_prior,2,true,4194304,34337316,122150,1321,16,1256,0,24054,50031,50051,flow=90
axis_concur100,edgecc_prior,2,true,4194304,27526027,152375,2090,22,1973,0,38898,50035,50035,flow=91
axis_concur100,edgecc_prior,2,true,4194304,31663652,132464,858,9,774,0,17880,49918,50036,flow=92
axis_concur100,edgecc_prior,2,true,4194304,33227224,126230,609,9,574,0,5958,48141,50035,flow=93
axis_concur100,edgecc_prior,2,true,4194304,35866485,116942,633,12,574,0,5499,46876,50035,flow=94
axis_concur100,edgecc_prior,2,true,4194304,27276213,153771,619,9,582,0,9882,46291,50035,flow=95
axis_concur100,edgecc_prior,2,true,4194304,34992143,119864,973,12,931,0,8617,49935,50035,flow=96
axis_concur100,edgecc_prior,2,true,4194304,23763810,176499,979,13,922,0,19381,50021,50035,flow=97
axis_concur100,edgecc_prior,2,true,4194304,35037580,119708,775,8,716,0,3937,49818,50050,flow=98
axis_concur100,edgecc_prior,2,true,4194304,30691983,136657,598,7,567,0,2277,49099,50035,flow=99
axis_concur100,edgecc_prior,2,fairness_min=97076,fairness_max=407490,fairness_ratio=0.238
axis_concur100,bbr3ref,0,true,4194304,46250117,90687,11962,29,2681,0,15061,50012,50075,flow=0
axis_concur100,bbr3ref,0,true,4194304,39450117,106319,20078,24,2726,0,23685,50067,50075,flow=1
axis_concur100,bbr3ref,0,true,4194304,47850117,87655,29185,25,2770,0,32543,50069,50075,flow=2
axis_concur100,bbr3ref,0,true,4194304,52250117,80273,22861,25,2816,0,43741,50073,50076,flow=3
axis_concur100,bbr3ref,0,true,4194304,21032306,199421,43641,39,2858,0,50069,50076,50076,flow=4
axis_concur100,bbr3ref,0,true,4194304,54300212,77242,52261,40,2857,0,50071,50076,50076,flow=5
axis_concur100,bbr3ref,0,true,4194304,28021014,149684,44151,46,2861,0,50070,50076,50076,flow=6
axis_concur100,bbr3ref,0,true,4194304,18806859,223019,36479,32,2861,0,50068,50076,50076,flow=7
axis_concur100,bbr3ref,0,true,4194304,55450117,75641,57231,43,2857,0,50070,50076,50076,flow=8
axis_concur100,bbr3ref,0,true,4194304,23806768,176181,46005,47,2859,0,50072,50076,50076,flow=9
axis_concur100,bbr3ref,0,true,4194304,19115843,219415,42681,37,2861,0,50070,50076,50076,flow=10
axis_concur100,bbr3ref,0,true,4194304,56650234,74038,58960,46,2858,0,50071,50076,50076,flow=11
axis_concur100,bbr3ref,0,true,4194304,16757793,250289,42564,34,2859,0,50070,50076,50076,flow=12
axis_concur100,bbr3ref,0,true,4194304,20213725,207497,17205,25,2859,0,50072,50076,50076,flow=13
axis_concur100,bbr3ref,0,true,4194304,16525390,253809,36286,35,2865,0,7020,50076,50076,flow=14
axis_concur100,bbr3ref,0,true,4194304,22944605,182801,59901,48,2864,0,50073,50076,50076,flow=15
axis_concur100,bbr3ref,0,true,4194304,21800917,192391,58527,45,2862,0,50073,50076,50076,flow=16
axis_concur100,bbr3ref,0,true,4194304,57113455,73438,52804,45,2863,0,50073,50076,50076,flow=17
axis_concur100,bbr3ref,0,true,4194304,24742714,169516,13053,20,2863,0,50073,50076,50076,flow=18
axis_concur100,bbr3ref,0,true,4194304,22945307,182795,52815,46,2864,0,50073,50076,50076,flow=19
axis_concur100,bbr3ref,0,true,4194304,26535686,158062,30323,42,2864,0,50073,50076,50076,flow=20
axis_concur100,bbr3ref,0,true,4194304,26132410,160501,54774,46,2863,0,50073,50076,50076,flow=21
axis_concur100,bbr3ref,0,true,4194304,33966487,123483,36232,42,2862,0,50074,50076,50076,flow=22
axis_concur100,bbr3ref,0,true,4194304,39450351,106318,26874,26,2865,0,11232,50076,50076,flow=23
axis_concur100,bbr3ref,0,true,4194304,26991653,155392,54310,45,2864,0,50073,50076,50076,flow=24
axis_concur100,bbr3ref,0,true,4194304,37081290,113111,22604,34,2862,0,50073,50076,50076,flow=25
axis_concur100,bbr3ref,0,true,4194304,20308162,206532,20280,28,2862,0,50074,50076,50076,flow=26
axis_concur100,bbr3ref,0,true,4194304,25331942,165573,47110,41,2864,0,50073,50076,50076,flow=27
axis_concur100,bbr3ref,0,true,4194304,27739079,151205,42684,44,2864,0,50073,50076,50076,flow=28
axis_concur100,bbr3ref,0,true,4194304,26132995,160498,48786,45,2863,0,50072,50076,50076,flow=29
axis_concur100,bbr3ref,0,true,4194304,46910247,89411,23173,22,2862,0,50074,50076,50076,flow=30
axis_concur100,bbr3ref,0,false,589840,60000000,9830,92413,54,2865,0,14976,50076,50076,flow=31
axis_concur100,bbr3ref,0,true,4194304,29525052,142059,41010,38,2864,0,50073,50076,50076,flow=32
axis_concur100,bbr3ref,0,false,908120,60000000,15135,88489,55,2862,0,50073,50076,50076,flow=33
axis_concur100,bbr3ref,0,true,4194304,59850212,70080,58316,44,2863,0,50073,50076,50076,flow=34
axis_concur100,bbr3ref,0,false,566480,60000000,9441,89466,55,2865,0,16848,50076,50076,flow=35
axis_concur100,bbr3ref,0,false,522680,60000000,8711,89896,55,2864,0,50073,50076,50076,flow=36
axis_concur100,bbr3ref,0,true,4194304,25660607,163453,17297,28,2864,0,50075,50076,50076,flow=37
axis_concur100,bbr3ref,0,true,4194304,33499720,125204,38397,41,2864,0,50074,50076,50076,flow=38
axis_concur100,bbr3ref,0,true,4194304,19599446,214001,27076,24,2864,0,50074,50076,50076,flow=39
axis_concur100,bbr3ref,0,false,546040,60000000,9100,77838,54,2865,0,19188,50076,50076,flow=40
axis_concur100,bbr3ref,0,true,4194304,24554654,170815,19185,28,2865,0,19656,50076,50076,flow=41
axis_concur100,bbr3ref,0,true,4194304,30755197,136377,28896,40,2864,0,50074,50076,50076,flow=42
axis_concur100,bbr3ref,0,true,4194304,28490531,147217,17833,25,2863,0,50074,50076,50076,flow=43
axis_concur100,bbr3ref,0,true,4194304,20308513,206529,32690,27,2865,0,21060,50076,50076,flow=44
axis_concur100,bbr3ref,0,false,433620,60000000,7227,67034,55,2866,0,21528,50076,50076,flow=45
axis_concur100,bbr3ref,0,true,4194304,26028363,161143,14937,30,2864,0,50074,50076,50076,flow=46
axis_concur100,bbr3ref,0,true,4194304,32213936,130201,21864,33,2863,0,50074,50076,50076,flow=47
axis_concur100,bbr3ref,0,true,4194304,18346246,228619,26829,24,2866,0,22932,50076,50076,flow=48
axis_concur100,bbr3ref,0,true,4194304,25647595,163535,14720,27,2866,0,23400,50076,50076,flow=49
axis_concur100,bbr3ref,0,true,4194304,29929451,140139,22009,36,2865,0,23868,50076,50076,flow=50
axis_concur100,bbr3ref,0,true,4194304,28470407,147321,12373,28,2864,0,50074,50076,50076,flow=51
axis_concur100,bbr3ref,0,true,4194304,31892753,131512,24185,42,2865,0,24804,50076,50076,flow=52
axis_concur100,bbr3ref,0,true,4194304,28774348,145765,8601,24,2866,0,25272,50076,50076,flow=53
axis_concur100,bbr3ref,0,true,4194304,25122003,166957,14526,28,2864,0,50075,50076,50076,flow=54
axis_concur100,bbr3ref,0,true,4194304,34358444,122074,42974,46,2864,0,50074,50076,50076,flow=55
axis_concur100,bbr3ref,0,true,4194304,30237517,138711,36084,38,2865,0,26676,50076,50076,flow=56
axis_concur100,bbr3ref,0,true,4194304,34329036,122179,27409,36,2865,0,27144,50076,50076,flow=57
axis_concur100,bbr3ref,0,true,4194304,29869107,140422,20336,31,2863,0,50074,50076,50076,flow=58
axis_concur100,bbr3ref,0,false,3455820,60000000,57597,58024,43,2864,0,50074,50076,50076,flow=59
axis_concur100,bbr3ref,0,true,4194304,30156553,139084,43646,38,2863,0,50074,50076,50076,flow=60
axis_concur100,bbr3ref,0,true,4194304,28546567,146928,39529,46,2866,0,29016,50076,50076,flow=61
axis_concur100,bbr3ref,0,true,4194304,4910338,854178,12125,10,2866,0,29484,50076,50076,flow=62
axis_concur100,bbr3ref,0,true,4194304,48096680,87205,31202,25,2864,0,50074,50076,50076,flow=63
axis_concur100,bbr3ref,0,true,4194304,59123495,70941,50297,52,2864,0,50074,50076,50076,flow=64
axis_concur100,bbr3ref,0,true,4194304,29431784,142509,38578,35,2861,0,50073,50076,50076,flow=65
axis_concur100,bbr3ref,0,false,3444140,60000000,57402,60150,52,2861,0,50073,50076,50076,flow=66
axis_concur100,bbr3ref,0,true,4194304,11962530,350620,33924,24,2859,0,50073,50076,50076,flow=67
axis_concur100,bbr3ref,0,true,4194304,25663394,163435,21756,28,2861,0,50073,50076,50076,flow=68
axis_concur100,bbr3ref,0,true,4194304,32334758,129715,41122,42,2861,0,50073,50076,50076,flow=69
axis_concur100,bbr3ref,0,true,4194304,34964661,119958,10279,17,2861,0,50073,50076,50076,flow=70
axis_concur100,bbr3ref,0,true,4194304,32865721,127619,19127,29,2859,0,50073,50076,50076,flow=71
axis_concur100,bbr3ref,0,true,4194304,29157578,143849,14545,29,2860,0,50073,50076,50076,flow=72
axis_concur100,bbr3ref,0,false,1724260,60000000,28737,72423,55,2859,0,50073,50076,50076,flow=73
axis_concur100,bbr3ref,0,false,1753460,60000000,29224,46517,44,2862,0,50074,50076,50076,flow=74
axis_concur100,bbr3ref,0,true,4194304,31534914,133005,36303,40,2863,0,50074,50076,50076,flow=75
axis_concur100,bbr3ref,0,true,4194304,28192940,148771,62330,47,2864,0,50074,50076,50076,flow=76
axis_concur100,bbr3ref,0,true,4194304,52161498,80409,20499,23,2864,0,50075,50076,50076,flow=77
axis_concur100,bbr3ref,0,true,4194304,12938396,324174,36900,24,2864,0,50075,50076,50076,flow=78
axis_concur100,bbr3ref,0,true,4194304,19651511,213434,26258,32,2862,0,50074,50076,50076,flow=79
axis_concur100,bbr3ref,0,true,4194304,8069815,519752,24799,17,2865,0,37908,50076,50076,flow=80
axis_concur100,bbr3ref,0,true,4194304,28953019,144865,24236,37,2864,0,50074,50076,50076,flow=81
axis_concur100,bbr3ref,0,true,4194304,14879994,281875,50802,31,2864,0,50075,50076,50076,flow=82
axis_concur100,bbr3ref,0,true,4194304,9290298,451471,29544,19,2865,0,39312,50076,50076,flow=83
axis_concur100,bbr3ref,0,true,4194304,16482100,254476,58419,35,2864,0,50075,50076,50076,flow=84
axis_concur100,bbr3ref,0,false,1734480,60000000,28908,64248,55,2864,0,50074,50076,50076,flow=85
axis_concur100,bbr3ref,0,true,4194304,20308279,206531,35800,33,2860,0,50071,50076,50076,flow=86
axis_concur100,bbr3ref,0,false,1775360,60000000,29589,27658,23,2859,0,50073,50076,50076,flow=87
axis_concur100,bbr3ref,0,true,4194304,50841446,82497,7580,21,2652,0,50019,50073,50076,flow=88
axis_concur100,bbr3ref,0,true,4194304,14944227,280663,48553,32,2864,0,50074,50076,50076,flow=89
axis_concur100,bbr3ref,0,true,4194304,15001908,279584,52745,32,2862,0,50074,50076,50076,flow=90
axis_concur100,bbr3ref,0,true,4194304,47329225,88619,26719,23,2859,0,50072,50076,50076,flow=91
axis_concur100,bbr3ref,0,false,1388460,60000000,23141,68480,54,2863,0,50073,50076,50076,flow=92
axis_concur100,bbr3ref,0,false,2317020,60000000,38617,64462,54,2853,0,50068,50076,50076,flow=93
axis_concur100,bbr3ref,0,false,943160,60000000,15719,20123,20,2858,0,50071,50076,50076,flow=94
axis_concur100,bbr3ref,0,false,925640,60000000,15427,20037,20,2857,0,50069,50076,50076,flow=95
axis_concur100,bbr3ref,0,true,4194304,11630237,360637,12332,16,2854,0,50069,50076,50076,flow=96
axis_concur100,bbr3ref,0,true,4194304,16486780,254404,44858,34,2855,0,50069,50076,50076,flow=97
axis_concur100,bbr3ref,0,true,4194304,20113784,208528,39798,37,2855,0,50070,50076,50076,flow=98
axis_concur100,bbr3ref,0,true,4194304,12431994,337379,14725,18,2852,0,50067,50076,50076,flow=99
axis_concur100,bbr3ref,0,fairness_min=7227,fairness_max=854178,fairness_ratio=0.008
axis_concur100,bbr3ref,1,true,4194304,6685155,627405,14135,13,2679,0,14944,50012,50075,flow=0
axis_concur100,bbr3ref,1,true,4194304,13087280,320487,18441,19,2727,0,23217,50067,50075,flow=1
axis_concur100,bbr3ref,1,true,4194304,25450468,164802,16242,20,2770,0,31958,50069,50075,flow=2
axis_concur100,bbr3ref,1,true,4194304,23558224,178039,24868,29,2816,0,43039,50073,50076,flow=3
axis_concur100,bbr3ref,1,true,4194304,53098119,78991,29750,31,2858,0,50069,50076,50076,flow=4
axis_concur100,bbr3ref,1,true,4194304,53530690,78353,29687,32,2857,0,50071,50076,50076,flow=5
axis_concur100,bbr3ref,1,true,4194304,13224094,317171,16917,15,2861,0,50070,50076,50076,flow=6
axis_concur100,bbr3ref,1,true,4194304,31136986,134704,49591,43,2861,0,50068,50076,50076,flow=7
axis_concur100,bbr3ref,1,true,4194304,52549726,79815,26081,38,2857,0,50070,50076,50076,flow=8
axis_concur100,bbr3ref,1,true,4194304,30250585,138651,43290,42,2859,0,50072,50076,50076,flow=9
axis_concur100,bbr3ref,1,false,1108140,60000000,18469,31865,35,2862,0,50071,50076,50076,flow=10
axis_concur100,bbr3ref,1,true,4194304,33505126,125183,60722,49,2858,0,50071,50076,50076,flow=11
axis_concur100,bbr3ref,1,false,767960,60000000,12799,19719,27,2859,0,50070,50076,50076,flow=12
axis_concur100,bbr3ref,1,true,4194304,48946099,85692,9427,35,2859,0,50072,50076,50076,flow=13
axis_concur100,bbr3ref,1,true,4194304,55834804,75119,16052,22,2865,0,7020,50076,50076,flow=14
axis_concur100,bbr3ref,1,true,4194304,57408479,73060,23304,26,2864,0,50073,50076,50076,flow=15
axis_concur100,bbr3ref,1,true,4194304,31850585,131686,31849,44,2859,0,50073,50076,50076,flow=16
axis_concur100,bbr3ref,1,true,4194304,31850702,131686,38460,49,2859,0,50073,50076,50076,flow=17
axis_concur100,bbr3ref,1,true,4194304,6049106,693375,17343,13,2860,0,50074,50076,50076,flow=18
axis_concur100,bbr3ref,1,true,4194304,51810373,80954,35570,39,2861,0,50073,50076,50076,flow=19
axis_concur100,bbr3ref,1,true,4194304,50147854,83638,17608,25,2861,0,50074,50076,50076,flow=20
axis_concur100,bbr3ref,1,true,4194304,36719539,114225,84795,57,2859,0,50073,50076,50076,flow=21
axis_concur100,bbr3ref,1,true,4194304,58149024,72130,15744,36,2860,0,50074,50076,50076,flow=22
axis_concur100,bbr3ref,1,true,4194304,58550810,71635,19724,29,2860,0,50074,50076,50076,flow=23
axis_concur100,bbr3ref,1,true,4194304,37900585,110665,93785,59,2861,0,50074,50076,50076,flow=24
axis_concur100,bbr3ref,1,true,4194304,40650117,103180,97183,66,2859,0,50073,50076,50076,flow=25
axis_concur100,bbr3ref,1,false,1141720,60000000,19028,26819,35,2863,0,50073,50076,50076,flow=26
axis_concur100,bbr3ref,1,true,4194304,57346099,73140,18867,26,2864,0,50074,50076,50076,flow=27
axis_concur100,bbr3ref,1,true,4194304,51348556,81682,33991,35,2863,0,50073,50076,50076,flow=28
axis_concur100,bbr3ref,1,true,4194304,42650351,98341,102615,69,2862,0,50074,50076,50076,flow=29
axis_concur100,bbr3ref,1,true,4194304,22717215,184631,25779,36,2863,0,50073,50076,50076,flow=30
axis_concur100,bbr3ref,1,true,4194304,19706925,212834,57818,41,2864,0,50075,50076,50076,flow=31
axis_concur100,bbr3ref,1,true,4194304,43850117,95650,100579,73,2863,0,50073,50076,50076,flow=32
axis_concur100,bbr3ref,1,true,4194304,58201832,72064,24429,28,2863,0,50074,50076,50076,flow=33
axis_concur100,bbr3ref,1,true,4194304,14505601,289150,43019,29,2863,0,50073,50076,50076,flow=34
axis_concur100,bbr3ref,1,true,4194304,20981325,199906,63006,42,2864,0,50075,50076,50076,flow=35
axis_concur100,bbr3ref,1,true,4194304,25463806,164716,28339,40,2863,0,50073,50076,50076,flow=36
axis_concur100,bbr3ref,1,true,4194304,10479175,400251,28860,21,2864,0,50074,50076,50076,flow=37
axis_concur100,bbr3ref,1,true,4194304,25430848,164929,28041,35,2864,0,50074,50076,50076,flow=38
axis_concur100,bbr3ref,1,true,4194304,17870278,234708,10241,27,2596,0,34733,50063,50074,flow=39
axis_concur100,bbr3ref,1,true,4194304,28486312,147239,94634,60,2862,0,50074,50076,50076,flow=40
axis_concur100,bbr3ref,1,true,4194304,21284206,197061,53457,39,2864,0,50073,50076,50076,flow=41
axis_concur100,bbr3ref,1,true,4194304,26547990,157989,79806,53,2864,0,50074,50076,50076,flow=42
axis_concur100,bbr3ref,1,true,4194304,38864911,107920,64053,47,2863,0,50074,50076,50076,flow=43
axis_concur100,bbr3ref,1,true,4194304,44250234,94786,104229,79,2862,0,50074,50076,50076,flow=44
axis_concur100,bbr3ref,1,true,4194304,44747011,93733,87362,80,2862,0,50074,50076,50076,flow=45
axis_concur100,bbr3ref,1,true,4194304,9578966,437866,20031,19,2863,0,50073,50076,50076,flow=46
axis_concur100,bbr3ref,1,true,4194304,47138727,88977,114412,85,2862,0,50074,50076,50076,flow=47
axis_concur100,bbr3ref,1,true,4194304,37357372,112275,104944,76,2862,0,50074,50076,50076,flow=48
axis_concur100,bbr3ref,1,true,4194304,45508073,92166,78883,82,2862,0,50074,50076,50076,flow=49
axis_concur100,bbr3ref,1,true,4194304,28085844,149338,98495,60,2865,0,23751,50076,50076,flow=50
axis_concur100,bbr3ref,1,true,4194304,33289003,125996,116719,70,2865,0,24219,50076,50076,flow=51
axis_concur100,bbr3ref,1,true,4194304,52663959,79642,132585,98,2864,0,50074,50076,50076,flow=52
axis_concur100,bbr3ref,1,true,4194304,32566147,128793,106689,65,2865,0,25155,50076,50076,flow=53
axis_concur100,bbr3ref,1,true,4194304,48660165,86195,101940,83,2865,0,25623,50076,50076,flow=54
axis_concur100,bbr3ref,1,true,4194304,34889354,120217,106185,64,2865,0,26091,50076,50076,flow=55
axis_concur100,bbr3ref,1,true,4194304,26536897,158055,86997,53,2863,0,50074,50076,50076,flow=56
axis_concur100,bbr3ref,1,true,4194304,35690524,117518,119710,75,2864,0,50075,50076,50076,flow=57
axis_concur100,bbr3ref,1,true,4194304,30145299,139136,109019,61,2866,0,27495,50076,50076,flow=58
axis_concur100,bbr3ref,1,true,4194304,32573401,128764,79498,71,2865,0,27963,50076,50076,flow=59
axis_concur100,bbr3ref,1,true,4194304,36091460,116213,115310,77,2866,0,28431,50075,50075,flow=60
axis_concur100,bbr3ref,1,true,4194304,38617159,108612,75490,81,2865,0,28899,50076,50076,flow=61
axis_concur100,bbr3ref,1,true,4194304,45051638,93099,69589,82,2867,0,29250,50076,50076,flow=62
axis_concur100,bbr3ref,1,true,4194304,31987516,131123,27555,39,2761,0,50024,50075,50075,flow=63
axis_concur100,bbr3ref,1,true,4194304,34543098,121422,124690,76,2866,0,30186,50076,50076,flow=64
axis_concur100,bbr3ref,1,true,4194304,47052084,89141,121305,86,2867,0,30537,50076,50076,flow=65
axis_concur100,bbr3ref,1,true,4194304,49071678,85473,139489,87,2868,0,31005,31122,31122,flow=66
axis_concur100,bbr3ref,1,true,4194304,29748926,140990,87626,59,2866,0,31590,50075,50075,flow=67
axis_concur100,bbr3ref,1,true,4194304,52323612,80160,169350,98,2867,0,31941,50075,50075,flow=68
axis_concur100,bbr3ref,1,true,4194304,37695438,111268,129391,80,2863,0,50073,50076,50076,flow=69
axis_concur100,bbr3ref,1,false,1322760,60000000,22046,49835,39,2865,0,32994,50075,50075,flow=70
axis_concur100,bbr3ref,1,true,4194304,53876595,77850,102732,103,2862,0,50073,50076,50076,flow=71
axis_concur100,bbr3ref,1,true,4194304,37817839,110908,86316,86,2863,0,50071,50075,50075,flow=72
axis_concur100,bbr3ref,1,true,4194304,31822051,131804,58973,39,2862,0,50072,50076,50076,flow=73
axis_concur100,bbr3ref,1,true,4194304,38498363,108947,121586,89,2862,0,50072,50075,50075,flow=74
axis_concur100,bbr3ref,1,true,4194304,54274138,77279,121045,101,2863,0,50073,50076,50076,flow=75
axis_concur100,bbr3ref,1,true,4194304,40152809,104458,144636,88,2862,0,50072,50075,50075,flow=76
axis_concur100,bbr3ref,1,true,4194304,38899416,107824,105946,85,2862,0,50072,50076,50076,flow=77
axis_concur100,bbr3ref,1,true,4194304,7645370,548607,18131,15,2863,0,50071,50075,50075,flow=78
axis_concur100,bbr3ref,1,true,4194304,38982995,107593,89501,82,2863,0,50073,50076,50076,flow=79
axis_concur100,bbr3ref,1,true,4194304,7698480,544822,21180,15,2862,0,50072,50075,50075,flow=80
axis_concur100,bbr3ref,1,true,4194304,26081632,160814,14991,21,2862,0,50073,50076,50076,flow=81
axis_concur100,bbr3ref,1,true,4194304,22362389,187560,21938,34,2860,0,50073,50076,50076,flow=82
axis_concur100,bbr3ref,1,true,4194304,40501522,103559,124218,86,2862,0,50073,50076,50076,flow=83
axis_concur100,bbr3ref,1,true,4194304,54274372,77279,110732,100,2859,0,50072,50076,50076,flow=84
axis_concur100,bbr3ref,1,true,4194304,54671447,76718,100029,100,2861,0,50070,50076,50076,flow=85
axis_concur100,bbr3ref,1,true,4194304,55119224,76095,119490,100,2858,0,50071,50076,50076,flow=86
axis_concur100,bbr3ref,1,true,4194304,40905617,102536,103283,85,2858,0,50071,50076,50076,flow=87
axis_concur100,bbr3ref,1,true,4194304,54731158,76634,101761,99,2857,0,50071,50076,50076,flow=88
axis_concur100,bbr3ref,1,true,4194304,31502237,133143,83172,61,2864,0,50074,50076,50076,flow=89
axis_concur100,bbr3ref,1,true,4194304,40166615,104422,113527,91,2864,0,50074,50076,50076,flow=90
axis_concur100,bbr3ref,1,true,4194304,39780867,105435,86448,85,2864,0,50074,50075,50075,flow=91
axis_concur100,bbr3ref,1,true,4194304,54358185,77160,45464,96,2751,0,50033,50072,50075,flow=92
axis_concur100,bbr3ref,1,true,4194304,13769265,304613,1532,10,1076,0,43740,50070,50076,flow=93
axis_concur100,bbr3ref,1,true,4194304,40587324,103340,100339,90,2860,0,50072,50076,50076,flow=94
axis_concur100,bbr3ref,1,true,4194304,17628047,237933,29740,32,2861,0,50068,50076,50076,flow=95
axis_concur100,bbr3ref,1,true,4194304,40611287,103279,98484,86,2856,0,50066,50076,50076,flow=96
axis_concur100,bbr3ref,1,true,4194304,55069926,76163,106060,100,2854,0,50064,50076,50076,flow=97
axis_concur100,bbr3ref,1,true,4194304,40596662,103316,66531,92,2857,0,50062,50076,50076,flow=98
axis_concur100,bbr3ref,1,true,4194304,18317545,228977,27336,33,2857,0,50057,50076,50076,flow=99
axis_concur100,bbr3ref,1,fairness_min=12799,fairness_max=693375,fairness_ratio=0.018
axis_concur100,bbr3ref,2,true,4194304,6359476,659536,11218,10,2678,0,15178,50012,50075,flow=0
axis_concur100,bbr3ref,2,true,4194304,11939951,351283,14273,15,2729,0,23217,50067,50075,flow=1
axis_concur100,bbr3ref,2,true,4194304,25714158,163112,86574,57,2769,0,31958,50069,50075,flow=2
axis_concur100,bbr3ref,2,true,4194304,18251389,229807,23879,23,2817,0,43156,50073,50076,flow=3
axis_concur100,bbr3ref,2,true,4194304,7897107,531119,12128,12,2858,0,50069,50076,50076,flow=4
axis_concur100,bbr3ref,2,false,2322860,60000000,38714,17629,23,2857,0,50071,50076,50076,flow=5
axis_concur100,bbr3ref,2,true,4194304,25528560,164298,38172,35,2861,0,50070,50076,50076,flow=6
axis_concur100,bbr3ref,2,true,4194304,27210250,154144,48411,32,2861,0,50068,50076,50076,flow=7
axis_concur100,bbr3ref,2,true,4194304,21511012,194984,10429,18,2857,0,50070,50076,50076,flow=8
axis_concur100,bbr3ref,2,true,4194304,46793147,89635,15527,32,2859,0,50072,50076,50076,flow=9
axis_concur100,bbr3ref,2,true,4194304,23850351,175859,17855,22,2861,0,50070,50076,50076,flow=10
axis_concur100,bbr3ref,2,true,4194304,51123378,82042,19007,32,2858,0,50071,50076,50076,flow=11
axis_concur100,bbr3ref,2,true,4194304,31999387,131074,23405,25,2859,0,50070,50076,50076,flow=12
axis_concur100,bbr3ref,2,true,4194304,34097709,123008,25915,29,2859,0,50072,50076,50076,flow=13
axis_concur100,bbr3ref,2,false,718320,60000000,11972,49428,32,2865,0,7020,50076,50076,flow=14
axis_concur100,bbr3ref,2,true,4194304,31450369,133362,50712,48,2864,0,50073,50076,50076,flow=15
axis_concur100,bbr3ref,2,true,4194304,34110323,122962,22992,29,2862,0,50073,50076,50076,flow=16
axis_concur100,bbr3ref,2,true,4194304,24252850,172940,46685,36,2863,0,50073,50076,50076,flow=17
axis_concur100,bbr3ref,2,true,4194304,34892747,120205,34519,31,2863,0,50073,50076,50076,flow=18
axis_concur100,bbr3ref,2,true,4194304,16294079,257412,44464,30,2864,0,50073,50076,50076,flow=19
axis_concur100,bbr3ref,2,false,2730200,60000000,45503,37418,50,2864,0,50073,50076,50076,flow=20
axis_concur100,bbr3ref,2,true,4194304,39748556,105520,60050,48,2863,0,50073,50076,50076,flow=21
axis_concur100,bbr3ref,2,true,4194304,37745100,111121,63195,46,2862,0,50074,50076,50076,flow=22
axis_concur100,bbr3ref,2,false,224840,60000000,3747,47864,32,2865,0,11232,50076,50076,flow=23
axis_concur100,bbr3ref,2,true,4194304,26797469,156518,43713,37,2864,0,50073,50076,50076,flow=24
axis_concur100,bbr3ref,2,true,4194304,40550194,103434,44280,43,2862,0,50073,50076,50076,flow=25
axis_concur100,bbr3ref,2,true,4194304,37377262,112215,58007,46,2862,0,50074,50076,50076,flow=26
axis_concur100,bbr3ref,2,true,4194304,42594579,98470,39035,32,2864,0,50073,50076,50076,flow=27
axis_concur100,bbr3ref,2,true,4194304,24794004,169166,46493,30,2864,0,50073,50076,50076,flow=28
axis_concur100,bbr3ref,2,true,4194304,28027876,149647,40750,39,2863,0,50072,50076,50076,flow=29
axis_concur100,bbr3ref,2,true,4194304,35513959,118102,14311,18,2862,0,50074,50076,50076,flow=30
axis_concur100,bbr3ref,2,true,4194304,38224647,109727,53203,49,2865,0,14976,50076,50076,flow=31
axis_concur100,bbr3ref,2,true,4194304,38596311,108671,56058,47,2864,0,50073,50076,50076,flow=32
axis_concur100,bbr3ref,2,true,4194304,21655665,193681,35804,31,2862,0,50073,50076,50076,flow=33
axis_concur100,bbr3ref,2,false,611740,60000000,10195,47890,36,2863,0,50073,50076,50076,flow=34
axis_concur100,bbr3ref,2,true,4194304,37746346,111118,46157,48,2865,0,16848,50076,50076,flow=35
axis_concur100,bbr3ref,2,true,4194304,44544461,94159,44215,35,2864,0,50073,50076,50076,flow=36
axis_concur100,bbr3ref,2,true,4194304,30136388,139177,44602,46,2864,0,50075,50076,50076,flow=37
axis_concur100,bbr3ref,2,true,4194304,25867341,162146,46328,38,2864,0,50074,50076,50076,flow=38
axis_concur100,bbr3ref,2,true,4194304,42148673,99512,50599,44,2864,0,50074,50076,50076,flow=39
axis_concur100,bbr3ref,2,true,4194304,10562128,397107,15772,16,2865,0,19188,50076,50076,flow=40
axis_concur100,bbr3ref,2,true,4194304,14191839,295543,26004,21,2865,0,19656,50076,50076,flow=41
axis_concur100,bbr3ref,2,true,4194304,25529613,164291,47793,31,2864,0,50074,50076,50076,flow=42
axis_concur100,bbr3ref,2,true,4194304,23981082,174900,39296,34,2863,0,50074,50076,50076,flow=43
axis_concur100,bbr3ref,2,false,554800,60000000,9246,50754,32,2865,0,21060,50076,50076,flow=44
axis_concur100,bbr3ref,2,true,4194304,10563883,397041,22978,18,2866,0,21528,50076,50076,flow=45
axis_concur100,bbr3ref,2,true,4194304,34993993,119857,64898,56,2864,0,50074,50076,50076,flow=46
axis_concur100,bbr3ref,2,true,4194304,21156942,198247,40873,31,2861,0,50074,50076,50076,flow=47
axis_concur100,bbr3ref,2,true,4194304,41376595,101368,49886,40,2861,0,50074,50076,50076,flow=48
axis_concur100,bbr3ref,2,true,4194304,53101850,78986,25678,33,2863,0,50073,50076,50076,flow=49
axis_concur100,bbr3ref,2,true,4194304,59133813,70929,31068,31,2862,0,50074,50076,50076,flow=50
axis_concur100,bbr3ref,2,true,4194304,9561590,438661,16210,16,2861,0,50073,50076,50076,flow=51
axis_concur100,bbr3ref,2,true,4194304,55908402,75020,21661,35,2861,0,50074,50076,50076,flow=52
axis_concur100,bbr3ref,2,true,4194304,23758972,176535,38980,34,2862,0,50074,50076,50076,flow=53
axis_concur100,bbr3ref,2,true,4194304,35576525,117895,14718,18,2861,0,50074,50076,50076,flow=54
axis_concur100,bbr3ref,2,true,4194304,31569157,132860,32106,35,2861,0,50073,50076,50076,flow=55
axis_concur100,bbr3ref,2,true,4194304,30569623,137204,62861,50,2861,0,50074,50076,50076,flow=56
axis_concur100,bbr3ref,2,true,4194304,40950428,102423,48658,39,2864,0,50074,50076,50076,flow=57
axis_concur100,bbr3ref,2,true,4194304,4030978,1040517,8357,7,2862,0,50074,50076,50076,flow=58
axis_concur100,bbr3ref,2,true,4194304,54749118,76609,29344,37,2864,0,50074,50076,50076,flow=59
axis_concur100,bbr3ref,2,true,4194304,32871219,127598,74629,55,2864,0,50075,50076,50076,flow=60
axis_concur100,bbr3ref,2,true,4194304,58712402,71438,43996,47,2865,0,29016,50076,50076,flow=61
axis_concur100,bbr3ref,2,true,4194304,28070340,149421,51750,44,2865,0,29484,50076,50076,flow=62
axis_concur100,bbr3ref,2,true,4194304,16461976,254787,11685,13,2864,0,50074,50076,50076,flow=63
axis_concur100,bbr3ref,2,true,4194304,32871570,127596,69449,60,2864,0,50074,50076,50076,flow=64
axis_concur100,bbr3ref,2,true,4194304,32965970,127231,80989,69,2864,0,50075,50076,50076,flow=65
axis_concur100,bbr3ref,2,true,4194304,29702743,141209,63575,55,2865,0,31356,50076,50076,flow=66
axis_concur100,bbr3ref,2,true,4194304,18540332,226225,61239,36,2862,0,50074,50076,50076,flow=67
axis_concur100,bbr3ref,2,false,3226600,60000000,53776,56146,49,2864,0,50074,50076,50076,flow=68
axis_concur100,bbr3ref,2,true,4194304,34076016,123086,104609,71,2865,0,32760,50076,50076,flow=69
axis_concur100,bbr3ref,2,true,4194304,41521798,101014,11491,26,2718,0,50015,50075,50075,flow=70
axis_concur100,bbr3ref,2,true,4194304,51183494,81946,21522,33,2867,0,33462,50076,50076,flow=71
axis_concur100,bbr3ref,2,true,4194304,36534089,114805,124885,76,2866,0,34047,50076,50076,flow=72
axis_concur100,bbr3ref,2,true,4194304,14872155,282023,49110,32,2865,0,34515,50076,50076,flow=73
axis_concur100,bbr3ref,2,true,4194304,37279058,112510,113282,76,2864,0,50075,50076,50076,flow=74
axis_concur100,bbr3ref,2,true,4194304,57451638,73005,60009,50,2867,0,35334,50076,50076,flow=75
axis_concur100,bbr3ref,2,true,4194304,36877654,113735,83651,64,2866,0,35919,50076,50076,flow=76
axis_concur100,bbr3ref,2,true,4194304,31877123,131577,19873,20,2861,0,50072,50076,50076,flow=77
axis_concur100,bbr3ref,2,true,4194304,36547639,114762,81939,65,2861,0,50072,50076,50076,flow=78
axis_concur100,bbr3ref,2,true,4194304,8862953,473240,20049,17,2861,0,50072,50076,50076,flow=79
axis_concur100,bbr3ref,2,false,3137540,60000000,52292,51183,55,2862,0,50073,50076,50076,flow=80
axis_concur100,bbr3ref,2,true,4194304,37768464,111053,83207,59,2862,0,50073,50076,50076,flow=81
axis_concur100,bbr3ref,2,true,4194304,40954264,102414,120798,85,2862,0,50072,50076,50076,flow=82
axis_concur100,bbr3ref,2,true,4194304,37350352,112296,104101,70,2861,0,50072,50076,50076,flow=83
axis_concur100,bbr3ref,2,false,601520,60000000,10025,10609,21,2861,0,50072,50076,50076,flow=84
axis_concur100,bbr3ref,2,false,1662940,60000000,27715,42069,46,2862,0,50073,50076,50076,flow=85
axis_concur100,bbr3ref,2,true,4194304,36151297,116020,84474,76,2862,0,50073,50076,50076,flow=86
axis_concur100,bbr3ref,2,true,4194304,9191081,456345,16961,19,2861,0,50072,50076,50076,flow=87
axis_concur100,bbr3ref,2,true,4194304,34205327,122621,105826,74,2864,0,50073,50076,50076,flow=88
axis_concur100,bbr3ref,2,true,4194304,26946355,155653,92080,54,2862,0,50073,50076,50076,flow=89
axis_concur100,bbr3ref,2,true,4194304,30931850,135598,103937,68,2861,0,50073,50076,50076,flow=90
axis_concur100,bbr3ref,2,false,947540,60000000,15792,37030,34,2857,0,50071,50076,50076,flow=91
axis_concur100,bbr3ref,2,false,2096560,60000000,34942,26943,30,2861,0,50070,50076,50076,flow=92
axis_concur100,bbr3ref,2,true,4194304,38090875,110113,106004,77,2859,0,50068,50076,50076,flow=93
axis_concur100,bbr3ref,2,false,1314000,60000000,21900,31199,33,2858,0,50070,50076,50076,flow=94
axis_concur100,bbr3ref,2,true,4194304,25883708,162044,82548,57,2860,0,50072,50076,50076,flow=95
axis_concur100,bbr3ref,2,false,791320,60000000,13188,48928,50,2856,0,50067,50076,50076,flow=96
axis_concur100,bbr3ref,2,true,4194304,56772540,73879,14850,22,2857,0,50068,50076,50076,flow=97
axis_concur100,bbr3ref,2,true,4194304,36991770,113384,76201,79,2853,0,50070,50076,50076,flow=98
axis_concur100,bbr3ref,2,false,1585560,60000000,26426,8965,22,2852,0,50065,50076,50076,flow=99
axis_concur100,bbr3ref,2,fairness_min=3747,fairness_max=1040517,fairness_ratio=0.004
axis_concur100,lossblindref,0,true,4194304,40050643,104725,2205,25,2104,0,117,50050,50071,flow=0
axis_concur100,lossblindref,0,true,4194304,30152005,139105,777,7,749,0,8361,49567,50063,flow=1
axis_concur100,lossblindref,0,true,4194304,34711633,120832,781,9,750,0,11592,46725,50059,flow=2
axis_concur100,lossblindref,0,true,4194304,36609010,114570,735,10,702,0,5027,49567,50035,flow=3
axis_concur100,lossblindref,0,true,4194304,33529664,125092,766,10,733,0,5211,45004,50035,flow=4
axis_concur100,lossblindref,0,true,4194304,26048758,161017,55,3,46,0,17392,44536,49918,flow=5
axis_concur100,lossblindref,0,true,4194304,37172126,112834,759,8,678,0,6435,50035,50035,flow=6
axis_concur100,lossblindref,0,true,4194304,32979296,127179,1385,13,1334,0,10773,49973,50062,flow=7
axis_concur100,lossblindref,0,true,4194304,29272100,143286,808,9,776,0,4114,43831,50062,flow=8
axis_concur100,lossblindref,0,true,4194304,32103740,130648,1894,20,1799,0,18989,49854,50049,flow=9
axis_concur100,lossblindref,0,true,4194304,36968677,113455,815,8,786,0,585,39622,49567,flow=10
axis_concur100,lossblindref,0,true,4194304,39480001,106238,829,9,797,0,777,38961,50032,flow=11
axis_concur100,lossblindref,0,true,4194304,34076921,123083,596,8,567,0,7798,46836,50035,flow=12
axis_concur100,lossblindref,0,true,4194304,32267069,129987,583,7,557,0,4699,42933,50035,flow=13
axis_concur100,lossblindref,0,true,4194304,31205802,134407,1730,16,1649,0,19381,49990,50064,flow=14
axis_concur100,lossblindref,0,true,4194304,34784660,120579,1394,16,1336,0,10021,50035,50053,flow=15
axis_concur100,lossblindref,0,true,4194304,34131196,122887,846,5,824,0,10957,49999,50058,flow=16
axis_concur100,lossblindref,0,true,4194304,20710284,202522,652,6,630,0,13239,45355,49970,flow=17
axis_concur100,lossblindref,0,true,4194304,38554766,108788,1003,7,975,0,7099,50035,50067,flow=18
axis_concur100,lossblindref,0,true,4194304,32070120,130785,1002,8,976,0,11542,50030,50035,flow=19
axis_concur100,lossblindref,0,true,4194304,30686563,136682,53,3,39,0,14818,43951,50035,flow=20
axis_concur100,lossblindref,0,true,4194304,34745990,120713,657,11,614,0,10255,48865,50035,flow=21
axis_concur100,lossblindref,0,true,4194304,35369945,118583,716,13,667,0,8687,47288,50035,flow=22
axis_concur100,lossblindref,0,true,4194304,28269159,148370,979,9,946,0,12820,49918,50035,flow=23
axis_concur100,lossblindref,0,true,4194304,13081935,320618,371,1,360,0,21019,49975,50063,flow=24
axis_concur100,lossblindref,0,true,4194304,34425066,121838,653,10,616,0,10494,46375,50035,flow=25
axis_concur100,lossblindref,0,true,4194304,37502217,111841,1629,18,1556,0,17626,49918,50035,flow=26
axis_concur100,lossblindref,0,true,4194304,34094471,123020,1217,5,1194,0,8266,50013,50067,flow=27
axis_concur100,lossblindref,0,true,4194304,18852642,222478,147,4,132,0,18328,42502,49918,flow=28
axis_concur100,lossblindref,0,true,4194304,26114746,160610,1272,11,1198,0,15403,50017,50047,flow=29
axis_concur100,lossblindref,0,true,4194304,33444081,125412,1712,12,1656,0,13765,49974,50035,flow=30
axis_concur100,lossblindref,0,true,4194304,36079423,116251,913,9,876,0,10957,46493,50035,flow=31
axis_concur100,lossblindref,0,true,4194304,38202470,109791,888,7,859,0,7329,47767,50035,flow=32
axis_concur100,lossblindref,0,true,4194304,33159896,126487,643,7,614,0,4446,41356,50035,flow=33
axis_concur100,lossblindref,0,true,4194304,38248002,109660,1516,13,1465,0,12244,49975,50041,flow=34
axis_concur100,lossblindref,0,true,4194304,36228770,115772,1122,7,1092,0,7191,47767,50035,flow=35
axis_concur100,lossblindref,0,true,4194304,28169934,148892,51,3,42,0,16339,40675,50035,flow=36
axis_concur100,lossblindref,0,true,4194304,34263076,122414,1009,5,984,0,10372,49567,50052,flow=37
axis_concur100,lossblindref,0,true,4194304,32273162,129962,1566,14,1496,0,15403,49801,50035,flow=38
axis_concur100,lossblindref,0,true,4194304,31077330,134963,656,5,636,0,5865,39037,50035,flow=39
axis_concur100,lossblindref,0,true,4194304,38135986,109982,955,8,923,0,4262,47578,50035,flow=40
axis_concur100,lossblindref,0,true,4194304,34705657,120853,1334,13,1283,0,7798,48278,50054,flow=41
axis_concur100,lossblindref,0,true,4194304,36255114,115688,984,11,944,0,8500,47144,50035,flow=42
axis_concur100,lossblindref,0,true,4194304,39583349,105961,1007,12,970,0,1980,37858,49757,flow=43
axis_concur100,lossblindref,0,true,4194304,40718644,103006,1952,17,1887,0,14838,50037,50070,flow=44
axis_concur100,lossblindref,0,true,4194304,36435133,115117,742,12,702,0,7017,46935,50035,flow=45
axis_concur100,lossblindref,0,true,4194304,31336339,133847,43,3,34,0,10723,40558,50035,flow=46
axis_concur100,lossblindref,0,true,4194304,34708209,120844,1310,11,1268,0,20876,50035,50065,flow=47
axis_concur100,lossblindref,0,true,4194304,39793603,105401,1958,17,1891,0,12010,50045,50069,flow=48
axis_concur100,lossblindref,0,true,4194304,40176118,104397,1048,11,1009,0,207,38335,50013,flow=49
axis_concur100,lossblindref,0,true,4194304,34656359,121025,2486,21,2401,0,46405,50067,50074,flow=50
axis_concur100,lossblindref,0,true,4194304,35298683,118823,1539,13,1490,0,16456,49432,50035,flow=51
axis_concur100,lossblindref,0,true,4194304,32454981,129234,752,7,726,0,4288,42933,49989,flow=52
axis_concur100,lossblindref,0,true,4194304,34822100,120449,1616,15,1556,0,15533,50024,50057,flow=53
axis_concur100,lossblindref,0,true,4194304,35502278,118141,1671,14,1618,0,15520,49159,50039,flow=54
axis_concur100,lossblindref,0,true,4194304,16293380,257423,73,1,69,0,20551,46993,50035,flow=55
axis_concur100,lossblindref,0,true,4194304,34423099,121845,1499,19,1418,0,13625,48201,50035,flow=56
axis_concur100,lossblindref,0,true,4194304,34911785,120140,773,14,721,0,2357,41390,50035,flow=57
axis_concur100,lossblindref,0,true,4194304,31398836,133581,1602,10,1560,0,14903,49684,50052,flow=58
axis_concur100,lossblindref,0,true,4194304,40121935,104538,1019,16,948,0,468,40207,50009,flow=59
axis_concur100,lossblindref,0,true,4194304,19920047,210556,1593,9,1560,0,26284,43819,49663,flow=60
axis_concur100,lossblindref,0,true,4194304,18665423,224709,1026,6,994,0,18211,45355,49918,flow=61
axis_concur100,lossblindref,0,true,4194304,21218268,197674,1547,7,1508,0,22072,50047,50071,flow=62
axis_concur100,lossblindref,0,true,4194304,26736778,156873,957,13,893,0,19008,49567,50068,flow=63
axis_concur100,lossblindref,0,true,4194304,18457185,227245,35,0,35,0,17392,41728,49918,flow=64
axis_concur100,lossblindref,0,true,4194304,27756542,151110,45,2,45,0,15286,42079,50035,flow=65
axis_concur100,lossblindref,0,true,4194304,15687576,267364,65,1,64,0,18679,35176,49918,flow=66
axis_concur100,lossblindref,0,true,4194304,37440568,112025,1013,8,976,0,6160,41611,50003,flow=67
axis_concur100,lossblindref,0,true,4194304,29878701,140377,1022,8,985,0,14818,48163,50035,flow=68
axis_concur100,lossblindref,0,true,4194304,27107925,154726,1045,10,994,0,10191,46151,50031,flow=69
axis_concur100,lossblindref,0,true,4194304,15267568,274719,172,2,166,0,22980,47341,50035,flow=70
axis_concur100,lossblindref,0,true,4194304,29835021,140583,1291,13,1218,0,15579,50032,50068,flow=71
axis_concur100,lossblindref,0,true,4194304,20301211,206603,1278,8,1241,0,20668,48478,50050,flow=72
axis_concur100,lossblindref,0,true,4194304,27311808,153571,2561,24,2413,0,36697,50015,50059,flow=73
axis_concur100,lossblindref,0,true,4194304,26398490,158884,1290,7,1245,0,15403,50052,50070,flow=74
axis_concur100,lossblindref,0,true,4194304,32734485,128131,1032,6,993,0,13765,50035,50068,flow=75
axis_concur100,lossblindref,0,true,4194304,17273679,242814,1485,11,1430,0,21604,47110,48982,flow=76
axis_concur100,lossblindref,0,true,4194304,12349654,339629,1174,6,1150,0,23827,48860,49450,flow=77
axis_concur100,lossblindref,0,true,4194304,26972442,155503,58,3,54,0,12946,45238,50035,flow=78
axis_concur100,lossblindref,0,true,4194304,28475459,147295,1088,9,1008,0,17158,44653,50056,flow=79
axis_concur100,lossblindref,0,true,4194304,38598431,108665,1084,16,1011,0,2182,45567,50068,flow=80
axis_concur100,lossblindref,0,true,4194304,18067714,232143,47,1,47,0,19381,44302,50035,flow=81
axis_concur100,lossblindref,0,true,4194304,17027416,246326,1163,11,1107,0,19030,50035,50068,flow=82
axis_concur100,lossblindref,0,true,4194304,17956352,233583,38,1,38,0,18094,38961,48163,flow=83
axis_concur100,lossblindref,0,true,4194304,22807473,183900,45,2,45,0,12478,44536,50035,flow=84
axis_concur100,lossblindref,0,true,4194304,32541375,128891,872,10,833,0,15403,49918,50056,flow=85
axis_concur100,lossblindref,0,true,4194304,22293693,188138,1371,15,1294,0,15403,48101,50035,flow=86
axis_concur100,lossblindref,0,true,4194304,23711672,176887,1208,7,1167,0,15403,50035,50068,flow=87
axis_concur100,lossblindref,0,true,4194304,31137158,134704,78,3,69,0,11425,41494,50035,flow=88
axis_concur100,lossblindref,0,true,4194304,19919367,210564,1199,7,1161,0,17743,48163,50053,flow=89
axis_concur100,lossblindref,0,true,4194304,34615336,121168,1117,8,1071,0,7447,45238,50035,flow=90
axis_concur100,lossblindref,0,true,4194304,30986418,135359,2574,22,2475,0,46264,50074,50074,flow=91
axis_concur100,lossblindref,0,true,4194304,36794012,113994,1120,10,1071,0,6160,47656,50058,flow=92
axis_concur100,lossblindref,0,true,4194304,33841789,123938,1162,13,1093,0,10372,45842,50035,flow=93
axis_concur100,lossblindref,0,true,4194304,14098058,297509,1465,7,1421,0,19849,47569,49684,flow=94
axis_concur100,lossblindref,0,true,4194304,42164927,99473,1185,15,1115,0,234,40205,50035,flow=95
axis_concur100,lossblindref,0,true,4194304,39606874,105898,1057,16,979,0,1486,44302,50035,flow=96
axis_concur100,lossblindref,0,true,4194304,34106851,122975,1159,9,1106,0,7137,46408,50035,flow=97
axis_concur100,lossblindref,0,true,4194304,24074697,174220,93,1,93,0,11871,50035,50035,flow=98
axis_concur100,lossblindref,0,true,4194304,35813579,117114,1093,9,1046,0,7564,50035,50068,flow=99
axis_concur100,lossblindref,0,fairness_min=99473,fairness_max=339629,fairness_ratio=0.293
axis_concur100,lossblindref,1,true,4194304,36717681,114231,1189,16,1126,0,351,48556,50062,flow=0
axis_concur100,lossblindref,1,true,4194304,36511034,114877,62,7,42,0,12829,46876,50035,flow=1
axis_concur100,lossblindref,1,true,4194304,26387360,158951,767,8,735,0,15403,49991,50057,flow=2
axis_concur100,lossblindref,1,true,4194304,31803988,131879,60,4,52,0,11308,44185,50035,flow=3
axis_concur100,lossblindref,1,true,4194304,43205738,97077,808,10,772,0,415,43850,50035,flow=4
axis_concur100,lossblindref,1,true,4194304,40994477,102313,686,9,654,0,2977,49801,50035,flow=5
axis_concur100,lossblindref,1,true,4194304,27754589,151121,620,9,591,0,13648,49519,50035,flow=6
axis_concur100,lossblindref,1,true,4194304,27949433,150067,626,9,593,0,25231,43834,50035,flow=7
axis_concur100,lossblindref,1,true,4194304,36165775,115974,919,13,876,0,14701,49918,50035,flow=8
axis_concur100,lossblindref,1,true,4194304,26409103,158820,274,6,260,0,18796,45706,50035,flow=9
axis_concur100,lossblindref,1,true,4194304,34047800,123188,1085,11,1044,0,19147,49998,50035,flow=10
axis_concur100,lossblindref,1,true,4194304,37161268,112867,1548,11,1499,0,9637,50031,50068,flow=11
axis_concur100,lossblindref,1,true,4194304,34583279,121281,1529,19,1453,0,22423,50041,50069,flow=12
axis_concur100,lossblindref,1,true,4194304,37963023,110483,1629,15,1553,0,18048,50008,50056,flow=13
axis_concur100,lossblindref,1,true,4194304,35762977,117280,696,8,676,0,9390,48982,50035,flow=14
axis_concur100,lossblindref,1,true,4194304,34473231,121668,70,7,53,0,13414,48423,50035,flow=15
axis_concur100,lossblindref,1,true,4194304,28314457,148132,83,5,65,0,14701,45004,50035,flow=16
axis_concur100,lossblindref,1,true,4194304,32794590,127896,1248,12,1190,0,9553,50023,50051,flow=17
axis_concur100,lossblindref,1,true,4194304,23923733,175319,775,9,738,0,18796,50035,50035,flow=18
axis_concur100,lossblindref,1,true,4194304,21009772,199635,599,6,579,0,19615,48982,50035,flow=19
axis_concur100,lossblindref,1,true,4194304,20797749,201671,44,2,40,0,20785,45472,50035,flow=20
axis_concur100,lossblindref,1,true,4194304,31793341,131923,1213,12,1154,0,18463,49763,50035,flow=21
axis_concur100,lossblindref,1,true,4194304,39448735,106322,612,8,588,0,1499,43600,50035,flow=22
axis_concur100,lossblindref,1,true,4194304,34613706,121174,1176,14,1125,0,16105,49987,50053,flow=23
axis_concur100,lossblindref,1,true,4194304,45748598,91681,627,10,591,0,234,41845,50035,flow=24
axis_concur100,lossblindref,1,true,4194304,26188125,160160,1034,10,997,0,18914,47576,50033,flow=25
axis_concur100,lossblindref,1,true,4194304,33471532,125309,642,10,610,0,3820,44536,50035,flow=26
axis_concur100,lossblindref,1,true,4194304,38726211,108306,1431,15,1373,0,17977,50042,50071,flow=27
axis_concur100,lossblindref,1,true,4194304,31426050,133465,740,6,721,0,19624,49372,50035,flow=28
axis_concur100,lossblindref,1,true,4194304,26675857,157232,207,3,198,0,21136,49684,50035,flow=29
axis_concur100,lossblindref,1,true,4194304,29319457,143055,42,3,38,0,16807,49333,50035,flow=30
axis_concur100,lossblindref,1,true,4194304,38377199,109291,1985,17,1914,0,26167,50048,50071,flow=31
axis_concur100,lossblindref,1,true,4194304,28177912,148850,60,5,44,0,16924,48280,50035,flow=32
axis_concur100,lossblindref,1,true,4194304,25340144,165520,727,7,699,0,15871,49880,50043,flow=33
axis_concur100,lossblindref,1,true,4194304,36441473,115096,1236,9,1198,0,11659,50035,50063,flow=34
axis_concur100,lossblindref,1,true,4194304,32695292,128284,170,4,160,0,16105,49605,50035,flow=35
axis_concur100,lossblindref,1,true,4194304,30456227,137715,1072,6,1040,0,19254,49684,50043,flow=36
axis_concur100,lossblindref,1,true,4194304,40325101,104012,1512,17,1442,0,16807,50005,50053,flow=37
axis_concur100,lossblindref,1,true,4194304,33722492,124377,754,8,729,0,11659,47907,50035,flow=38
axis_concur100,lossblindref,1,true,4194304,10358220,404925,64,3,51,0,19966,43177,49684,flow=39
axis_concur100,lossblindref,1,true,4194304,26960578,155571,26,0,26,0,19030,49801,50035,flow=40
axis_concur100,lossblindref,1,true,4194304,23892048,175552,454,3,422,0,21136,49990,50044,flow=41
axis_concur100,lossblindref,1,true,4194304,30291794,138463,49,3,36,0,16222,47160,49918,flow=42
axis_concur100,lossblindref,1,true,4194304,28529596,147015,818,4,799,0,18306,49874,50050,flow=43
axis_concur100,lossblindref,1,true,4194304,36426474,115144,784,14,739,0,13063,46876,50035,flow=44
axis_concur100,lossblindref,1,true,4194304,39044288,107424,1125,12,1069,0,4977,49952,50035,flow=45
axis_concur100,lossblindref,1,true,4194304,41658846,100682,1637,12,1584,0,4224,50034,50065,flow=46
axis_concur100,lossblindref,1,true,4194304,35983305,116562,1032,14,980,0,11526,41805,50035,flow=47
axis_concur100,lossblindref,1,true,4194304,22552814,185976,151,3,145,0,26847,49918,50035,flow=48
axis_concur100,lossblindref,1,true,4194304,37592499,111572,1116,16,1057,0,12478,48748,50035,flow=49
axis_concur100,lossblindref,1,true,4194304,44903234,93407,1054,12,1012,0,117,38139,49918,flow=50
axis_concur100,lossblindref,1,true,4194304,26254464,159755,722,10,686,0,13648,49333,50035,flow=51
axis_concur100,lossblindref,1,true,4194304,27482884,152615,695,6,675,0,5545,39363,50035,flow=52
axis_concur100,lossblindref,1,true,4194304,36864276,113776,975,11,933,0,9904,50011,50061,flow=53
axis_concur100,lossblindref,1,true,4194304,44990121,93227,726,8,701,0,234,43015,50035,flow=54
axis_concur100,lossblindref,1,true,4194304,34579590,121294,1522,13,1473,0,21019,49987,50043,flow=55
axis_concur100,lossblindref,1,true,4194304,34428442,121826,885,7,861,0,11425,48865,50035,flow=56
axis_concur100,lossblindref,1,true,4194304,32571088,128773,1644,19,1566,0,22986,50035,50061,flow=57
axis_concur100,lossblindref,1,true,4194304,23956181,175082,507,5,491,0,19264,48865,50038,flow=58
axis_concur100,lossblindref,1,true,4194304,34517966,121510,750,9,712,0,16764,49986,50062,flow=59
axis_concur100,lossblindref,1,true,4194304,34663934,120999,1159,9,1114,0,16290,50035,50070,flow=60
axis_concur100,lossblindref,1,true,4194304,35022646,119759,856,9,819,0,16162,49567,50065,flow=61
axis_concur100,lossblindref,1,true,4194304,25080214,167235,69,3,64,0,18423,49216,50035,flow=62
axis_concur100,lossblindref,1,true,4194304,32139821,130501,2104,21,2019,0,25725,50062,50074,flow=63
axis_concur100,lossblindref,1,true,4194304,35199866,119156,1409,19,1319,0,22189,50018,50049,flow=64
axis_concur100,lossblindref,1,true,4194304,26965860,155541,1614,20,1528,0,21955,47764,50035,flow=65
axis_concur100,lossblindref,1,true,4194304,42028426,99796,1046,17,958,0,585,42898,50035,flow=66
axis_concur100,lossblindref,1,true,4194304,19654447,213402,1169,12,1118,0,22540,49545,50035,flow=67
axis_concur100,lossblindref,1,true,4194304,4264297,983586,949,1,943,0,26752,49918,49918,flow=68
axis_concur100,lossblindref,1,true,4194304,28897344,145144,45,3,37,0,15052,49545,50035,flow=69
axis_concur100,lossblindref,1,true,4194304,19666966,213266,1599,12,1530,0,17509,49684,50068,flow=70
axis_concur100,lossblindref,1,true,4194304,28380932,147785,196,5,180,0,13180,49519,50035,flow=71
axis_concur100,lossblindref,1,true,4194304,22963536,182650,1531,13,1471,0,18562,49779,50071,flow=72
axis_concur100,lossblindref,1,true,4194304,29759237,140941,57,2,52,0,12127,48280,50035,flow=73
axis_concur100,lossblindref,1,true,4194304,32451315,129249,1228,14,1160,0,16681,48110,50035,flow=74
axis_concur100,lossblindref,1,true,4194304,18594961,225561,1269,9,1223,0,21003,48890,50062,flow=75
axis_concur100,lossblindref,1,true,4194304,33134870,126582,996,6,976,0,13765,48865,50065,flow=76
axis_concur100,lossblindref,1,true,4194304,29903621,140260,63,3,51,0,14742,48397,49918,flow=77
axis_concur100,lossblindref,1,true,4194304,19572101,214300,1468,9,1412,0,21136,50035,50071,flow=78
axis_concur100,lossblindref,1,true,4194304,27886854,150404,1153,14,1092,0,22306,49684,50035,flow=79
axis_concur100,lossblindref,1,true,4194304,18408836,227841,1110,2,1095,0,18913,49801,50059,flow=80
axis_concur100,lossblindref,1,true,4194304,24092412,174092,1481,11,1407,0,23242,50044,50071,flow=81
axis_concur100,lossblindref,1,true,4194304,32101350,130658,1174,12,1106,0,16573,49801,50071,flow=82
axis_concur100,lossblindref,1,true,4194304,11335850,370003,1390,4,1366,0,16105,48370,50071,flow=83
axis_concur100,lossblindref,1,true,4194304,25260021,166045,1387,11,1321,0,21114,49918,50068,flow=84
axis_concur100,lossblindref,1,true,4194304,15291437,274291,1191,8,1147,0,22423,49801,50059,flow=85
axis_concur100,lossblindref,1,true,4194304,21510409,194989,1421,8,1378,0,19615,50014,50071,flow=86
axis_concur100,lossblindref,1,true,4194304,34061600,123138,1044,5,1022,0,12712,49567,50068,flow=87
axis_concur100,lossblindref,1,true,4194304,37119926,112993,1088,7,1023,0,10489,49561,50071,flow=88
axis_concur100,lossblindref,1,true,4194304,15213866,275689,1151,5,1118,0,16339,49779,50071,flow=89
axis_concur100,lossblindref,1,true,4194304,27570034,152132,1199,13,1124,0,16339,50035,50071,flow=90
axis_concur100,lossblindref,1,true,4194304,17137887,244738,1373,5,1329,0,19615,50049,50071,flow=91
axis_concur100,lossblindref,1,true,4194304,21770431,192660,91,2,86,0,15754,48980,50035,flow=92
axis_concur100,lossblindref,1,true,4194304,26123936,160554,132,4,124,0,17600,49801,50035,flow=93
axis_concur100,lossblindref,1,true,4194304,34904156,120166,1223,11,1158,0,9670,50035,50071,flow=94
axis_concur100,lossblindref,1,true,4194304,33750901,124272,1122,8,1075,0,8149,48762,50035,flow=95
axis_concur100,lossblindref,1,true,4194304,19118865,219380,53,3,45,0,22189,49918,50035,flow=96
axis_concur100,lossblindref,1,true,4194304,31710315,132269,58,4,49,0,10729,46291,50035,flow=97
axis_concur100,lossblindref,1,true,4194304,29046313,144400,249,5,233,0,13882,49989,50055,flow=98
axis_concur100,lossblindref,1,true,4194304,31901508,131476,52,4,44,0,13999,48163,50035,flow=99
axis_concur100,lossblindref,1,fairness_min=91681,fairness_max=983586,fairness_ratio=0.093
axis_concur100,lossblindref,2,true,4194304,44157071,94986,2265,24,2173,0,117,50047,50071,flow=0
axis_concur100,lossblindref,2,true,4194304,27316182,153546,52,2,49,0,15871,48982,50035,flow=1
axis_concur100,lossblindref,2,true,4194304,34135102,122873,47,3,42,0,14350,45801,50035,flow=2
axis_concur100,lossblindref,2,true,4194304,38873075,107897,689,11,652,0,7410,50035,50035,flow=3
axis_concur100,lossblindref,2,true,4194304,30556846,137262,53,4,44,0,15286,48182,49918,flow=4
axis_concur100,lossblindref,2,true,4194304,27616322,151877,1078,8,1049,0,16807,50035,50049,flow=5
axis_concur100,lossblindref,2,true,4194304,40130778,104515,797,10,765,0,2182,43600,50035,flow=6
axis_concur100,lossblindref,2,true,4194304,23742238,176660,600,6,583,0,16105,39505,49918,flow=7
axis_concur100,lossblindref,2,true,4194304,29665392,141387,52,3,44,0,15871,48024,50035,flow=8
axis_concur100,lossblindref,2,true,4194304,34657676,121020,935,10,899,0,3235,50035,50067,flow=9
axis_concur100,lossblindref,2,true,4194304,33610436,124791,567,8,528,0,17253,48982,50048,flow=10
axis_concur100,lossblindref,2,true,4194304,29945708,140063,552,4,538,0,12753,49099,50035,flow=11
axis_concur100,lossblindref,2,true,4194304,35908646,116804,1044,11,1001,0,14233,48005,50035,flow=12
axis_concur100,lossblindref,2,true,4194304,37244597,112615,625,6,604,0,11425,46503,50035,flow=13
axis_concur100,lossblindref,2,true,4194304,35929546,116736,724,12,677,0,15988,49801,50041,flow=14
axis_concur100,lossblindref,2,true,4194304,23260527,180318,1047,6,1017,0,19512,50040,50071,flow=15
axis_concur100,lossblindref,2,true,4194304,43092785,97331,772,9,732,0,1170,49428,50047,flow=16
axis_concur100,lossblindref,2,true,4194304,33195143,126352,140,3,135,0,11154,46057,50035,flow=17
axis_concur100,lossblindref,2,true,4194304,27948873,150070,61,4,48,0,12373,49450,50035,flow=18
axis_concur100,lossblindref,2,true,4194304,33085198,126772,719,7,688,0,15520,49999,50051,flow=19
axis_concur100,lossblindref,2,true,4194304,30373811,138089,848,10,807,0,15520,49918,50035,flow=20
axis_concur100,lossblindref,2,true,4194304,41438339,101217,1753,14,1697,0,19264,50035,50047,flow=21
axis_concur100,lossblindref,2,true,4194304,38177684,109862,1832,18,1761,0,21399,50035,50065,flow=22
axis_concur100,lossblindref,2,true,4194304,27203097,154184,761,6,738,0,15403,49453,50044,flow=23
axis_concur100,lossblindref,2,true,4194304,34918250,120117,618,10,581,0,10030,47812,50035,flow=24
axis_concur100,lossblindref,2,true,4194304,21171222,198113,614,3,605,0,18888,49918,50035,flow=25
axis_concur100,lossblindref,2,true,4194304,33223530,126244,292,5,275,0,15754,48684,50035,flow=26
axis_concur100,lossblindref,2,true,4194304,31876007,131581,1404,12,1347,0,17158,49662,50037,flow=27
axis_concur100,lossblindref,2,true,4194304,28610695,146599,607,4,592,0,6219,47227,50035,flow=28
axis_concur100,lossblindref,2,true,4194304,38768266,108189,647,15,594,0,7731,43227,49930,flow=29
axis_concur100,lossblindref,2,true,4194304,31034695,135148,664,9,631,0,17424,49023,50035,flow=30
axis_concur100,lossblindref,2,true,4194304,27417908,152976,754,10,717,0,16339,49779,50035,flow=31
axis_concur100,lossblindref,2,true,4194304,31720495,132226,617,3,604,0,4680,45567,50035,flow=32
axis_concur100,lossblindref,2,true,4194304,27648241,151702,38,1,35,0,18445,46759,49918,flow=33
axis_concur100,lossblindref,2,true,4194304,33912846,123678,46,3,40,0,8892,44280,50013,flow=34
axis_concur100,lossblindref,2,true,4194304,33570627,124939,1784,21,1696,0,21665,50035,50057,flow=35
axis_concur100,lossblindref,2,true,4194304,27849670,150605,877,6,852,0,17041,48822,50035,flow=36
axis_concur100,lossblindref,2,true,4194304,28943987,144911,1626,11,1575,0,19030,49966,50050,flow=37
axis_concur100,lossblindref,2,true,4194304,40497823,103568,698,12,648,0,388,46993,50035,flow=38
axis_concur100,lossblindref,2,true,4194304,29109667,144086,53,4,41,0,16924,46876,50033,flow=39
axis_concur100,lossblindref,2,true,4194304,34686034,120921,671,10,631,0,2255,44185,50035,flow=40
axis_concur100,lossblindref,2,true,4194304,35569706,117917,687,7,651,0,6064,48982,50035,flow=41
axis_concur100,lossblindref,2,true,4194304,43707633,95962,696,12,648,0,234,41238,50035,flow=42
axis_concur100,lossblindref,2,true,4194304,29500327,142178,41,2,37,0,17275,46759,50035,flow=43
axis_concur100,lossblindref,2,true,4194304,30184530,138955,900,8,874,0,14350,49863,50035,flow=44
axis_concur100,lossblindref,2,true,4194304,32982507,127167,675,7,650,0,3037,39856,49918,flow=45
axis_concur100,lossblindref,2,true,4194304,36636652,114483,1905,19,1811,0,19381,50035,50065,flow=46
axis_concur100,lossblindref,2,true,4194304,37007637,113336,864,6,835,0,8149,49216,50035,flow=47
axis_concur100,lossblindref,2,true,4194304,27670449,151580,738,10,693,0,21136,47227,50035,flow=48
axis_concur100,lossblindref,2,true,4194304,37375912,112219,1010,12,966,0,7047,48982,50035,flow=49
axis_concur100,lossblindref,2,true,4194304,41388595,101339,1062,13,1018,0,117,39037,49918,flow=50
axis_concur100,lossblindref,2,true,4194304,36254434,115690,1810,22,1717,0,20373,50035,50066,flow=51
axis_concur100,lossblindref,2,true,4194304,30026862,139685,56,1,51,0,17977,46408,50035,flow=52
axis_concur100,lossblindref,2,true,4194304,32575954,128754,1481,11,1435,0,19030,49333,50035,flow=53
axis_concur100,lossblindref,2,true,4194304,37705553,111238,779,10,753,0,6489,46619,50013,flow=54
axis_concur100,lossblindref,2,true,4194304,30655477,136820,933,6,912,0,12478,46408,50035,flow=55
axis_concur100,lossblindref,2,true,4194304,27751027,151140,1570,17,1488,0,20551,47695,50059,flow=56
axis_concur100,lossblindref,2,true,4194304,34309826,122247,884,11,847,0,15381,47226,49944,flow=57
axis_concur100,lossblindref,2,true,4194304,39400163,106453,999,16,930,0,2310,39986,50035,flow=58
axis_concur100,lossblindref,2,true,4194304,23828276,176022,39,3,31,0,19966,44280,49918,flow=59
axis_concur100,lossblindref,2,true,4194304,8632228,485888,1231,4,1214,0,20434,44068,48627,flow=60
axis_concur100,lossblindref,2,true,4194304,31615015,132668,69,5,56,0,14584,41728,49801,flow=61
axis_concur100,lossblindref,2,true,4194304,32202754,130246,1020,11,949,0,14935,48514,50035,flow=62
axis_concur100,lossblindref,2,true,4194304,27263308,153844,1569,20,1473,0,21019,49801,50062,flow=63
axis_concur100,lossblindref,2,true,4194304,25459124,164746,1583,13,1371,0,21604,49333,50053,flow=64
axis_concur100,lossblindref,2,true,4194304,29939795,140091,121,5,111,0,17275,48253,50035,flow=65
axis_concur100,lossblindref,2,true,4194304,39111066,107240,962,13,879,0,3639,44887,50035,flow=66
axis_concur100,lossblindref,2,true,4194304,23033452,182096,1191,10,1133,0,19476,47334,50035,flow=67
axis_concur100,lossblindref,2,true,4194304,9905283,423441,1167,6,1133,0,23125,49918,50035,flow=68
axis_concur100,lossblindref,2,true,4194304,31573758,132841,1282,7,988,0,14350,47461,50035,flow=69
axis_concur100,lossblindref,2,true,4194304,22942894,182814,1829,17,1726,0,22306,50064,50074,flow=70
axis_concur100,lossblindref,2,true,4194304,31827528,131782,1270,12,1218,0,17860,47578,50035,flow=71
axis_concur100,lossblindref,2,true,4194304,19085695,219761,1438,14,1379,0,20902,45918,49892,flow=72
axis_concur100,lossblindref,2,true,4194304,16150465,259701,118,4,103,0,23476,42590,49567,flow=73
axis_concur100,lossblindref,2,true,4194304,32375112,129553,1027,9,976,0,10138,48672,50047,flow=74
axis_concur100,lossblindref,2,true,4194304,21786754,192516,1199,8,1137,0,19381,49458,50068,flow=75
axis_concur100,lossblindref,2,true,4194304,19944045,210303,1373,9,1328,0,22540,50052,50071,flow=76
axis_concur100,lossblindref,2,true,4194304,39398174,106459,1028,14,962,0,3798,49216,50068,flow=77
axis_concur100,lossblindref,2,true,4194304,28730797,145986,1665,15,1574,0,18679,50035,50071,flow=78
axis_concur100,lossblindref,2,true,4194304,13935911,300970,1403,11,1354,0,22657,49567,50068,flow=79
axis_concur100,lossblindref,2,true,4194304,30543156,137323,299,5,272,0,17977,47578,50035,flow=80
axis_concur100,lossblindref,2,true,4194304,29734049,141060,65,2,61,0,18796,49194,50035,flow=81
axis_concur100,lossblindref,2,true,4194304,32268549,129981,73,5,64,0,15520,42037,50013,flow=82
axis_concur100,lossblindref,2,true,4194304,35762529,117282,1048,11,985,0,7647,46993,50068,flow=83
axis_concur100,lossblindref,2,true,4194304,21589959,194271,1105,13,1040,0,21721,49684,50035,flow=84
axis_concur100,lossblindref,2,true,4194304,25257520,166061,1523,9,1469,0,19030,50035,50068,flow=85
axis_concur100,lossblindref,2,true,4194304,31684693,132376,1057,5,1032,0,16339,49216,50059,flow=86
axis_concur100,lossblindref,2,true,4194304,32760903,128027,52,6,43,0,11776,45121,50035,flow=87
axis_concur100,lossblindref,2,true,4194304,20438935,205211,1184,9,1138,0,19593,49333,50041,flow=88
axis_concur100,lossblindref,2,true,4194304,18047247,232406,1393,9,1352,0,21019,49216,50059,flow=89
axis_concur100,lossblindref,2,true,4194304,34994648,119855,1118,9,1069,0,13626,49333,50071,flow=90
axis_concur100,lossblindref,2,true,4194304,32599921,128659,1208,16,1131,0,10021,49801,50059,flow=91
axis_concur100,lossblindref,2,true,4194304,34022581,123280,1187,12,1123,0,12946,49450,50068,flow=92
axis_concur100,lossblindref,2,true,4194304,24987511,167856,1245,14,1174,0,18679,50008,50068,flow=93
axis_concur100,lossblindref,2,true,4194304,40587052,103340,1917,21,1806,0,117,48280,50035,flow=94
axis_concur100,lossblindref,2,true,4194304,28799198,145639,1328,12,1263,0,19147,50023,50071,flow=95
axis_concur100,lossblindref,2,true,4194304,33889022,123765,198,7,175,0,12285,49216,50035,flow=96
axis_concur100,lossblindref,2,true,4194304,21890979,191599,50,2,46,0,19966,44631,49918,flow=97
axis_concur100,lossblindref,2,true,4194304,19122060,219343,60,2,56,0,21370,41274,49801,flow=98
axis_concur100,lossblindref,2,true,4194304,18904930,221862,54,2,50,0,21136,46332,50035,flow=99
axis_concur100,lossblindref,2,fairness_min=94986,fairness_max=485888,fairness_ratio=0.195
axis_concur100,cubicref,0,true,4194304,32905640,127464,107,8,97,0,47750,49979,50046,flow=0
axis_concur100,cubicref,0,true,4194304,33901974,123718,82,4,77,0,47110,49918,50035,flow=1
axis_concur100,cubicref,0,true,4194304,33270362,126067,118,5,114,0,47578,49972,50035,flow=2
axis_concur100,cubicref,0,true,4194304,33114100,126662,112,5,106,0,48005,50022,50053,flow=3
axis_concur100,cubicref,0,true,4194304,34832764,120412,101,6,92,0,46279,49918,50035,flow=4
axis_concur100,cubicref,0,true,4194304,31802013,131888,98,4,93,0,48163,50014,50044,flow=5
axis_concur100,cubicref,0,true,4194304,33313662,125903,105,3,103,0,47929,49964,50035,flow=6
axis_concur100,cubicref,0,true,4194304,35186606,119201,117,4,113,0,46525,49987,50035,flow=7
axis_concur100,cubicref,0,true,4194304,32166270,130394,117,5,112,0,47937,49961,50035,flow=8
axis_concur100,cubicref,0,true,4194304,7471706,561358,1269,10,757,0,45627,50048,50071,flow=9
axis_concur100,cubicref,0,true,4194304,30778988,136271,110,6,103,0,48163,49964,50048,flow=10
axis_concur100,cubicref,0,true,4194304,30976279,135403,101,2,99,0,48320,50005,50043,flow=11
axis_concur100,cubicref,0,true,4194304,31214966,134368,109,8,100,0,48280,49998,50037,flow=12
axis_concur100,cubicref,0,true,4194304,33956761,123518,117,6,113,0,47425,49945,50035,flow=13
axis_concur100,cubicref,0,true,4194304,31535882,133001,97,5,89,0,48277,49984,50039,flow=14
axis_concur100,cubicref,0,true,4194304,31886114,131540,112,5,106,0,48076,50000,50035,flow=15
axis_concur100,cubicref,0,true,4194304,30494181,137544,109,10,100,0,48146,49989,50035,flow=16
axis_concur100,cubicref,0,true,4194304,28775159,145761,110,3,102,0,48397,50005,50035,flow=17
axis_concur100,cubicref,0,true,4194304,33827477,123991,104,5,96,0,47805,49982,50035,flow=18
axis_concur100,cubicref,0,true,4194304,35563472,117938,105,4,101,0,46642,49918,50035,flow=19
axis_concur100,cubicref,0,true,4194304,35829818,117061,107,3,104,0,45890,49977,50035,flow=20
axis_concur100,cubicref,0,true,4194304,34004038,123347,101,3,98,0,47227,49933,50035,flow=21
axis_concur100,cubicref,0,true,4194304,27749296,151149,103,4,98,0,48280,49975,50040,flow=22
axis_concur100,cubicref,0,true,4194304,32047486,130877,95,9,84,0,47812,49918,50035,flow=23
axis_concur100,cubicref,0,true,4194304,32165473,130397,109,3,104,0,48136,50029,50053,flow=24
axis_concur100,cubicref,0,true,4194304,33067631,126840,98,7,90,0,47901,49920,50035,flow=25
axis_concur100,cubicref,0,true,4194304,38841336,107985,105,4,101,0,46291,49953,50049,flow=26
axis_concur100,cubicref,0,true,4194304,28468429,147331,119,3,113,0,48163,49988,50038,flow=27
axis_concur100,cubicref,0,true,4194304,30835711,136020,101,10,91,0,48235,49918,50035,flow=28
axis_concur100,cubicref,0,true,4194304,8074936,519422,1784,11,1346,0,49917,50063,50076,flow=29
axis_concur100,cubicref,0,true,4194304,32512948,129004,108,5,104,0,47808,49961,50035,flow=30
axis_concur100,cubicref,0,true,4194304,33070771,126828,98,7,90,0,47578,49918,50035,flow=31
axis_concur100,cubicref,0,true,4194304,34254992,122443,107,4,104,0,47209,49970,50039,flow=32
axis_concur100,cubicref,0,true,4194304,30626135,136951,109,3,106,0,48128,49965,50038,flow=33
axis_concur100,cubicref,0,true,4194304,30926949,135619,139,9,125,0,48416,49994,50035,flow=34
axis_concur100,cubicref,0,true,4194304,34196031,122654,98,4,91,0,46447,49976,50035,flow=35
axis_concur100,cubicref,0,true,4194304,31484329,133218,85,9,75,0,48064,49921,50035,flow=36
axis_concur100,cubicref,0,true,4194304,31211595,134382,88,9,80,0,48076,49918,50035,flow=37
axis_concur100,cubicref,0,true,4194304,31432893,133436,92,6,86,0,48066,49943,50035,flow=38
axis_concur100,cubicref,0,true,4194304,31602806,132719,134,5,121,0,48163,50000,50050,flow=39
axis_concur100,cubicref,0,true,4194304,28234802,148550,114,7,107,0,48163,49982,50042,flow=40
axis_concur100,cubicref,0,true,4194304,32469563,129176,97,5,92,0,47578,49969,50039,flow=41
axis_concur100,cubicref,0,true,4194304,30676423,136727,123,6,113,0,47987,50010,50035,flow=42
axis_concur100,cubicref,0,true,4194304,32729727,128149,93,6,86,0,47291,49918,50035,flow=43
axis_concur100,cubicref,0,true,4194304,32929221,127373,101,9,90,0,47575,49918,50035,flow=44
axis_concur100,cubicref,0,true,4194304,31135589,134710,95,7,88,0,48141,49962,50035,flow=45
axis_concur100,cubicref,0,true,4194304,31071027,134990,163,9,138,0,48514,50005,50038,flow=46
axis_concur100,cubicref,0,true,4194304,28781221,145730,149,6,131,0,48306,50035,50046,flow=47
axis_concur100,cubicref,0,true,4194304,31158850,134610,95,4,91,0,47985,49956,50035,flow=48
axis_concur100,cubicref,0,true,4194304,29912428,140219,88,4,83,0,48397,49970,50035,flow=49
axis_concur100,cubicref,0,true,4194304,34885884,120229,91,7,86,0,46174,49918,50035,flow=50
axis_concur100,cubicref,0,true,4194304,31509930,133110,86,5,81,0,48217,49959,50038,flow=51
axis_concur100,cubicref,0,true,4194304,34372987,122023,379,10,331,0,48258,50038,50068,flow=52
axis_concur100,cubicref,0,true,4194304,35144006,119346,90,13,76,0,46245,49918,50035,flow=53
axis_concur100,cubicref,0,true,4194304,32741689,128102,177,7,159,0,48397,50008,50053,flow=54
axis_concur100,cubicref,0,true,4194304,21735306,192971,401,6,363,0,48688,50037,50068,flow=55
axis_concur100,cubicref,0,true,4194304,28188024,148797,100,5,94,0,48241,49957,50041,flow=56
axis_concur100,cubicref,0,true,4194304,32523317,128962,95,3,91,0,47695,49918,50035,flow=57
axis_concur100,cubicref,0,true,4194304,31327147,133887,97,7,89,0,48280,49960,50037,flow=58
axis_concur100,cubicref,0,true,4194304,33337640,125812,99,3,96,0,47471,49947,50035,flow=59
axis_concur100,cubicref,0,true,4194304,30939329,135565,111,3,105,0,47929,49954,50035,flow=60
axis_concur100,cubicref,0,true,4194304,33467605,125324,136,7,129,0,47966,50001,50049,flow=61
axis_concur100,cubicref,0,true,4194304,32172917,130367,101,4,95,0,47914,49949,50035,flow=62
axis_concur100,cubicref,0,true,4194304,33780909,124161,100,9,92,0,47344,49918,50035,flow=63
axis_concur100,cubicref,0,true,4194304,33256709,126119,97,7,90,0,47620,49918,50035,flow=64
axis_concur100,cubicref,0,true,4194304,33858025,123879,104,4,99,0,46697,49918,50035,flow=65
axis_concur100,cubicref,0,true,4194304,30875842,135844,94,2,91,0,48163,50002,50048,flow=66
axis_concur100,cubicref,0,true,4194304,35068465,119603,93,5,86,0,45121,49918,50035,flow=67
axis_concur100,cubicref,0,true,4194304,22758917,184292,206,8,187,0,46759,50035,50059,flow=68
axis_concur100,cubicref,0,true,4194304,32085467,130722,117,4,112,0,47886,49993,50044,flow=69
axis_concur100,cubicref,0,true,4194304,32381484,129527,105,9,90,0,47635,49918,50035,flow=70
axis_concur100,cubicref,0,true,4194304,32266144,129990,105,7,97,0,48129,49963,50035,flow=71
axis_concur100,cubicref,0,true,4194304,33424552,125485,97,9,88,0,47105,49918,50035,flow=72
axis_concur100,cubicref,0,true,4194304,35043786,119687,136,7,121,0,46759,49966,50040,flow=73
axis_concur100,cubicref,0,true,4194304,21118738,198605,467,7,427,0,49079,50051,50071,flow=74
axis_concur100,cubicref,0,true,4194304,32521701,128969,112,9,98,0,47882,49981,50040,flow=75
axis_concur100,cubicref,0,true,4194304,7080524,592371,744,10,676,0,49873,50053,50071,flow=76
axis_concur100,cubicref,0,true,4194304,29676578,141333,102,8,91,0,48387,49948,50035,flow=77
axis_concur100,cubicref,0,true,4194304,31948760,131282,78,4,74,0,47993,49918,50035,flow=78
axis_concur100,cubicref,0,true,4194304,30259757,138609,84,7,75,0,48280,49977,50044,flow=79
axis_concur100,cubicref,0,true,4194304,28657713,146358,92,7,85,0,48433,49962,50035,flow=80
axis_concur100,cubicref,0,true,4194304,30280912,138513,78,9,68,0,48326,49918,50035,flow=81
axis_concur100,cubicref,0,true,4194304,32064546,130808,108,4,101,0,48163,49969,50041,flow=82
axis_concur100,cubicref,0,true,4194304,31901419,131477,105,5,101,0,47812,49945,50035,flow=83
axis_concur100,cubicref,0,true,4194304,32922609,127398,159,7,138,0,48046,49996,50044,flow=84
axis_concur100,cubicref,0,true,4194304,35002717,119827,97,5,87,0,46881,49918,50035,flow=85
axis_concur100,cubicref,0,true,4194304,34443718,121772,86,9,77,0,46876,49918,50035,flow=86
axis_concur100,cubicref,0,true,4194304,32685451,128323,96,8,85,0,47847,49926,50039,flow=87
axis_concur100,cubicref,0,true,4194304,30020280,139715,79,7,72,0,48306,49932,50035,flow=88
axis_concur100,cubicref,0,true,4194304,9357803,448214,2918,13,2214,0,50000,50070,50075,flow=89
axis_concur100,cubicref,0,true,4194304,33791674,124122,95,4,89,0,47428,49918,50035,flow=90
axis_concur100,cubicref,0,true,4194304,33808385,124061,84,6,79,0,47227,49924,50035,flow=91
axis_concur100,cubicref,0,true,4194304,33352362,125757,111,6,100,0,47929,49947,50036,flow=92
axis_concur100,cubicref,0,true,4194304,33756814,124250,225,6,210,0,48280,50035,50063,flow=93
axis_concur100,cubicref,0,true,4194304,33281472,126025,94,4,91,0,47492,49945,50035,flow=94
axis_concur100,cubicref,0,true,4194304,31638235,132570,140,7,129,0,47888,49993,50050,flow=95
axis_concur100,cubicref,0,true,4194304,28995309,144654,79,5,75,0,48557,49956,50036,flow=96
axis_concur100,cubicref,0,true,4194304,32626910,128553,107,7,98,0,47695,49949,50035,flow=97
axis_concur100,cubicref,0,true,4194304,31905609,131459,101,3,97,0,47878,49943,50035,flow=98
axis_concur100,cubicref,0,true,4194304,7274210,576599,828,9,743,0,49801,50059,50073,flow=99
axis_concur100,cubicref,0,fairness_min=107985,fairness_max=592371,fairness_ratio=0.182
axis_concur100,cubicref,1,true,4194304,32337610,129703,111,3,108,0,48244,49988,50035,flow=0
axis_concur100,cubicref,1,true,4194304,34217178,122578,106,4,102,0,46642,49982,50041,flow=1
axis_concur100,cubicref,1,true,4194304,32427122,129345,121,5,110,0,48078,50025,50050,flow=2
axis_concur100,cubicref,1,true,4194304,31969799,131195,117,3,112,0,48217,49982,50038,flow=3
axis_concur100,cubicref,1,true,4194304,33619446,124758,131,3,125,0,47110,49993,50035,flow=4
axis_concur100,cubicref,1,true,4194304,31771828,132013,111,2,110,0,48536,50032,50049,flow=5
axis_concur100,cubicref,1,true,4194304,34415609,121872,84,0,84,0,47461,49984,50035,flow=6
axis_concur100,cubicref,1,true,4194304,33247505,126153,109,3,106,0,47929,50004,50049,flow=7
axis_concur100,cubicref,1,true,4194304,33163481,126473,140,3,133,0,48163,50020,50044,flow=8
axis_concur100,cubicref,1,true,4194304,30453327,137728,118,4,115,0,48628,50013,50035,flow=9
axis_concur100,cubicref,1,true,4194304,31369948,133704,87,2,84,0,48514,49976,50035,flow=10
axis_concur100,cubicref,1,true,4194304,32962545,127244,99,3,95,0,48391,50011,50035,flow=11
axis_concur100,cubicref,1,true,4194304,33956609,123519,107,6,101,0,47695,49986,50036,flow=12
axis_concur100,cubicref,1,true,4194304,27792316,150915,99,3,95,0,48514,50035,50059,flow=13
axis_concur100,cubicref,1,true,4194304,30969216,135434,121,4,115,0,48526,50002,50035,flow=14
axis_concur100,cubicref,1,true,4194304,32890347,127523,95,7,88,0,47463,49930,50035,flow=15
axis_concur100,cubicref,1,true,4194304,34498817,121578,105,4,100,0,47048,49967,50046,flow=16
axis_concur100,cubicref,1,true,4194304,28615740,146573,105,1,102,0,48681,50005,50042,flow=17
axis_concur100,cubicref,1,true,4194304,33301054,125951,95,2,93,0,47606,49968,50041,flow=18
axis_concur100,cubicref,1,true,4194304,31840112,131730,105,4,99,0,48514,49994,50035,flow=19
axis_concur100,cubicref,1,true,4194304,32074375,130768,115,4,109,0,48186,50013,50048,flow=20
axis_concur100,cubicref,1,true,4194304,29153779,143868,100,5,95,0,48673,49978,50041,flow=21
axis_concur100,cubicref,1,true,4194304,32580677,128735,140,4,131,0,48188,50025,50043,flow=22
axis_concur100,cubicref,1,true,4194304,30758770,136361,116,5,107,0,48514,49997,50038,flow=23
axis_concur100,cubicref,1,true,4194304,33170504,126446,100,2,96,0,47860,49950,50035,flow=24
axis_concur100,cubicref,1,true,4194304,24550546,170843,102,4,98,0,48483,50000,50046,flow=25
axis_concur100,cubicref,1,true,4194304,31443051,133393,83,3,80,0,48280,50003,50047,flow=26
axis_concur100,cubicref,1,true,4194304,32160443,130418,81,6,75,0,47695,49918,50035,flow=27
axis_concur100,cubicref,1,true,4194304,30813482,136119,79,4,75,0,48466,49962,50035,flow=28
axis_concur100,cubicref,1,true,4194304,31246813,134231,84,6,77,0,48163,49946,50035,flow=29
axis_concur100,cubicref,1,true,4194304,28659125,146351,86,3,81,0,48681,49971,50037,flow=30
axis_concur100,cubicref,1,true,4194304,33667097,124581,104,3,99,0,47929,49972,50035,flow=31
axis_concur100,cubicref,1,true,4194304,32854706,127662,129,5,124,0,48102,49993,50037,flow=32
axis_concur100,cubicref,1,true,4194304,33292663,125982,98,4,94,0,46876,49936,50035,flow=33
axis_concur100,cubicref,1,true,4194304,32570871,128774,72,1,71,0,48163,49981,50035,flow=34
axis_concur100,cubicref,1,true,4194304,32874691,127584,94,3,91,0,48163,49918,50035,flow=35
axis_concur100,cubicref,1,true,4194304,35580764,117881,107,4,101,0,47416,49918,50035,flow=36
axis_concur100,cubicref,1,true,4194304,33665514,124587,98,7,88,0,47053,49963,50038,flow=37
axis_concur100,cubicref,1,true,4194304,34005418,123342,108,3,103,0,47321,49977,50035,flow=38
axis_concur100,cubicref,1,true,4194304,34875995,120263,95,5,89,0,46642,49918,50035,flow=39
axis_concur100,cubicref,1,true,4194304,31684590,132376,101,4,96,0,48046,49990,50045,flow=40
axis_concur100,cubicref,1,true,4194304,34313383,122235,109,4,104,0,46726,49952,50035,flow=41
axis_concur100,cubicref,1,true,4194304,26172261,160257,79,3,76,0,48643,49968,50035,flow=42
axis_concur100,cubicref,1,true,4194304,31499657,133153,95,3,91,0,48365,49985,50035,flow=43
axis_concur100,cubicref,1,true,4194304,34649942,121047,87,2,81,0,47461,49937,50035,flow=44
axis_concur100,cubicref,1,true,4194304,32937836,127339,97,4,93,0,47578,49954,50035,flow=45
axis_concur100,cubicref,1,true,4194304,31319075,133921,101,4,95,0,48280,50013,50044,flow=46
axis_concur100,cubicref,1,true,4194304,33810344,124053,115,4,108,0,47836,49992,50035,flow=47
axis_concur100,cubicref,1,true,4194304,33601682,124824,96,2,93,0,48389,50003,50041,flow=48
axis_concur100,cubicref,1,true,4194304,31536022,133000,94,3,90,0,48539,49971,50035,flow=49
axis_concur100,cubicref,1,true,4194304,32189554,130300,95,5,90,0,48397,50004,50046,flow=50
axis_concur100,cubicref,1,true,4194304,33463115,125341,97,2,94,0,47734,49984,50035,flow=51
axis_concur100,cubicref,1,true,4194304,34005988,123340,117,8,104,0,46759,49918,50035,flow=52
axis_concur100,cubicref,1,true,4194304,32397682,129463,102,5,97,0,48145,49923,50035,flow=53
axis_concur100,cubicref,1,true,4194304,29856459,140482,104,2,101,0,48643,49989,50043,flow=54
axis_concur100,cubicref,1,true,4194304,31019621,135214,82,3,75,0,48569,50017,50035,flow=55
axis_concur100,cubicref,1,true,4194304,30805548,136154,99,3,96,0,48397,50006,50035,flow=56
axis_concur100,cubicref,1,true,4194304,31783623,131964,99,4,93,0,48299,49945,50046,flow=57
axis_concur100,cubicref,1,true,4194304,30920215,135649,101,1,99,0,48440,49963,50035,flow=58
axis_concur100,cubicref,1,true,4194304,31866649,131620,119,4,108,0,48285,49980,50035,flow=59
axis_concur100,cubicref,1,true,4194304,32201912,130250,112,2,109,0,48315,49968,50046,flow=60
axis_concur100,cubicref,1,true,4194304,27747995,151157,81,5,74,0,48486,49981,50035,flow=61
axis_concur100,cubicref,1,true,4194304,33416455,125516,120,4,114,0,48207,49989,50039,flow=62
axis_concur100,cubicref,1,true,4194304,30964792,135453,92,4,87,0,48553,49973,50035,flow=63
axis_concur100,cubicref,1,true,4194304,33608419,124799,107,1,104,0,46590,49980,50047,flow=64
axis_concur100,cubicref,1,true,4194304,34512026,121531,119,3,112,0,47110,50005,50036,flow=65
axis_concur100,cubicref,1,true,4194304,31939752,131319,96,5,91,0,48229,49959,50042,flow=66
axis_concur100,cubicref,1,true,4194304,33635936,124697,83,6,77,0,47873,49918,50035,flow=67
axis_concur100,cubicref,1,true,4194304,32399415,129456,87,3,82,0,47810,49998,50037,flow=68
axis_concur100,cubicref,1,true,4194304,30581749,137150,107,5,99,0,48490,49963,50047,flow=69
axis_concur100,cubicref,1,true,4194304,23536763,178202,128,4,120,0,47722,49981,50035,flow=70
axis_concur100,cubicref,1,true,4194304,32390684,129491,88,2,85,0,48163,49950,50035,flow=71
axis_concur100,cubicref,1,true,4194304,32158125,130427,82,3,78,0,48407,50005,50046,flow=72
axis_concur100,cubicref,1,true,4194304,32390779,129490,100,4,94,0,48397,49965,50037,flow=73
axis_concur100,cubicref,1,true,4194304,30107168,139312,83,4,80,0,48804,50011,50046,flow=74
axis_concur100,cubicref,1,true,4194304,33029112,126988,122,6,115,0,47227,49960,50035,flow=75
axis_concur100,cubicref,1,true,4194304,33792787,124118,87,2,83,0,47110,49926,50035,flow=76
axis_concur100,cubicref,1,true,4194304,32502331,129046,86,4,80,0,48397,49965,50035,flow=77
axis_concur100,cubicref,1,true,4194304,33523586,125115,96,2,95,0,47852,49937,50035,flow=78
axis_concur100,cubicref,1,true,4194304,8238472,509111,1238,12,737,0,49825,50049,50069,flow=79
axis_concur100,cubicref,1,true,4194304,33049048,126911,95,4,90,0,48257,49953,50035,flow=80
axis_concur100,cubicref,1,true,4194304,30823756,136073,70,1,69,0,48631,49978,50047,flow=81
axis_concur100,cubicref,1,true,4194304,33436107,125442,91,5,85,0,47461,49918,50035,flow=82
axis_concur100,cubicref,1,true,4194304,31522355,133058,108,6,101,0,47727,50023,50035,flow=83
axis_concur100,cubicref,1,true,4194304,32687454,128315,147,9,131,0,47840,50008,50047,flow=84
axis_concur100,cubicref,1,true,4194304,33621300,124751,104,3,101,0,47871,49991,50035,flow=85
axis_concur100,cubicref,1,true,4194304,5543361,756635,669,7,611,0,49855,50062,50071,flow=86
axis_concur100,cubicref,1,true,4194304,12257188,342191,6456,18,2394,0,49955,50068,50074,flow=87
axis_concur100,cubicref,1,true,4194304,33237474,126192,87,1,86,0,47195,49936,50037,flow=88
axis_concur100,cubicref,1,true,4194304,31745525,132122,70,6,64,0,48617,49939,50035,flow=89
axis_concur100,cubicref,1,true,4194304,33576014,124919,86,4,82,0,47872,49935,50035,flow=90
axis_concur100,cubicref,1,true,4194304,37331936,112351,73,7,66,0,45589,49918,50035,flow=91
axis_concur100,cubicref,1,true,4194304,33534654,125073,64,6,58,0,48330,49918,50035,flow=92
axis_concur100,cubicref,1,true,4194304,34229348,122535,53,5,48,0,47210,49918,50035,flow=93
axis_concur100,cubicref,1,true,4194304,32201232,130252,87,5,82,0,48331,49949,50035,flow=94
axis_concur100,cubicref,1,true,4194304,33090276,126753,88,1,87,0,47578,49943,50035,flow=95
axis_concur100,cubicref,1,true,4194304,33896477,123738,87,3,84,0,47227,49924,50035,flow=96
axis_concur100,cubicref,1,true,4194304,30881766,135818,97,5,90,0,48595,49968,50039,flow=97
axis_concur100,cubicref,1,true,4194304,30324181,138315,101,6,94,0,48726,49963,50035,flow=98
axis_concur100,cubicref,1,true,4194304,21320454,196726,109,6,101,0,48002,50001,50050,flow=99
axis_concur100,cubicref,1,fairness_min=112351,fairness_max=756635,fairness_ratio=0.148
axis_concur100,cubicref,2,true,4194304,29199941,143640,123,3,118,0,48918,50010,50056,flow=0
axis_concur100,cubicref,2,true,4194304,34724406,120788,121,4,115,0,47461,49918,50035,flow=1
axis_concur100,cubicref,2,true,4194304,32839095,127722,91,3,88,0,48490,50000,50044,flow=2
axis_concur100,cubicref,2,true,4194304,31968276,131202,70,4,66,0,48411,49918,50035,flow=3
axis_concur100,cubicref,2,true,4194304,31231718,134296,122,6,103,0,48631,49981,50041,flow=4
axis_concur100,cubicref,2,true,4194304,27244440,153950,111,4,104,0,49017,50003,50046,flow=5
axis_concur100,cubicref,2,true,4194304,32953440,127279,98,2,94,0,48042,49918,50035,flow=6
axis_concur100,cubicref,2,true,4194304,32728680,128153,100,3,95,0,48163,49982,50035,flow=7
axis_concur100,cubicref,2,true,4194304,33000239,127099,115,8,106,0,48397,49949,50035,flow=8
axis_concur100,cubicref,2,true,4194304,34975504,119921,114,5,109,0,48318,49977,50035,flow=9
axis_concur100,cubicref,2,true,4194304,32833597,127744,120,5,110,0,48417,49976,50035,flow=10
axis_concur100,cubicref,2,true,4194304,24656349,170110,117,4,112,0,48965,50014,50050,flow=11
axis_concur100,cubicref,2,true,4194304,26167148,160288,95,2,91,0,48903,49990,50044,flow=12
axis_concur100,cubicref,2,true,4194304,35734683,117373,97,2,93,0,47812,49963,50035,flow=13
axis_concur100,cubicref,2,true,4194304,34773702,120617,103,3,100,0,48148,49982,50035,flow=14
axis_concur100,cubicref,2,true,4194304,30602997,137055,93,7,86,0,48792,49993,50049,flow=15
axis_concur100,cubicref,2,true,4194304,29878548,140378,89,5,82,0,48862,49979,50035,flow=16
axis_concur100,cubicref,2,true,4194304,30854620,135937,74,5,69,0,48835,49929,50035,flow=17
axis_concur100,cubicref,2,true,4194304,30729335,136491,97,1,96,0,48843,49995,50035,flow=18
axis_concur100,cubicref,2,true,4194304,32476867,129147,79,3,74,0,48603,49970,50035,flow=19
axis_concur100,cubicref,2,true,4194304,30350599,138195,99,4,96,0,48857,49978,50041,flow=20
axis_concur100,cubicref,2,true,4194304,31222007,134338,93,1,90,0,48748,50002,50038,flow=21
axis_concur100,cubicref,2,true,4194304,32234063,130120,106,3,104,0,48631,49994,50035,flow=22
axis_concur100,cubicref,2,true,4194304,32422038,129365,77,2,75,0,48631,49966,50039,flow=23
axis_concur100,cubicref,2,true,4194304,31111998,134813,83,4,78,0,48745,50001,50039,flow=24
axis_concur100,cubicref,2,true,4194304,31507845,133119,71,6,65,0,48790,49973,50043,flow=25
axis_concur100,cubicref,2,true,4194304,32953535,127279,73,4,68,0,48519,49949,50035,flow=26
axis_concur100,cubicref,2,true,4194304,27816760,150783,118,1,116,0,49099,50023,50048,flow=27
axis_concur100,cubicref,2,true,4194304,32983114,127165,92,1,90,0,48466,49953,50035,flow=28
axis_concur100,cubicref,2,true,4194304,31217700,134356,130,4,124,0,48674,50000,50035,flow=29
axis_concur100,cubicref,2,true,4194304,33115801,126655,263,4,252,0,48982,50036,50068,flow=30
axis_concur100,cubicref,2,true,4194304,33393264,125603,89,3,85,0,48478,49951,50035,flow=31
axis_concur100,cubicref,2,true,4194304,29016061,144551,106,4,99,0,48979,49974,50042,flow=32
axis_concur100,cubicref,2,true,4194304,32544939,128877,96,2,93,0,48514,49963,50035,flow=33
axis_concur100,cubicref,2,true,4194304,32641208,128497,137,5,127,0,48609,50000,50049,flow=34
axis_concur100,cubicref,2,true,4194304,32157845,130428,108,2,106,0,48514,49976,50035,flow=35
axis_concur100,cubicref,2,true,4194304,35021924,119762,132,3,127,0,48418,50004,50054,flow=36
axis_concur100,cubicref,2,true,4194304,31757625,132072,94,2,91,0,48743,49964,50035,flow=37
axis_concur100,cubicref,2,true,4194304,29201206,143634,94,5,86,0,48865,49937,50035,flow=38
axis_concur100,cubicref,2,true,4194304,33508960,125169,98,1,95,0,48163,49982,50035,flow=39
axis_concur100,cubicref,2,true,4194304,31649137,132525,149,3,137,0,48545,50024,50051,flow=40
axis_concur100,cubicref,2,true,4194304,33580785,124901,92,5,86,0,48141,49958,50037,flow=41
axis_concur100,cubicref,2,true,4194304,33706282,124436,118,4,111,0,48337,49958,50035,flow=42
axis_concur100,cubicref,2,true,4194304,30433764,137817,95,4,90,0,48870,50008,50048,flow=43
axis_concur100,cubicref,2,true,4194304,32458286,129221,88,3,83,0,48450,49985,50037,flow=44
axis_concur100,cubicref,2,true,4194304,33588690,124872,132,3,124,0,48280,49970,50035,flow=45
axis_concur100,cubicref,2,true,4194304,33607302,124803,99,9,91,0,48517,49970,50035,flow=46
axis_concur100,cubicref,2,true,4194304,31735088,132166,92,2,90,0,48748,50005,50044,flow=47
axis_concur100,cubicref,2,true,4194304,32983443,127163,96,3,91,0,48457,49988,50035,flow=48
axis_concur100,cubicref,2,true,4194304,27085576,154853,174,3,166,0,49040,50032,50054,flow=49
axis_concur100,cubicref,2,true,4194304,31287973,134054,93,2,90,0,48631,49980,50035,flow=50
axis_concur100,cubicref,2,true,4194304,35368489,118588,102,3,97,0,47227,49918,50035,flow=51
axis_concur100,cubicref,2,true,4194304,33427453,125474,101,6,92,0,48609,49984,50035,flow=52
axis_concur100,cubicref,2,true,4194304,32965456,127233,106,4,98,0,48293,49941,50035,flow=53
axis_concur100,cubicref,2,true,4194304,32813751,127821,75,3,72,0,48691,49963,50035,flow=54
axis_concur100,cubicref,2,true,4194304,33080277,126791,101,3,98,0,47931,49979,50035,flow=55
axis_concur100,cubicref,2,true,4194304,30652371,136834,81,3,77,0,48948,49987,50043,flow=56
axis_concur100,cubicref,2,true,4194304,31427488,133459,89,4,83,0,48864,49958,50035,flow=57
axis_concur100,cubicref,2,true,4194304,32186115,130314,99,1,98,0,48724,49951,50040,flow=58
axis_concur100,cubicref,2,true,4194304,29277468,143260,88,4,83,0,48982,49960,50035,flow=59
axis_concur100,cubicref,2,true,4194304,32181457,130332,99,5,91,0,48618,49950,50035,flow=60
axis_concur100,cubicref,2,true,4194304,32069671,130787,93,1,92,0,48620,49937,50042,flow=61
axis_concur100,cubicref,2,true,4194304,31389836,133619,98,4,93,0,48865,49972,50035,flow=62
axis_concur100,cubicref,2,true,4194304,28123629,149138,79,2,77,0,48994,49983,50047,flow=63
axis_concur100,cubicref,2,true,4194304,31123442,134763,82,1,80,0,48862,49988,50044,flow=64
axis_concur100,cubicref,2,true,4194304,29117829,144045,166,4,159,0,48770,50035,50056,flow=65
axis_concur100,cubicref,2,true,4194304,31350780,133786,116,5,108,0,48838,50013,50051,flow=66
axis_concur100,cubicref,2,true,4194304,34737545,120742,106,5,100,0,48163,49918,50035,flow=67
axis_concur100,cubicref,2,true,4194304,29381810,142751,90,2,84,0,48865,49944,50035,flow=68
axis_concur100,cubicref,2,true,4194304,33438870,125431,91,4,87,0,48562,49951,50035,flow=69
axis_concur100,cubicref,2,true,4194304,36044360,116365,89,5,84,0,47857,49918,50035,flow=70
axis_concur100,cubicref,2,true,4194304,33125598,126618,94,2,92,0,48397,49991,50042,flow=71
axis_concur100,cubicref,2,true,4194304,31736236,132161,107,7,100,0,48656,49968,50035,flow=72
axis_concur100,cubicref,2,true,4194304,21932611,191235,262,5,238,0,48547,50035,50062,flow=73
axis_concur100,cubicref,2,true,4194304,29466964,142339,96,5,91,0,48977,49940,50035,flow=74
axis_concur100,cubicref,2,true,4194304,33704296,124444,89,1,88,0,48372,49986,50039,flow=75
axis_concur100,cubicref,2,true,4194304,28676549,146262,140,5,131,0,48982,50035,50057,flow=76
axis_concur100,cubicref,2,true,4194304,32001950,131064,94,3,91,0,48604,49956,50035,flow=77
axis_concur100,cubicref,2,true,4194304,32674063,128367,76,1,74,0,48313,49955,50035,flow=78
axis_concur100,cubicref,2,true,4194304,35389261,118519,85,2,84,0,48103,49918,50035,flow=79
axis_concur100,cubicref,2,true,4194304,31886281,131539,86,3,83,0,48748,49957,50037,flow=80
axis_concur100,cubicref,2,true,4194304,30149264,139117,92,6,86,0,48951,49983,50039,flow=81
axis_concur100,cubicref,2,true,4194304,33446353,125403,97,2,94,0,48163,49918,50035,flow=82
axis_concur100,cubicref,2,true,4194304,30556124,137265,89,2,82,0,48784,49954,50039,flow=83
axis_concur100,cubicref,2,true,4194304,31617101,132659,90,5,85,0,48834,49978,50035,flow=84
axis_concur100,cubicref,2,true,4194304,31681524,132389,107,4,99,0,48730,49950,50035,flow=85
axis_concur100,cubicref,2,true,4194304,5701804,735609,2782,8,2234,0,50002,50071,50075,flow=86
axis_concur100,cubicref,2,true,4194304,35267981,118926,90,4,84,0,47812,49918,50035,flow=87
axis_concur100,cubicref,2,true,4194304,34643952,121068,88,0,88,0,48046,49918,50035,flow=88
axis_concur100,cubicref,2,true,4194304,33059300,126872,128,3,122,0,48141,49991,50046,flow=89
axis_concur100,cubicref,2,true,4194304,32248198,130063,128,3,120,0,48517,49951,50036,flow=90
axis_concur100,cubicref,2,true,4194304,27750794,151141,137,5,124,0,49045,50022,50053,flow=91
axis_concur100,cubicref,2,true,4194304,35950143,116670,149,7,137,0,48046,50000,50050,flow=92
axis_concur100,cubicref,2,true,4194304,33086998,126765,114,4,107,0,48322,49996,50036,flow=93
axis_concur100,cubicref,2,true,4194304,36456704,115048,156,5,146,0,48163,49975,50041,flow=94
axis_concur100,cubicref,2,true,4194304,34690796,120905,97,2,95,0,47578,49918,50035,flow=95
axis_concur100,cubicref,2,true,4194304,35136285,119372,98,2,94,0,47695,49940,50035,flow=96
axis_concur100,cubicref,2,true,4194304,32845583,127697,73,3,70,0,48514,49947,50035,flow=97
axis_concur100,cubicref,2,true,4194304,31871327,131601,76,1,75,0,48781,49935,50035,flow=98
axis_concur100,cubicref,2,true,4194304,32096091,130679,81,2,77,0,48574,49975,50035,flow=99
axis_concur100,cubicref,2,fairness_min=115048,fairness_max=735609,fairness_ratio=0.156
axis_concur100,newrenoref,0,true,4194304,28185934,148808,40,1,39,0,40631,49384,49956,flow=0
axis_concur100,newrenoref,0,true,4194304,34544071,121418,52,4,49,0,34850,48748,49918,flow=1
axis_concur100,newrenoref,0,true,4194304,31010803,135252,46,0,46,0,39730,48631,49801,flow=2
axis_concur100,newrenoref,0,true,4194304,30811427,136128,51,4,49,0,39548,49196,49918,flow=3
axis_concur100,newrenoref,0,true,4194304,35018846,119772,57,4,54,0,38586,48678,49801,flow=4
axis_concur100,newrenoref,0,true,4194304,29017182,144545,39,2,37,0,41265,48849,49918,flow=5
axis_concur100,newrenoref,0,true,4194304,23310391,179932,32,0,32,0,41509,49148,49918,flow=6
axis_concur100,newrenoref,0,true,4194304,34180105,122711,50,2,48,0,38785,48865,49880,flow=7
axis_concur100,newrenoref,0,true,4194304,30191832,138921,51,7,46,0,41377,49092,49801,flow=8
axis_concur100,newrenoref,0,true,4194304,31636984,132575,47,0,47,0,39755,48631,49801,flow=9
axis_concur100,newrenoref,0,true,4194304,30129281,139210,46,4,41,0,40576,49254,49936,flow=10
axis_concur100,newrenoref,0,true,4194304,31908513,131447,45,2,43,0,38569,48748,49860,flow=11
axis_concur100,newrenoref,0,true,4194304,31615422,132666,45,2,43,0,40207,49046,49906,flow=12
axis_concur100,newrenoref,0,true,4194304,34535736,121448,49,3,47,0,39388,48514,49684,flow=13
axis_concur100,newrenoref,0,true,4194304,33465461,125332,47,1,46,0,39739,48982,49887,flow=14
axis_concur100,newrenoref,0,true,4194304,34641405,121077,55,4,53,0,34616,48995,49804,flow=15
axis_concur100,newrenoref,0,true,4194304,29401841,142654,50,5,47,0,40558,48693,49706,flow=16
axis_concur100,newrenoref,0,true,4194304,32937154,127342,49,4,46,0,36346,48514,49801,flow=17
axis_concur100,newrenoref,0,true,4194304,34016362,123302,48,3,47,0,39683,48726,49801,flow=18
axis_concur100,newrenoref,0,true,4194304,25315354,165682,35,2,34,0,41962,49215,49918,flow=19
axis_concur100,newrenoref,0,true,4194304,35840550,117026,53,3,51,0,38656,48865,49804,flow=20
axis_concur100,newrenoref,0,true,4194304,30855280,135934,43,0,43,0,40171,48748,49801,flow=21
axis_concur100,newrenoref,0,true,4194304,33588957,124871,51,2,49,0,39828,49154,49906,flow=22
axis_concur100,newrenoref,0,true,4194304,29077086,144247,30,2,29,0,40324,48865,49801,flow=23
axis_concur100,newrenoref,0,true,4194304,35647185,117661,54,3,52,0,39456,48982,49918,flow=24
axis_concur100,newrenoref,0,true,4194304,33976974,123445,53,5,50,0,39977,49106,49918,flow=25
axis_concur100,newrenoref,0,true,4194304,28754795,145864,41,1,40,0,41962,49359,49918,flow=26
axis_concur100,newrenoref,0,true,4194304,32828958,127762,48,3,45,0,40558,49070,49801,flow=27
axis_concur100,newrenoref,0,true,4194304,36336796,115428,52,6,48,0,34875,47866,49684,flow=28
axis_concur100,newrenoref,0,true,4194304,31525327,133045,51,4,49,0,39045,48950,49835,flow=29
axis_concur100,newrenoref,0,true,4194304,31997805,131080,43,2,42,0,41002,49099,49906,flow=30
axis_concur100,newrenoref,0,true,4194304,33477941,125285,37,3,35,0,39623,49099,49801,flow=31
axis_concur100,newrenoref,0,true,4194304,30884369,135806,41,2,39,0,39973,48631,49898,flow=32
axis_concur100,newrenoref,0,true,4194304,28372037,147832,38,1,37,0,40792,49127,49838,flow=33
axis_concur100,newrenoref,0,true,4194304,30863799,135897,38,1,37,0,38884,48848,49801,flow=34
axis_concur100,newrenoref,0,true,4194304,32845548,127697,42,4,40,0,39271,49007,49918,flow=35
axis_concur100,newrenoref,0,true,4194304,29169801,143789,34,3,32,0,40990,49080,49776,flow=36
axis_concur100,newrenoref,0,true,4194304,30167518,139033,36,2,34,0,39089,48881,49862,flow=37
axis_concur100,newrenoref,0,true,4194304,22568750,185845,28,1,27,0,41676,49326,49902,flow=38
axis_concur100,newrenoref,0,true,4194304,27545615,152267,48,5,44,0,41677,48945,49918,flow=39
axis_concur100,newrenoref,0,true,4194304,30551965,137284,35,0,35,0,40185,49099,49801,flow=40
axis_concur100,newrenoref,0,true,4194304,33389053,125619,47,1,47,0,39873,48982,49801,flow=41
axis_concur100,newrenoref,0,true,4194304,28458712,147382,34,1,33,0,41026,49145,49814,flow=42
axis_concur100,newrenoref,0,true,4194304,29191424,143682,39,2,35,0,40927,48750,49803,flow=43
axis_concur100,newrenoref,0,true,4194304,30925297,135626,39,3,36,0,40903,48865,49764,flow=44
axis_concur100,newrenoref,0,true,4194304,24892677,168495,36,1,36,0,41839,49211,49834,flow=45
axis_concur100,newrenoref,0,true,4194304,32474419,129157,47,4,44,0,38781,49046,49918,flow=46
axis_concur100,newrenoref,0,true,4194304,30996528,135315,38,4,35,0,40441,48631,49668,flow=47
axis_concur100,newrenoref,0,true,4194304,33158449,126492,44,0,44,0,39271,48982,49766,flow=48
axis_concur100,newrenoref,0,true,4194304,35720386,117420,45,0,45,0,38686,48939,49801,flow=49
axis_concur100,newrenoref,0,true,4194304,29458798,142378,40,3,38,0,40250,48982,49844,flow=50
axis_concur100,newrenoref,0,true,4194304,33543057,125042,45,1,45,0,39015,48869,49849,flow=51
axis_concur100,newrenoref,0,true,4194304,38179197,109858,55,3,52,0,36112,47719,49661,flow=52
axis_concur100,newrenoref,0,true,4194304,29145816,143907,32,2,30,0,40441,49241,49821,flow=53
axis_concur100,newrenoref,0,true,4194304,41041637,102196,67,7,61,0,35334,48272,49637,flow=54
axis_concur100,newrenoref,0,true,4194304,30280686,138514,44,2,42,0,40536,48982,49801,flow=55
axis_concur100,newrenoref,0,true,4194304,32758223,128038,45,3,44,0,38068,48590,49801,flow=56
axis_concur100,newrenoref,0,true,4194304,31782268,131969,31,1,30,0,39538,49216,49884,flow=57
axis_concur100,newrenoref,0,true,4194304,34461704,121709,51,5,47,0,39013,49273,49801,flow=58
axis_concur100,newrenoref,0,true,4194304,30016047,139735,34,1,34,0,40324,49049,49801,flow=59
axis_concur100,newrenoref,0,true,4194304,31679607,132397,42,2,40,0,40891,49186,49801,flow=60
axis_concur100,newrenoref,0,true,4194304,32421002,129369,43,2,41,0,39250,48977,49699,flow=61
axis_concur100,newrenoref,0,true,4194304,27321370,153517,35,2,33,0,41462,48982,49755,flow=62
axis_concur100,newrenoref,0,true,4194304,24985319,167870,34,0,34,0,41845,48982,49829,flow=63
axis_concur100,newrenoref,0,true,4194304,32152947,130448,40,1,39,0,39866,48982,49801,flow=64
axis_concur100,newrenoref,0,true,4194304,35676162,117566,51,5,47,0,36713,48079,49729,flow=65
axis_concur100,newrenoref,0,true,4194304,29086307,144202,38,3,35,0,40607,48741,49738,flow=66
axis_concur100,newrenoref,0,true,4194304,33351297,125761,43,3,40,0,40299,48982,49801,flow=67
axis_concur100,newrenoref,0,true,4194304,32419731,129375,50,4,49,0,39967,49101,49835,flow=68
axis_concur100,newrenoref,0,true,4194304,27538968,152304,36,1,35,0,41648,49125,49840,flow=69
axis_concur100,newrenoref,0,true,4194304,32872094,127594,48,3,45,0,39095,48982,49779,flow=70
axis_concur100,newrenoref,0,true,4194304,27272018,153795,33,0,33,0,41537,49267,49900,flow=71
axis_concur100,newrenoref,0,true,4194304,28592655,146691,46,3,43,0,40813,49025,49827,flow=72
axis_concur100,newrenoref,0,true,4194304,26775492,156647,34,2,32,0,42046,49215,49801,flow=73
axis_concur100,newrenoref,0,true,4194304,32732000,128140,45,3,42,0,38557,48748,49717,flow=74
axis_concur100,newrenoref,0,true,4194304,34224714,122551,49,5,47,0,39273,48631,49700,flow=75
axis_concur100,newrenoref,0,true,4194304,31992328,131103,41,3,38,0,39047,48484,49801,flow=76
axis_concur100,newrenoref,0,true,4194304,35531934,118043,51,2,50,0,37340,48949,49801,flow=77
axis_concur100,newrenoref,0,true,4194304,31418643,133497,38,1,37,0,40090,48891,49689,flow=78
axis_concur100,newrenoref,0,true,4194304,32495382,129073,42,2,41,0,40547,48950,49801,flow=79
axis_concur100,newrenoref,0,true,4194304,39468201,106270,63,7,57,0,34474,48407,49684,flow=80
axis_concur100,newrenoref,0,true,4194304,35213782,119109,44,3,42,0,38335,48898,49777,flow=81
axis_concur100,newrenoref,0,true,4194304,34683574,120930,49,1,47,0,39037,48837,49725,flow=82
axis_concur100,newrenoref,0,true,4194304,32591536,128693,53,3,50,0,38523,48468,49684,flow=83
axis_concur100,newrenoref,0,true,4194304,29370156,142808,41,1,41,0,40675,49069,49801,flow=84
axis_concur100,newrenoref,0,true,4194304,37614167,111508,44,1,43,0,36529,48631,49682,flow=85
axis_concur100,newrenoref,0,true,4194304,36764056,114087,53,7,48,0,36726,48722,49684,flow=86
axis_concur100,newrenoref,0,true,4194304,30717030,136546,38,2,36,0,38898,48982,49801,flow=87
axis_concur100,newrenoref,0,true,4194304,30381050,138056,33,3,30,0,40419,49036,49801,flow=88
axis_concur100,newrenoref,0,true,4194304,36511458,114876,54,7,49,0,36256,48354,49684,flow=89
axis_concur100,newrenoref,0,true,4194304,33701183,124455,43,3,42,0,39710,48842,49801,flow=90
axis_concur100,newrenoref,0,true,4194304,30998846,135305,40,0,40,0,39645,48748,49801,flow=91
axis_concur100,newrenoref,0,true,4194304,29263708,143327,38,1,37,0,41143,49254,49876,flow=92
axis_concur100,newrenoref,0,true,4194304,38122108,110022,54,7,50,0,37048,48591,49567,flow=93
axis_concur100,newrenoref,0,true,4194304,30278368,138524,34,0,34,0,40086,49216,49801,flow=94
axis_concur100,newrenoref,0,true,4194304,35660802,117616,43,3,41,0,37331,48397,49684,flow=95
axis_concur100,newrenoref,0,true,4194304,28229085,148580,33,2,31,0,41016,49081,49776,flow=96
axis_concur100,newrenoref,0,true,4194304,33988477,123403,42,2,41,0,39780,48975,49801,flow=97
axis_concur100,newrenoref,0,true,4194304,32875641,127580,43,3,41,0,38686,49099,49823,flow=98
axis_concur100,newrenoref,0,true,4194304,30220943,138787,34,1,33,0,41143,49099,49811,flow=99
axis_concur100,newrenoref,0,fairness_min=102196,fairness_max=185845,fairness_ratio=0.550
axis_concur100,newrenoref,1,true,4194304,38204102,109786,60,4,58,0,31020,47344,49757,flow=0
axis_concur100,newrenoref,1,true,4194304,35250718,118984,55,4,52,0,38808,48631,49918,flow=1
axis_concur100,newrenoref,1,true,4194304,30938374,135569,52,1,51,0,38779,48933,49868,flow=2
axis_concur100,newrenoref,1,true,4194304,30907508,135705,60,5,56,0,38188,48828,49922,flow=3
axis_concur100,newrenoref,1,true,4194304,40055533,104712,66,6,64,0,30716,47578,49801,flow=4
axis_concur100,newrenoref,1,true,4194304,26602590,157665,41,0,41,0,41024,49115,49946,flow=5
axis_concur100,newrenoref,1,true,4194304,33219274,126261,41,2,39,0,36100,48207,49782,flow=6
axis_concur100,newrenoref,1,true,4194304,33471457,125309,49,4,47,0,37750,48982,49918,flow=7
axis_concur100,newrenoref,1,true,4194304,29465206,142347,45,1,45,0,38803,48982,49912,flow=8
axis_concur100,newrenoref,1,true,4194304,29838860,140565,49,3,47,0,39871,48695,49823,flow=9
axis_concur100,newrenoref,1,true,4194304,29070163,144282,33,1,32,0,39813,47929,49684,flow=10
axis_concur100,newrenoref,1,true,4194304,33325569,125858,45,2,45,0,34249,48480,49801,flow=11
axis_concur100,newrenoref,1,true,4194304,35254558,118971,55,4,52,0,35920,48325,49801,flow=12
axis_concur100,newrenoref,1,true,4194304,28362328,147882,46,2,44,0,39075,49017,49897,flow=13
axis_concur100,newrenoref,1,true,4194304,32448558,129260,52,4,48,0,38698,48866,49918,flow=14
axis_concur100,newrenoref,1,true,4194304,33526358,125104,51,5,47,0,35878,48881,49918,flow=15
axis_concur100,newrenoref,1,true,4194304,34604251,121207,46,2,44,0,36346,48757,49918,flow=16
axis_concur100,newrenoref,1,true,4194304,35376705,118561,55,2,54,0,37437,48280,49918,flow=17
axis_concur100,newrenoref,1,true,4194304,29018003,144541,42,2,41,0,39451,49055,49873,flow=18
axis_concur100,newrenoref,1,true,4194304,26650282,157383,40,1,40,0,40909,49068,49852,flow=19
axis_concur100,newrenoref,1,true,4194304,31723133,132215,44,1,43,0,35987,49029,49908,flow=20
axis_concur100,newrenoref,1,true,4194304,30861783,135906,41,2,40,0,38669,49099,49918,flow=21
axis_concur100,newrenoref,1,true,4194304,29963772,139979,48,1,48,0,39914,48514,49693,flow=22
axis_concur100,newrenoref,1,true,4194304,30118168,139261,43,1,43,0,39091,48982,49876,flow=23
axis_concur100,newrenoref,1,true,4194304,32324171,129757,37,1,37,0,38906,48642,49889,flow=24
axis_concur100,newrenoref,1,true,4194304,29367884,142819,39,1,38,0,39354,49004,49867,flow=25
axis_concur100,newrenoref,1,true,4194304,33329425,125843,48,5,44,0,37618,48397,49801,flow=26
axis_concur100,newrenoref,1,true,4194304,33722672,124376,37,5,34,0,35519,48280,49684,flow=27
axis_concur100,newrenoref,1,true,4194304,30214766,138816,32,1,31,0,38786,48865,49706,flow=28
axis_concur100,newrenoref,1,true,4194304,26948588,155640,28,1,27,0,40647,48982,49801,flow=29
axis_concur100,newrenoref,1,true,4194304,28480571,147268,31,2,30,0,40344,48865,49801,flow=30
axis_concur100,newrenoref,1,true,4194304,34155142,122801,49,3,47,0,32719,48163,49684,flow=31
axis_concur100,newrenoref,1,true,4194304,26603972,157657,39,0,39,0,41201,49119,49918,flow=32
axis_concur100,newrenoref,1,true,4194304,35280181,118885,40,0,40,0,36112,48933,49909,flow=33
axis_concur100,newrenoref,1,true,4194304,24905147,168411,26,1,25,0,41294,48865,49801,flow=34
axis_concur100,newrenoref,1,true,4194304,32782471,127943,39,1,38,0,39951,48748,49733,flow=35
axis_concur100,newrenoref,1,true,4194304,31013931,135239,43,2,41,0,39306,48631,49864,flow=36
axis_concur100,newrenoref,1,true,4194304,25878543,162076,31,0,31,0,40976,49099,49918,flow=37
axis_concur100,newrenoref,1,true,4194304,32711628,128220,38,2,37,0,40088,48757,49918,flow=38
axis_concur100,newrenoref,1,true,4194304,35472800,118240,37,4,36,0,28507,48977,49801,flow=39
axis_concur100,newrenoref,1,true,4194304,34561159,121358,42,4,41,0,38686,48866,49801,flow=40
axis_concur100,newrenoref,1,true,4194304,33262212,126098,48,5,44,0,39388,48979,49878,flow=41
axis_concur100,newrenoref,1,true,4194304,32533301,128923,38,4,36,0,39823,48289,49684,flow=42
axis_concur100,newrenoref,1,true,4194304,29603712,141681,38,1,38,0,39622,48672,49750,flow=43
axis_concur100,newrenoref,1,true,4194304,26651664,157374,40,2,38,0,40673,48763,49801,flow=44
axis_concur100,newrenoref,1,true,4194304,29860366,140463,43,0,43,0,40441,49051,49824,flow=45
axis_concur100,newrenoref,1,true,4194304,35334922,118701,50,5,45,0,35870,48286,49801,flow=46
axis_concur100,newrenoref,1,true,4194304,31966455,131209,48,1,47,0,39797,48865,49801,flow=47
axis_concur100,newrenoref,1,true,4194304,36430356,115132,50,2,48,0,31995,48280,49711,flow=48
axis_concur100,newrenoref,1,true,4194304,32982288,127168,44,1,43,0,34547,48865,49810,flow=49
axis_concur100,newrenoref,1,true,4194304,37217374,112697,50,5,49,0,27900,48027,49801,flow=50
axis_concur100,newrenoref,1,true,4194304,30830822,136042,41,1,40,0,40629,48748,49801,flow=51
axis_concur100,newrenoref,1,true,4194304,35293924,118839,49,3,47,0,35009,48757,49715,flow=52
axis_concur100,newrenoref,1,true,4194304,33618222,124762,41,0,41,0,37675,48595,49680,flow=53
axis_concur100,newrenoref,1,true,4194304,30852328,135947,41,3,40,0,39616,48858,49801,flow=54
axis_concur100,newrenoref,1,true,4194304,35147493,119334,50,2,49,0,38115,48508,49801,flow=55
axis_concur100,newrenoref,1,true,4194304,27657798,151649,36,1,35,0,39537,48982,49823,flow=56
axis_concur100,newrenoref,1,true,4194304,26162948,160314,34,0,34,0,40526,48936,49802,flow=57
axis_concur100,newrenoref,1,true,4194304,29147010,143901,35,1,34,0,39154,48280,49684,flow=58
axis_concur100,newrenoref,1,true,4194304,31623041,132634,43,1,42,0,39268,48982,49801,flow=59
axis_concur100,newrenoref,1,true,4194304,36110271,116152,46,2,44,0,35683,48982,49801,flow=60
axis_concur100,newrenoref,1,true,4194304,34520105,121503,37,3,34,0,39271,48817,49722,flow=61
axis_concur100,newrenoref,1,true,4194304,34153933,122805,47,2,43,0,35527,48348,49801,flow=62
axis_concur100,newrenoref,1,true,4194304,31711221,132265,32,0,32,0,39622,48397,49778,flow=63
axis_concur100,newrenoref,1,true,4194304,31216394,134362,41,2,40,0,38414,48865,49834,flow=64
axis_concur100,newrenoref,1,true,4194304,30108362,139306,38,1,37,0,37287,48742,49801,flow=65
axis_concur100,newrenoref,1,true,4194304,32379294,129536,42,2,42,0,37165,48748,49918,flow=66
axis_concur100,newrenoref,1,true,4194304,35299590,118820,48,3,45,0,35783,48970,49898,flow=67
axis_concur100,newrenoref,1,true,4194304,32850669,127677,49,4,45,0,36743,48280,49801,flow=68
axis_concur100,newrenoref,1,true,4194304,33829177,123984,46,3,44,0,37587,48528,49684,flow=69
axis_concur100,newrenoref,1,true,4194304,32450870,129250,45,2,44,0,39300,48514,49684,flow=70
axis_concur100,newrenoref,1,true,4194304,28625256,146524,28,0,28,0,39856,48469,49610,flow=71
axis_concur100,newrenoref,1,true,4194304,33587030,124878,41,2,39,0,37202,48046,49754,flow=72
axis_concur100,newrenoref,1,true,4194304,30637231,136902,42,2,41,0,40941,48865,49820,flow=73
axis_concur100,newrenoref,1,true,4194304,27106399,154734,36,1,35,0,40838,49099,49918,flow=74
axis_concur100,newrenoref,1,true,4194304,32386463,129507,44,3,43,0,34708,48046,49801,flow=75
axis_concur100,newrenoref,1,true,4194304,36832969,113873,48,4,45,0,36346,48514,49684,flow=76
axis_concur100,newrenoref,1,true,4194304,31565937,132874,43,3,40,0,38596,48975,49846,flow=77
axis_concur100,newrenoref,1,true,4194304,35518589,118087,44,2,42,0,35293,48602,49753,flow=78
axis_concur100,newrenoref,1,true,4194304,30181794,138968,40,4,38,0,38890,48091,49684,flow=79
axis_concur100,newrenoref,1,true,4194304,30992640,135332,40,2,38,0,37516,48865,49871,flow=80
axis_concur100,newrenoref,1,true,4194304,28667493,146308,36,0,36,0,40090,48834,49795,flow=81
axis_concur100,newrenoref,1,true,4194304,33390785,125612,45,2,43,0,33492,48595,49801,flow=82
axis_concur100,newrenoref,1,true,4194304,32355680,129631,42,2,42,0,37750,47771,49684,flow=83
axis_concur100,newrenoref,1,true,4194304,31099628,134866,41,3,40,0,38534,48813,49801,flow=84
axis_concur100,newrenoref,1,true,4194304,25093261,167148,36,0,36,0,41100,48727,49721,flow=85
axis_concur100,newrenoref,1,true,4194304,31987522,131123,39,2,38,0,40251,49056,49827,flow=86
axis_concur100,newrenoref,1,true,4194304,33145624,126541,39,0,39,0,39154,48948,49804,flow=87
axis_concur100,newrenoref,1,true,4194304,27950627,150061,31,0,31,0,40288,48982,49865,flow=88
axis_concur100,newrenoref,1,true,4194304,28423263,147565,32,1,32,0,40207,49061,49869,flow=89
axis_concur100,newrenoref,1,true,4194304,35802700,117150,46,5,44,0,37048,48311,49732,flow=90
axis_concur100,newrenoref,1,true,4194304,31201161,134427,38,3,36,0,40558,48891,49845,flow=91
axis_concur100,newrenoref,1,true,4194304,33950301,123542,41,3,38,0,38165,48392,49567,flow=92
axis_concur100,newrenoref,1,true,4194304,31982538,131143,37,1,36,0,40007,48779,49690,flow=93
axis_concur100,newrenoref,1,true,4194304,34199860,122640,47,0,47,0,34769,48514,49777,flow=94
axis_concur100,newrenoref,1,true,4194304,31787110,131949,41,2,39,0,37750,48052,49684,flow=95
axis_concur100,newrenoref,1,true,4194304,32200063,130257,40,2,39,0,37401,48397,49772,flow=96
axis_concur100,newrenoref,1,true,4194304,35386280,118529,39,1,38,0,35544,48947,49883,flow=97
axis_concur100,newrenoref,1,true,4194304,35019612,119770,45,2,43,0,37219,48906,49783,flow=98
axis_concur100,newrenoref,1,true,4194304,26276065,159624,24,0,24,0,40564,49217,49918,flow=99
axis_concur100,newrenoref,1,fairness_min=104712,fairness_max=168411,fairness_ratio=0.622
axis_concur100,newrenoref,2,true,4194304,29277083,143262,48,2,46,0,39917,49216,49986,flow=0
axis_concur100,newrenoref,2,true,4194304,29389147,142716,38,3,37,0,38810,48748,49721,flow=1
axis_concur100,newrenoref,2,true,4194304,31345081,133810,42,1,41,0,38430,48771,49918,flow=2
axis_concur100,newrenoref,2,true,4194304,34122038,122920,40,1,40,0,37350,48982,49801,flow=3
axis_concur100,newrenoref,2,true,4194304,33094173,126738,52,2,50,0,36400,48748,49799,flow=4
axis_concur100,newrenoref,2,true,4194304,33303002,125943,61,4,57,0,36400,48367,49801,flow=5
axis_concur100,newrenoref,2,true,4194304,36669860,114380,51,1,50,0,36814,48832,49813,flow=6
axis_concur100,newrenoref,2,true,4194304,29898770,140283,41,0,41,0,38920,49142,49919,flow=7
axis_concur100,newrenoref,2,true,4194304,32099941,130663,50,3,47,0,36590,48163,49727,flow=8
axis_concur100,newrenoref,2,true,4194304,37992319,110398,66,8,61,0,28507,47762,49684,flow=9
axis_concur100,newrenoref,2,true,4194304,34544521,121417,57,1,56,0,37241,49276,49911,flow=10
axis_concur100,newrenoref,2,true,4194304,31386802,133632,45,3,43,0,38247,49216,49918,flow=11
axis_concur100,newrenoref,2,true,4194304,36703576,114275,49,3,46,0,37516,49300,49930,flow=12
axis_concur100,newrenoref,2,true,4194304,28545987,146931,44,0,44,0,39638,49014,49811,flow=13
axis_concur100,newrenoref,2,true,4194304,35551178,117979,54,2,53,0,32282,48827,49902,flow=14
axis_concur100,newrenoref,2,true,4194304,29273361,143280,39,0,39,0,39238,49027,49909,flow=15
axis_concur100,newrenoref,2,true,4194304,23625509,177532,34,1,33,0,42079,49389,49840,flow=16
axis_concur100,newrenoref,2,true,4194304,33068631,126836,42,4,38,0,32351,48717,49684,flow=17
axis_concur100,newrenoref,2,true,4194304,36112473,116145,61,5,54,0,34357,48631,49912,flow=18
axis_concur100,newrenoref,2,true,4194304,35616057,117764,55,4,52,0,37048,48885,49906,flow=19
axis_concur100,newrenoref,2,true,4194304,31141004,134687,45,1,44,0,38452,49254,49856,flow=20
axis_concur100,newrenoref,2,true,4194304,24860634,168712,41,0,41,0,40324,49341,49918,flow=21
axis_concur100,newrenoref,2,true,4194304,32052771,130856,47,3,44,0,37988,48998,49862,flow=22
axis_concur100,newrenoref,2,true,4194304,33495776,125218,41,2,39,0,35644,48532,49747,flow=23
axis_concur100,newrenoref,2,true,4194304,25789475,162636,38,2,37,0,40056,49216,49918,flow=24
axis_concur100,newrenoref,2,true,4194304,36240748,115734,47,4,43,0,35995,48679,49732,flow=25
axis_concur100,newrenoref,2,true,4194304,32354340,129636,33,4,29,0,38101,48987,49747,flow=26
axis_concur100,newrenoref,2,true,4194304,32176647,130352,48,1,47,0,37630,48982,49811,flow=27
axis_concur100,newrenoref,2,true,4194304,33154425,126508,50,3,48,0,37399,49099,49899,flow=28
axis_concur100,newrenoref,2,true,4194304,26988827,155408,33,1,32,0,40482,49024,49857,flow=29
axis_concur100,newrenoref,2,true,4194304,34552386,121389,56,5,51,0,38315,49096,49821,flow=30
axis_concur100,newrenoref,2,true,4194304,30234781,138724,36,0,36,0,38337,48748,49801,flow=31
axis_concur100,newrenoref,2,true,4194304,37956270,110503,54,1,53,0,32439,48753,49870,flow=32
axis_concur100,newrenoref,2,true,4194304,28779687,145738,35,0,35,0,38675,49219,49949,flow=33
axis_concur100,newrenoref,2,true,4194304,31390399,133617,41,2,40,0,38786,48982,49918,flow=34
axis_concur100,newrenoref,2,true,4194304,27298153,153647,43,2,42,0,40129,49048,49864,flow=35
axis_concur100,newrenoref,2,true,4194304,28600487,146651,47,1,47,0,40558,49005,49844,flow=36
axis_concur100,newrenoref,2,true,4194304,28071596,149414,44,1,43,0,39518,49099,49918,flow=37
axis_concur100,newrenoref,2,true,4194304,37297343,112455,50,2,50,0,24184,48685,49823,flow=38
axis_concur100,newrenoref,2,true,4194304,30845901,135976,40,2,39,0,37952,48752,49848,flow=39
axis_concur100,newrenoref,2,true,4194304,30343452,138227,51,6,46,0,38218,48631,49801,flow=40
axis_concur100,newrenoref,2,true,4194304,26272363,159647,35,2,31,0,40090,49216,49961,flow=41
axis_concur100,newrenoref,2,true,4194304,31348101,133797,41,1,40,0,35717,48631,49801,flow=42
axis_concur100,newrenoref,2,true,4194304,33250235,126143,48,3,47,0,35761,48899,49836,flow=43
axis_concur100,newrenoref,2,true,4194304,23797711,176248,34,2,33,0,40067,49326,49918,flow=44
axis_concur100,newrenoref,2,true,4194304,30879202,135829,40,2,39,0,37249,48637,49801,flow=45
axis_concur100,newrenoref,2,true,4194304,37363198,112257,55,2,54,0,20153,48188,49763,flow=46
axis_concur100,newrenoref,2,true,4194304,31809969,131855,43,1,42,0,38583,48963,49908,flow=47
axis_concur100,newrenoref,2,true,4194304,28835123,145458,43,1,43,0,39706,48970,49912,flow=48
axis_concur100,newrenoref,2,true,4194304,31206502,134404,40,1,40,0,37984,48748,49867,flow=49
axis_concur100,newrenoref,2,true,4194304,33122058,126631,46,3,44,0,36806,48932,49894,flow=50
axis_concur100,newrenoref,2,true,4194304,35333474,118706,53,4,50,0,34542,48280,49801,flow=51
axis_concur100,newrenoref,2,true,4194304,33167097,126459,42,4,40,0,39468,49216,49808,flow=52
axis_concur100,newrenoref,2,true,4194304,37193464,112769,50,2,48,0,35972,49009,49838,flow=53
axis_concur100,newrenoref,2,true,4194304,26070816,160881,22,0,22,0,40841,49142,49891,flow=54
axis_concur100,newrenoref,2,true,4194304,30352088,138188,39,1,38,0,37750,49027,49801,flow=55
axis_concur100,newrenoref,2,true,4194304,33066746,126843,43,1,42,0,37130,48748,49801,flow=56
axis_concur100,newrenoref,2,true,4194304,29158138,143846,38,3,37,0,39573,49216,49918,flow=57
axis_concur100,newrenoref,2,true,4194304,29434521,142496,36,2,35,0,39745,48691,49799,flow=58
axis_concur100,newrenoref,2,true,4194304,28035933,149604,29,2,28,0,40216,48865,49684,flow=59
axis_concur100,newrenoref,2,true,4194304,31010805,135252,43,2,41,0,39271,48982,49848,flow=60
axis_concur100,newrenoref,2,true,4194304,31395254,133596,48,6,46,0,37786,48566,49684,flow=61
axis_concur100,newrenoref,2,true,4194304,32664509,128405,43,2,41,0,38250,48508,49860,flow=62
axis_concur100,newrenoref,2,true,4194304,31314237,133942,46,1,46,0,38307,49175,49918,flow=63
axis_concur100,newrenoref,2,true,4194304,35375407,118565,42,5,38,0,39084,49120,49838,flow=64
axis_concur100,newrenoref,2,true,4194304,35465090,118265,50,2,47,0,36709,48903,49850,flow=65
axis_concur100,newrenoref,2,true,4194304,34906797,120157,50,3,47,0,33863,48163,49632,flow=66
axis_concur100,newrenoref,2,true,4194304,38706378,108362,57,3,55,0,32033,48163,49706,flow=67
axis_concur100,newrenoref,2,true,4194304,33095581,126733,46,2,44,0,37984,48279,49684,flow=68
axis_concur100,newrenoref,2,true,4194304,31327670,133884,44,3,41,0,37693,48748,49801,flow=69
axis_concur100,newrenoref,2,true,4194304,31783061,131966,31,2,29,0,38238,48748,49727,flow=70
axis_concur100,newrenoref,2,true,4194304,23622957,177552,26,0,26,0,41845,49305,49939,flow=71
axis_concur100,newrenoref,2,true,4194304,33193811,126358,44,2,42,0,39065,49333,49918,flow=72
axis_concur100,newrenoref,2,true,4194304,29551733,141930,39,1,37,0,39271,49020,49871,flow=73
axis_concur100,newrenoref,2,true,4194304,38909458,107796,54,4,50,0,36580,48865,49801,flow=74
axis_concur100,newrenoref,2,true,4194304,33698746,124464,44,4,43,0,36570,48631,49801,flow=75
axis_concur100,newrenoref,2,true,4194304,29628895,141561,37,1,36,0,40090,48748,49918,flow=76
axis_concur100,newrenoref,2,true,4194304,35707566,117462,47,3,45,0,36039,48868,49813,flow=77
axis_concur100,newrenoref,2,true,4194304,32933108,127358,45,4,42,0,37168,48417,49715,flow=78
axis_concur100,newrenoref,2,true,4194304,33042211,126937,39,3,37,0,35829,48763,49846,flow=79
axis_concur100,newrenoref,2,true,4194304,29851641,140504,49,2,48,0,38101,49124,49801,flow=80
axis_concur100,newrenoref,2,true,4194304,32083314,130731,44,4,41,0,39037,49333,49904,flow=81
axis_concur100,newrenoref,2,true,4194304,31379257,133664,37,2,35,0,37440,48646,49684,flow=82
axis_concur100,newrenoref,2,true,4194304,30856058,135931,43,0,43,0,39160,48885,49812,flow=83
axis_concur100,newrenoref,2,true,4194304,33753211,124263,41,1,40,0,38157,48982,49792,flow=84
axis_concur100,newrenoref,2,true,4194304,32523749,128961,42,2,40,0,38921,48748,49801,flow=85
axis_concur100,newrenoref,2,true,4194304,37888077,110702,55,6,52,0,35118,48397,49765,flow=86
axis_concur100,newrenoref,2,true,4194304,31744645,132126,49,1,49,0,39388,49089,49801,flow=87
axis_concur100,newrenoref,2,true,4194304,28080115,149369,37,0,37,0,39608,48913,49801,flow=88
axis_concur100,newrenoref,2,true,4194304,26181359,160201,32,1,31,0,40207,48985,49863,flow=89
axis_concur100,newrenoref,2,true,4194304,28738642,145946,31,0,31,0,39689,49166,49827,flow=90
axis_concur100,newrenoref,2,true,4194304,25828882,162388,31,0,31,0,41104,49210,49918,flow=91
axis_concur100,newrenoref,2,true,4194304,26527284,158112,38,3,35,0,41895,49278,49881,flow=92
axis_concur100,newrenoref,2,true,4194304,35667474,117594,48,2,46,0,34942,48703,49801,flow=93
axis_concur100,newrenoref,2,true,4194304,33252229,126136,43,2,40,0,36885,48701,49809,flow=94
axis_concur100,newrenoref,2,true,4194304,30733698,136472,32,0,32,0,37464,48748,49804,flow=95
axis_concur100,newrenoref,2,true,4194304,31762259,132053,44,4,40,0,37399,48865,49801,flow=96
axis_concur100,newrenoref,2,true,4194304,33094405,126737,44,6,41,0,40729,48908,49770,flow=97
axis_concur100,newrenoref,2,true,4194304,32804608,127857,40,2,38,0,38990,48748,49881,flow=98
axis_concur100,newrenoref,2,true,4194304,31810181,131854,38,1,38,0,38847,49216,49801,flow=99
axis_concur100,newrenoref,2,fairness_min=107796,fairness_max=177552,fairness_ratio=0.607
